domain,tahun,kata_dasar,n,n_total
Statistik Demografi dan Sosial,2015,naik,8,6196
Statistik Demografi dan Sosial,2016,naik,6,6196
Statistik Demografi dan Sosial,2017,naik,7,6196
Statistik Demografi dan Sosial,2018,naik,5,6196
Statistik Demografi dan Sosial,2019,naik,5,6196
Statistik Demografi dan Sosial,2020,naik,10,6196
Statistik Demografi dan Sosial,2021,naik,10,6196
Statistik Demografi dan Sosial,2022,naik,9,6196
Statistik Demografi dan Sosial,2023,naik,12,6196
Statistik Demografi dan Sosial,2024,naik,11,6196
Statistik Demografi dan Sosial,2025,naik,5,6196
Statistik Ekonomi,2015,naik,446,6196
Statistik Ekonomi,2016,naik,554,6196
Statistik Ekonomi,2017,naik,587,6196
Statistik Ekonomi,2018,naik,591,6196
Statistik Ekonomi,2019,naik,512,6196
Statistik Ekonomi,2020,naik,439,6196
Statistik Ekonomi,2021,naik,553,6196
Statistik Ekonomi,2022,naik,723,6196
Statistik Ekonomi,2023,naik,545,6196
Statistik Ekonomi,2024,naik,569,6196
Statistik Ekonomi,2025,naik,509,6196
Statistik Lingkungan Hidup dan Multi-domain,2015,naik,5,6196
Statistik Lingkungan Hidup dan Multi-domain,2016,naik,1,6196
Statistik Lingkungan Hidup dan Multi-domain,2017,naik,3,6196
Statistik Lingkungan Hidup dan Multi-domain,2018,naik,5,6196
Statistik Lingkungan Hidup dan Multi-domain,2019,naik,1,6196
Statistik Lingkungan Hidup dan Multi-domain,2020,naik,7,6196
Statistik Lingkungan Hidup dan Multi-domain,2021,naik,10,6196
Statistik Lingkungan Hidup dan Multi-domain,2022,naik,1,6196
Statistik Lingkungan Hidup dan Multi-domain,2023,naik,5,6196
Statistik Lingkungan Hidup dan Multi-domain,2025,naik,3,6196
Tidak Berkategori,2023,naik,39,6196
Statistik Demografi dan Sosial,2015,turun,1,4066
Statistik Demografi dan Sosial,2016,turun,11,4066
Statistik Demografi dan Sosial,2017,turun,13,4066
Statistik Demografi dan Sosial,2018,turun,8,4066
Statistik Demografi dan Sosial,2019,turun,9,4066
Statistik Demografi dan Sosial,2020,turun,10,4066
Statistik Demografi dan Sosial,2021,turun,9,4066
Statistik Demografi dan Sosial,2022,turun,9,4066
Statistik Demografi dan Sosial,2023,turun,6,4066
Statistik Demografi dan Sosial,2024,turun,8,4066
Statistik Demografi dan Sosial,2025,turun,3,4066
Statistik Ekonomi,2015,turun,418,4066
Statistik Ekonomi,2016,turun,540,4066
Statistik Ekonomi,2017,turun,318,4066
Statistik Ekonomi,2018,turun,290,4066
Statistik Ekonomi,2019,turun,400,4066
Statistik Ekonomi,2020,turun,429,4066
Statistik Ekonomi,2021,turun,304,4066
Statistik Ekonomi,2022,turun,272,4066
Statistik Ekonomi,2023,turun,298,4066
Statistik Ekonomi,2024,turun,300,4066
Statistik Ekonomi,2025,turun,207,4066
Statistik Lingkungan Hidup dan Multi-domain,2015,turun,2,4066
Statistik Lingkungan Hidup dan Multi-domain,2016,turun,18,4066
Statistik Lingkungan Hidup dan Multi-domain,2017,turun,15,4066
Statistik Lingkungan Hidup dan Multi-domain,2018,turun,15,4066
Statistik Lingkungan Hidup dan Multi-domain,2019,turun,24,4066
Statistik Lingkungan Hidup dan Multi-domain,2020,turun,17,4066
Statistik Lingkungan Hidup dan Multi-domain,2021,turun,8,4066
Statistik Lingkungan Hidup dan Multi-domain,2022,turun,23,4066
Statistik Lingkungan Hidup dan Multi-domain,2023,turun,14,4066
Statistik Lingkungan Hidup dan Multi-domain,2024,turun,17,4066
Statistik Lingkungan Hidup dan Multi-domain,2025,turun,27,4066
Tidak Berkategori,2023,turun,23,4066
Statistik Demografi dan Sosial,2015,tingkat,7,2534
Statistik Demografi dan Sosial,2016,tingkat,10,2534
Statistik Demografi dan Sosial,2017,tingkat,15,2534
Statistik Demografi dan Sosial,2018,tingkat,17,2534
Statistik Demografi dan Sosial,2019,tingkat,18,2534
Statistik Demografi dan Sosial,2020,tingkat,17,2534
Statistik Demografi dan Sosial,2021,tingkat,10,2534
Statistik Demografi dan Sosial,2022,tingkat,11,2534
Statistik Demografi dan Sosial,2023,tingkat,8,2534
Statistik Demografi dan Sosial,2024,tingkat,8,2534
Statistik Demografi dan Sosial,2025,tingkat,12,2534
Statistik Ekonomi,2015,tingkat,158,2534
Statistik Ekonomi,2016,tingkat,179,2534
Statistik Ekonomi,2017,tingkat,229,2534
Statistik Ekonomi,2018,tingkat,264,2534
Statistik Ekonomi,2019,tingkat,244,2534
Statistik Ekonomi,2020,tingkat,238,2534
Statistik Ekonomi,2021,tingkat,230,2534
Statistik Ekonomi,2022,tingkat,235,2534
Statistik Ekonomi,2023,tingkat,216,2534
Statistik Ekonomi,2024,tingkat,188,2534
Statistik Ekonomi,2025,tingkat,75,2534
Statistik Lingkungan Hidup dan Multi-domain,2015,tingkat,4,2534
Statistik Lingkungan Hidup dan Multi-domain,2016,tingkat,13,2534
Statistik Lingkungan Hidup dan Multi-domain,2017,tingkat,13,2534
Statistik Lingkungan Hidup dan Multi-domain,2018,tingkat,9,2534
Statistik Lingkungan Hidup dan Multi-domain,2019,tingkat,6,2534
Statistik Lingkungan Hidup dan Multi-domain,2020,tingkat,15,2534
Statistik Lingkungan Hidup dan Multi-domain,2021,tingkat,21,2534
Statistik Lingkungan Hidup dan Multi-domain,2022,tingkat,13,2534
Statistik Lingkungan Hidup dan Multi-domain,2023,tingkat,19,2534
Statistik Lingkungan Hidup dan Multi-domain,2024,tingkat,9,2534
Statistik Lingkungan Hidup dan Multi-domain,2025,tingkat,11,2534
Tidak Berkategori,2016,tingkat,1,2534
Tidak Berkategori,2017,tingkat,1,2534
Tidak Berkategori,2023,tingkat,10,2534
Statistik Ekonomi,2015,harga,112,2385
Statistik Ekonomi,2016,harga,111,2385
Statistik Ekonomi,2017,harga,143,2385
Statistik Ekonomi,2018,harga,244,2385
Statistik Ekonomi,2019,harga,287,2385
Statistik Ekonomi,2020,harga,287,2385
Statistik Ekonomi,2021,harga,277,2385
Statistik Ekonomi,2022,harga,303,2385
Statistik Ekonomi,2023,harga,262,2385
Statistik Ekonomi,2024,harga,205,2385
Statistik Ekonomi,2025,harga,152,2385
Statistik Lingkungan Hidup dan Multi-domain,2016,harga,1,2385
Statistik Lingkungan Hidup dan Multi-domain,2017,harga,1,2385
Statistik Ekonomi,2015,triwulan,170,2117
Statistik Ekonomi,2016,triwulan,242,2117
Statistik Ekonomi,2017,triwulan,245,2117
Statistik Ekonomi,2018,triwulan,222,2117
Statistik Ekonomi,2019,triwulan,221,2117
Statistik Ekonomi,2020,triwulan,172,2117
Statistik Ekonomi,2021,triwulan,149,2117
Statistik Ekonomi,2022,triwulan,152,2117
Statistik Ekonomi,2023,triwulan,152,2117
Statistik Ekonomi,2024,triwulan,155,2117
Statistik Ekonomi,2025,triwulan,234,2117
Tidak Berkategori,2023,triwulan,3,2117
Statistik Ekonomi,2015,ekspor,186,2000
Statistik Ekonomi,2016,ekspor,184,2000
Statistik Ekonomi,2017,ekspor,194,2000
Statistik Ekonomi,2018,ekspor,217,2000
Statistik Ekonomi,2019,ekspor,198,2000
Statistik Ekonomi,2020,ekspor,185,2000
Statistik Ekonomi,2021,ekspor,193,2000
Statistik Ekonomi,2022,ekspor,196,2000
Statistik Ekonomi,2023,ekspor,193,2000
Statistik Ekonomi,2024,ekspor,188,2000
Statistik Ekonomi,2025,ekspor,64,2000
Statistik Lingkungan Hidup dan Multi-domain,2015,ekspor,2,2000
Statistik Demografi dan Sosial,2015,provinsi,4,1801
Statistik Demografi dan Sosial,2016,provinsi,17,1801
Statistik Demografi dan Sosial,2018,provinsi,2,1801
Statistik Demografi dan Sosial,2019,provinsi,2,1801
Statistik Demografi dan Sosial,2020,provinsi,5,1801
Statistik Demografi dan Sosial,2021,provinsi,2,1801
Statistik Ekonomi,2015,provinsi,216,1801
Statistik Ekonomi,2016,provinsi,392,1801
Statistik Ekonomi,2017,provinsi,308,1801
Statistik Ekonomi,2018,provinsi,143,1801
Statistik Ekonomi,2019,provinsi,114,1801
Statistik Ekonomi,2020,provinsi,103,1801
Statistik Ekonomi,2021,provinsi,89,1801
Statistik Ekonomi,2022,provinsi,89,1801
Statistik Ekonomi,2023,provinsi,87,1801
Statistik Ekonomi,2024,provinsi,123,1801
Statistik Ekonomi,2025,provinsi,98,1801
Statistik Lingkungan Hidup dan Multi-domain,2015,provinsi,1,1801
Statistik Lingkungan Hidup dan Multi-domain,2017,provinsi,2,1801
Statistik Lingkungan Hidup dan Multi-domain,2024,provinsi,1,1801
Statistik Lingkungan Hidup dan Multi-domain,2025,provinsi,1,1801
Tidak Berkategori,2023,provinsi,2,1801
Statistik Demografi dan Sosial,2015,kelompok,1,1750
Statistik Demografi dan Sosial,2016,kelompok,1,1750
Statistik Demografi dan Sosial,2017,kelompok,1,1750
Statistik Demografi dan Sosial,2018,kelompok,2,1750
Statistik Demografi dan Sosial,2019,kelompok,1,1750
Statistik Demografi dan Sosial,2020,kelompok,3,1750
Statistik Demografi dan Sosial,2022,kelompok,3,1750
Statistik Demografi dan Sosial,2023,kelompok,6,1750
Statistik Demografi dan Sosial,2024,kelompok,3,1750
Statistik Ekonomi,2015,kelompok,125,1750
Statistik Ekonomi,2016,kelompok,136,1750
Statistik Ekonomi,2017,kelompok,139,1750
Statistik Ekonomi,2018,kelompok,173,1750
Statistik Ekonomi,2019,kelompok,161,1750
Statistik Ekonomi,2020,kelompok,189,1750
Statistik Ekonomi,2021,kelompok,177,1750
Statistik Ekonomi,2022,kelompok,173,1750
Statistik Ekonomi,2023,kelompok,169,1750
Statistik Ekonomi,2024,kelompok,172,1750
Statistik Ekonomi,2025,kelompok,92,1750
Statistik Lingkungan Hidup dan Multi-domain,2016,kelompok,5,1750
Statistik Lingkungan Hidup dan Multi-domain,2017,kelompok,2,1750
Statistik Lingkungan Hidup dan Multi-domain,2018,kelompok,2,1750
Statistik Lingkungan Hidup dan Multi-domain,2019,kelompok,2,1750
Statistik Lingkungan Hidup dan Multi-domain,2020,kelompok,2,1750
Statistik Lingkungan Hidup dan Multi-domain,2021,kelompok,2,1750
Statistik Lingkungan Hidup dan Multi-domain,2022,kelompok,2,1750
Statistik Lingkungan Hidup dan Multi-domain,2023,kelompok,2,1750
Statistik Lingkungan Hidup dan Multi-domain,2024,kelompok,1,1750
Statistik Lingkungan Hidup dan Multi-domain,2025,kelompok,2,1750
Tidak Berkategori,2017,kelompok,1,1750
Statistik Demografi dan Sosial,2015,indonesia,7,1652
Statistik Demografi dan Sosial,2016,indonesia,8,1652
Statistik Demografi dan Sosial,2017,indonesia,9,1652
Statistik Demografi dan Sosial,2018,indonesia,7,1652
Statistik Demografi dan Sosial,2019,indonesia,7,1652
Statistik Demografi dan Sosial,2020,indonesia,7,1652
Statistik Demografi dan Sosial,2021,indonesia,4,1652
Statistik Demografi dan Sosial,2022,indonesia,2,1652
Statistik Demografi dan Sosial,2023,indonesia,3,1652
Statistik Demografi dan Sosial,2024,indonesia,2,1652
Statistik Demografi dan Sosial,2025,indonesia,4,1652
Statistik Ekonomi,2015,indonesia,112,1652
Statistik Ekonomi,2016,indonesia,141,1652
Statistik Ekonomi,2017,indonesia,158,1652
Statistik Ekonomi,2018,indonesia,157,1652
Statistik Ekonomi,2019,indonesia,145,1652
Statistik Ekonomi,2020,indonesia,148,1652
Statistik Ekonomi,2021,indonesia,149,1652
Statistik Ekonomi,2022,indonesia,151,1652
Statistik Ekonomi,2023,indonesia,125,1652
Statistik Ekonomi,2024,indonesia,117,1652
Statistik Ekonomi,2025,indonesia,76,1652
Statistik Lingkungan Hidup dan Multi-domain,2015,indonesia,7,1652
Statistik Lingkungan Hidup dan Multi-domain,2016,indonesia,11,1652
Statistik Lingkungan Hidup dan Multi-domain,2017,indonesia,16,1652
Statistik Lingkungan Hidup dan Multi-domain,2018,indonesia,9,1652
Statistik Lingkungan Hidup dan Multi-domain,2019,indonesia,8,1652
Statistik Lingkungan Hidup dan Multi-domain,2020,indonesia,12,1652
Statistik Lingkungan Hidup dan Multi-domain,2021,indonesia,6,1652
Statistik Lingkungan Hidup dan Multi-domain,2022,indonesia,6,1652
Statistik Lingkungan Hidup dan Multi-domain,2023,indonesia,8,1652
Statistik Lingkungan Hidup dan Multi-domain,2024,indonesia,9,1652
Statistik Lingkungan Hidup dan Multi-domain,2025,indonesia,8,1652
Tidak Berkategori,2017,indonesia,4,1652
Tidak Berkategori,2023,indonesia,9,1652
Statistik Demografi dan Sosial,2015,besar,3,1608
Statistik Demografi dan Sosial,2016,besar,4,1608
Statistik Demografi dan Sosial,2020,besar,2,1608
Statistik Demografi dan Sosial,2021,besar,4,1608
Statistik Demografi dan Sosial,2022,besar,3,1608
Statistik Demografi dan Sosial,2023,besar,2,1608
Statistik Demografi dan Sosial,2024,besar,2,1608
Statistik Demografi dan Sosial,2025,besar,2,1608
Statistik Ekonomi,2015,besar,141,1608
Statistik Ekonomi,2016,besar,186,1608
Statistik Ekonomi,2017,besar,165,1608
Statistik Ekonomi,2018,besar,174,1608
Statistik Ekonomi,2019,besar,158,1608
Statistik Ekonomi,2020,besar,144,1608
Statistik Ekonomi,2021,besar,128,1608
Statistik Ekonomi,2022,besar,135,1608
Statistik Ekonomi,2023,besar,142,1608
Statistik Ekonomi,2024,besar,138,1608
Statistik Ekonomi,2025,besar,36,1608
Statistik Lingkungan Hidup dan Multi-domain,2015,besar,3,1608
Statistik Lingkungan Hidup dan Multi-domain,2016,besar,5,1608
Statistik Lingkungan Hidup dan Multi-domain,2017,besar,7,1608
Statistik Lingkungan Hidup dan Multi-domain,2018,besar,6,1608
Statistik Lingkungan Hidup dan Multi-domain,2019,besar,2,1608
Statistik Lingkungan Hidup dan Multi-domain,2020,besar,2,1608
Statistik Lingkungan Hidup dan Multi-domain,2021,besar,2,1608
Statistik Lingkungan Hidup dan Multi-domain,2022,besar,2,1608
Statistik Lingkungan Hidup dan Multi-domain,2023,besar,2,1608
Statistik Lingkungan Hidup dan Multi-domain,2024,besar,2,1608
Statistik Lingkungan Hidup dan Multi-domain,2025,besar,2,1608
Tidak Berkategori,2017,besar,3,1608
Tidak Berkategori,2023,besar,1,1608
Statistik Ekonomi,2015,nonmigas,132,1355
Statistik Ekonomi,2016,nonmigas,135,1355
Statistik Ekonomi,2017,nonmigas,125,1355
Statistik Ekonomi,2018,nonmigas,145,1355
Statistik Ekonomi,2019,nonmigas,136,1355
Statistik Ekonomi,2020,nonmigas,121,1355
Statistik Ekonomi,2021,nonmigas,130,1355
Statistik Ekonomi,2022,nonmigas,131,1355
Statistik Ekonomi,2023,nonmigas,131,1355
Statistik Ekonomi,2024,nonmigas,125,1355
Statistik Ekonomi,2025,nonmigas,44,1355
Statistik Ekonomi,2015,inflasi,118,1337
Statistik Ekonomi,2016,inflasi,129,1337
Statistik Ekonomi,2017,inflasi,134,1337
Statistik Ekonomi,2018,inflasi,139,1337
Statistik Ekonomi,2019,inflasi,106,1337
Statistik Ekonomi,2020,inflasi,97,1337
Statistik Ekonomi,2021,inflasi,117,1337
Statistik Ekonomi,2022,inflasi,126,1337
Statistik Ekonomi,2023,inflasi,125,1337
Statistik Ekonomi,2024,inflasi,127,1337
Statistik Ekonomi,2025,inflasi,119,1337
Statistik Demografi dan Sosial,2020,barang,1,1319
Statistik Ekonomi,2015,barang,99,1319
Statistik Ekonomi,2016,barang,145,1319
Statistik Ekonomi,2017,barang,134,1319
Statistik Ekonomi,2018,barang,126,1319
Statistik Ekonomi,2019,barang,109,1319
Statistik Ekonomi,2020,barang,83,1319
Statistik Ekonomi,2021,barang,111,1319
Statistik Ekonomi,2022,barang,140,1319
Statistik Ekonomi,2023,barang,122,1319
Statistik Ekonomi,2024,barang,148,1319
Statistik Ekonomi,2025,barang,88,1319
Tidak Berkategori,2023,barang,13,1319
Statistik Ekonomi,2015,impor,110,1197
Statistik Ekonomi,2016,impor,151,1197
Statistik Ekonomi,2017,impor,98,1197
Statistik Ekonomi,2018,impor,122,1197
Statistik Ekonomi,2019,impor,105,1197
Statistik Ekonomi,2020,impor,113,1197
Statistik Ekonomi,2021,impor,110,1197
Statistik Ekonomi,2022,impor,115,1197
Statistik Ekonomi,2023,impor,115,1197
Statistik Ekonomi,2024,impor,94,1197
Statistik Ekonomi,2025,impor,64,1197
Statistik Demografi dan Sosial,2017,upah,2,1195
Statistik Demografi dan Sosial,2018,upah,8,1195
Statistik Demografi dan Sosial,2019,upah,6,1195
Statistik Demografi dan Sosial,2020,upah,16,1195
Statistik Demografi dan Sosial,2022,upah,11,1195
Statistik Demografi dan Sosial,2023,upah,22,1195
Statistik Demografi dan Sosial,2024,upah,11,1195
Statistik Demografi dan Sosial,2025,upah,6,1195
Statistik Ekonomi,2015,upah,67,1195
Statistik Ekonomi,2016,upah,84,1195
Statistik Ekonomi,2017,upah,102,1195
Statistik Ekonomi,2018,upah,156,1195
Statistik Ekonomi,2019,upah,176,1195
Statistik Ekonomi,2020,upah,177,1195
Statistik Ekonomi,2021,upah,168,1195
Statistik Ekonomi,2022,upah,169,1195
Statistik Ekonomi,2023,upah,14,1195
Statistik Demografi dan Sosial,2015,tinggi,1,1148
Statistik Demografi dan Sosial,2016,tinggi,3,1148
Statistik Demografi dan Sosial,2017,tinggi,6,1148
Statistik Demografi dan Sosial,2018,tinggi,5,1148
Statistik Demografi dan Sosial,2019,tinggi,4,1148
Statistik Demografi dan Sosial,2020,tinggi,8,1148
Statistik Demografi dan Sosial,2021,tinggi,4,1148
Statistik Demografi dan Sosial,2022,tinggi,7,1148
Statistik Demografi dan Sosial,2023,tinggi,6,1148
Statistik Demografi dan Sosial,2024,tinggi,5,1148
Statistik Ekonomi,2015,tinggi,94,1148
Statistik Ekonomi,2016,tinggi,137,1148
Statistik Ekonomi,2017,tinggi,124,1148
Statistik Ekonomi,2018,tinggi,110,1148
Statistik Ekonomi,2019,tinggi,125,1148
Statistik Ekonomi,2020,tinggi,83,1148
Statistik Ekonomi,2021,tinggi,87,1148
Statistik Ekonomi,2022,tinggi,81,1148
Statistik Ekonomi,2023,tinggi,80,1148
Statistik Ekonomi,2024,tinggi,91,1148
Statistik Ekonomi,2025,tinggi,75,1148
Statistik Lingkungan Hidup dan Multi-domain,2015,tinggi,2,1148
Statistik Lingkungan Hidup dan Multi-domain,2017,tinggi,3,1148
Statistik Lingkungan Hidup dan Multi-domain,2018,tinggi,1,1148
Tidak Berkategori,2016,tinggi,1,1148
Tidak Berkategori,2023,tinggi,5,1148
Statistik Ekonomi,2015,kunjung,173,1141
Statistik Ekonomi,2016,kunjung,126,1141
Statistik Ekonomi,2017,kunjung,117,1141
Statistik Ekonomi,2018,kunjung,128,1141
Statistik Ekonomi,2019,kunjung,112,1141
Statistik Ekonomi,2020,kunjung,102,1141
Statistik Ekonomi,2021,kunjung,105,1141
Statistik Ekonomi,2022,kunjung,100,1141
Statistik Ekonomi,2023,kunjung,62,1141
Statistik Ekonomi,2024,kunjung,67,1141
Statistik Ekonomi,2025,kunjung,39,1141
Tidak Berkategori,2023,kunjung,10,1141
Statistik Demografi dan Sosial,2018,petani,2,1138
Statistik Demografi dan Sosial,2019,petani,2,1138
Statistik Demografi dan Sosial,2020,petani,4,1138
Statistik Ekonomi,2015,petani,35,1138
Statistik Ekonomi,2016,petani,36,1138
Statistik Ekonomi,2017,petani,56,1138
Statistik Ekonomi,2018,petani,134,1138
Statistik Ekonomi,2019,petani,146,1138
Statistik Ekonomi,2020,petani,143,1138
Statistik Ekonomi,2021,petani,139,1138
Statistik Ekonomi,2022,petani,144,1138
Statistik Ekonomi,2023,petani,137,1138
Statistik Ekonomi,2024,petani,114,1138
Statistik Ekonomi,2025,petani,44,1138
Tidak Berkategori,2023,petani,2,1138
Statistik Demografi dan Sosial,2017,buruh,2,961
Statistik Demografi dan Sosial,2018,buruh,8,961
Statistik Demografi dan Sosial,2019,buruh,10,961
Statistik Demografi dan Sosial,2020,buruh,18,961
Statistik Demografi dan Sosial,2022,buruh,11,961
Statistik Demografi dan Sosial,2023,buruh,24,961
Statistik Demografi dan Sosial,2024,buruh,12,961
Statistik Demografi dan Sosial,2025,buruh,6,961
Statistik Ekonomi,2015,buruh,45,961
Statistik Ekonomi,2016,buruh,48,961
Statistik Ekonomi,2017,buruh,60,961
Statistik Ekonomi,2018,buruh,96,961
Statistik Ekonomi,2019,buruh,140,961
Statistik Ekonomi,2020,buruh,156,961
Statistik Ekonomi,2021,buruh,156,961
Statistik Ekonomi,2022,buruh,157,961
Statistik Ekonomi,2023,buruh,12,961
Statistik Demografi dan Sosial,2016,tani,1,936
Statistik Demografi dan Sosial,2017,tani,3,936
Statistik Demografi dan Sosial,2018,tani,2,936
Statistik Demografi dan Sosial,2019,tani,2,936
Statistik Demografi dan Sosial,2020,tani,2,936
Statistik Demografi dan Sosial,2021,tani,1,936
Statistik Demografi dan Sosial,2022,tani,2,936
Statistik Demografi dan Sosial,2024,tani,1,936
Statistik Demografi dan Sosial,2025,tani,1,936
Statistik Ekonomi,2015,tani,79,936
Statistik Ekonomi,2016,tani,75,936
Statistik Ekonomi,2017,tani,72,936
Statistik Ekonomi,2018,tani,80,936
Statistik Ekonomi,2019,tani,109,936
Statistik Ekonomi,2020,tani,124,936
Statistik Ekonomi,2021,tani,122,936
Statistik Ekonomi,2022,tani,123,936
Statistik Ekonomi,2023,tani,54,936
Statistik Ekonomi,2024,tani,51,936
Statistik Ekonomi,2025,tani,22,936
Tidak Berkategori,2017,tani,1,936
Tidak Berkategori,2023,tani,9,936
Statistik Ekonomi,2015,giling,3,935
Statistik Ekonomi,2016,giling,2,935
Statistik Ekonomi,2017,giling,19,935
Statistik Ekonomi,2018,giling,82,935
Statistik Ekonomi,2019,giling,115,935
Statistik Ekonomi,2020,giling,150,935
Statistik Ekonomi,2021,giling,142,935
Statistik Ekonomi,2022,giling,156,935
Statistik Ekonomi,2023,giling,133,935
Statistik Ekonomi,2024,giling,64,935
Statistik Ekonomi,2025,giling,69,935
Statistik Demografi dan Sosial,2025,kualitas,1,935
Statistik Ekonomi,2017,kualitas,26,935
Statistik Ekonomi,2018,kualitas,111,935
Statistik Ekonomi,2019,kualitas,121,935
Statistik Ekonomi,2020,kualitas,154,935
Statistik Ekonomi,2021,kualitas,130,935
Statistik Ekonomi,2022,kualitas,152,935
Statistik Ekonomi,2023,kualitas,120,935
Statistik Ekonomi,2024,kualitas,57,935
Statistik Ekonomi,2025,kualitas,61,935
Statistik Lingkungan Hidup dan Multi-domain,2018,kualitas,1,935
Statistik Lingkungan Hidup dan Multi-domain,2020,kualitas,1,935
Statistik Demografi dan Sosial,2015,industri,1,842
Statistik Demografi dan Sosial,2017,industri,2,842
Statistik Demografi dan Sosial,2018,industri,2,842
Statistik Demografi dan Sosial,2019,industri,1,842
Statistik Demografi dan Sosial,2020,industri,1,842
Statistik Demografi dan Sosial,2021,industri,1,842
Statistik Ekonomi,2015,industri,89,842
Statistik Ekonomi,2016,industri,258,842
Statistik Ekonomi,2017,industri,186,842
Statistik Ekonomi,2018,industri,109,842
Statistik Ekonomi,2019,industri,63,842
Statistik Ekonomi,2020,industri,37,842
Statistik Ekonomi,2021,industri,22,842
Statistik Ekonomi,2022,industri,21,842
Statistik Ekonomi,2023,industri,25,842
Statistik Ekonomi,2024,industri,19,842
Statistik Ekonomi,2025,industri,5,842
Statistik Demografi dan Sosial,2021,tumbuh,1,830
Statistik Demografi dan Sosial,2024,tumbuh,1,830
Statistik Demografi dan Sosial,2025,tumbuh,2,830
Statistik Ekonomi,2015,tumbuh,74,830
Statistik Ekonomi,2016,tumbuh,155,830
Statistik Ekonomi,2017,tumbuh,115,830
Statistik Ekonomi,2018,tumbuh,107,830
Statistik Ekonomi,2019,tumbuh,84,830
Statistik Ekonomi,2020,tumbuh,46,830
Statistik Ekonomi,2021,tumbuh,44,830
Statistik Ekonomi,2022,tumbuh,39,830
Statistik Ekonomi,2023,tumbuh,54,830
Statistik Ekonomi,2024,tumbuh,50,830
Statistik Ekonomi,2025,tumbuh,44,830
Statistik Lingkungan Hidup dan Multi-domain,2016,tumbuh,1,830
Statistik Lingkungan Hidup dan Multi-domain,2017,tumbuh,1,830
Statistik Lingkungan Hidup dan Multi-domain,2018,tumbuh,1,830
Statistik Lingkungan Hidup dan Multi-domain,2019,tumbuh,1,830
Statistik Lingkungan Hidup dan Multi-domain,2020,tumbuh,4,830
Statistik Lingkungan Hidup dan Multi-domain,2022,tumbuh,1,830
Statistik Lingkungan Hidup dan Multi-domain,2023,tumbuh,1,830
Statistik Lingkungan Hidup dan Multi-domain,2024,tumbuh,1,830
Tidak Berkategori,2016,tumbuh,2,830
Tidak Berkategori,2023,tumbuh,1,830
Statistik Demografi dan Sosial,2015,orang,22,813
Statistik Demografi dan Sosial,2016,orang,13,813
Statistik Demografi dan Sosial,2017,orang,12,813
Statistik Demografi dan Sosial,2018,orang,13,813
Statistik Demografi dan Sosial,2019,orang,14,813
Statistik Demografi dan Sosial,2020,orang,17,813
Statistik Demografi dan Sosial,2021,orang,24,813
Statistik Demografi dan Sosial,2022,orang,23,813
Statistik Demografi dan Sosial,2023,orang,21,813
Statistik Demografi dan Sosial,2024,orang,16,813
Statistik Demografi dan Sosial,2025,orang,10,813
Statistik Ekonomi,2015,orang,4,813
Statistik Ekonomi,2017,orang,8,813
Statistik Ekonomi,2021,orang,32,813
Statistik Ekonomi,2022,orang,92,813
Statistik Ekonomi,2023,orang,65,813
Statistik Ekonomi,2024,orang,92,813
Statistik Ekonomi,2025,orang,106,813
Statistik Lingkungan Hidup dan Multi-domain,2015,orang,21,813
Statistik Lingkungan Hidup dan Multi-domain,2016,orang,18,813
Statistik Lingkungan Hidup dan Multi-domain,2017,orang,18,813
Statistik Lingkungan Hidup dan Multi-domain,2018,orang,18,813
Statistik Lingkungan Hidup dan Multi-domain,2019,orang,20,813
Statistik Lingkungan Hidup dan Multi-domain,2020,orang,20,813
Statistik Lingkungan Hidup dan Multi-domain,2021,orang,20,813
Statistik Lingkungan Hidup dan Multi-domain,2022,orang,20,813
Statistik Lingkungan Hidup dan Multi-domain,2023,orang,20,813
Statistik Lingkungan Hidup dan Multi-domain,2024,orang,10,813
Statistik Lingkungan Hidup dan Multi-domain,2025,orang,19,813
Tidak Berkategori,2023,orang,25,813
Statistik Demografi dan Sosial,2015,nasional,2,801
Statistik Demografi dan Sosial,2016,nasional,3,801
Statistik Demografi dan Sosial,2017,nasional,2,801
Statistik Demografi dan Sosial,2018,nasional,4,801
Statistik Demografi dan Sosial,2019,nasional,4,801
Statistik Demografi dan Sosial,2020,nasional,5,801
Statistik Demografi dan Sosial,2021,nasional,2,801
Statistik Demografi dan Sosial,2022,nasional,2,801
Statistik Demografi dan Sosial,2023,nasional,4,801
Statistik Demografi dan Sosial,2024,nasional,3,801
Statistik Demografi dan Sosial,2025,nasional,2,801
Statistik Ekonomi,2015,nasional,60,801
Statistik Ekonomi,2016,nasional,96,801
Statistik Ekonomi,2017,nasional,90,801
Statistik Ekonomi,2018,nasional,47,801
Statistik Ekonomi,2019,nasional,50,801
Statistik Ekonomi,2020,nasional,75,801
Statistik Ekonomi,2021,nasional,84,801
Statistik Ekonomi,2022,nasional,85,801
Statistik Ekonomi,2023,nasional,61,801
Statistik Ekonomi,2024,nasional,62,801
Statistik Ekonomi,2025,nasional,55,801
Statistik Lingkungan Hidup dan Multi-domain,2017,nasional,1,801
Tidak Berkategori,2016,nasional,1,801
Tidak Berkategori,2023,nasional,1,801
Statistik Ekonomi,2015,ihpb,49,795
Statistik Ekonomi,2016,ihpb,52,795
Statistik Ekonomi,2017,ihpb,57,795
Statistik Ekonomi,2018,ihpb,84,795
Statistik Ekonomi,2019,ihpb,82,795
Statistik Ekonomi,2020,ihpb,73,795
Statistik Ekonomi,2021,ihpb,73,795
Statistik Ekonomi,2022,ihpb,84,795
Statistik Ekonomi,2023,ihpb,84,795
Statistik Ekonomi,2024,ihpb,84,795
Statistik Ekonomi,2025,ihpb,73,795
Statistik Ekonomi,2015,gabah,3,763
Statistik Ekonomi,2016,gabah,2,763
Statistik Ekonomi,2017,gabah,18,763
Statistik Ekonomi,2018,gabah,82,763
Statistik Ekonomi,2019,gabah,94,763
Statistik Ekonomi,2020,gabah,116,763
Statistik Ekonomi,2021,gabah,118,763
Statistik Ekonomi,2022,gabah,133,763
Statistik Ekonomi,2023,gabah,114,763
Statistik Ekonomi,2024,gabah,57,763
Statistik Ekonomi,2025,gabah,26,763
Statistik Demografi dan Sosial,2015,sektor,6,757
Statistik Demografi dan Sosial,2016,sektor,9,757
Statistik Demografi dan Sosial,2017,sektor,21,757
Statistik Demografi dan Sosial,2020,sektor,3,757
Statistik Demografi dan Sosial,2021,sektor,5,757
Statistik Demografi dan Sosial,2022,sektor,4,757
Statistik Ekonomi,2015,sektor,44,757
Statistik Ekonomi,2016,sektor,37,757
Statistik Ekonomi,2017,sektor,45,757
Statistik Ekonomi,2018,sektor,49,757
Statistik Ekonomi,2019,sektor,58,757
Statistik Ekonomi,2020,sektor,64,757
Statistik Ekonomi,2021,sektor,90,757
Statistik Ekonomi,2022,sektor,91,757
Statistik Ekonomi,2023,sektor,95,757
Statistik Ekonomi,2024,sektor,87,757
Statistik Ekonomi,2025,sektor,49,757
Statistik Ekonomi,2015,produksi,85,743
Statistik Ekonomi,2016,produksi,138,743
Statistik Ekonomi,2017,produksi,92,743
Statistik Ekonomi,2018,produksi,87,743
Statistik Ekonomi,2019,produksi,57,743
Statistik Ekonomi,2020,produksi,42,743
Statistik Ekonomi,2021,produksi,35,743
Statistik Ekonomi,2022,produksi,33,743
Statistik Ekonomi,2023,produksi,35,743
Statistik Ekonomi,2024,produksi,36,743
Statistik Ekonomi,2025,produksi,100,743
Tidak Berkategori,2023,produksi,3,743
Statistik Demografi dan Sosial,2016,periode,1,683
Statistik Demografi dan Sosial,2021,periode,1,683
Statistik Ekonomi,2015,periode,81,683
Statistik Ekonomi,2016,periode,57,683
Statistik Ekonomi,2017,periode,47,683
Statistik Ekonomi,2018,periode,45,683
Statistik Ekonomi,2019,periode,42,683
Statistik Ekonomi,2020,periode,44,683
Statistik Ekonomi,2021,periode,57,683
Statistik Ekonomi,2022,periode,77,683
Statistik Ekonomi,2023,periode,66,683
Statistik Ekonomi,2024,periode,80,683
Statistik Ekonomi,2025,periode,51,683
Statistik Lingkungan Hidup dan Multi-domain,2015,periode,2,683
Statistik Lingkungan Hidup dan Multi-domain,2016,periode,7,683
Statistik Lingkungan Hidup dan Multi-domain,2017,periode,4,683
Statistik Lingkungan Hidup dan Multi-domain,2018,periode,2,683
Statistik Lingkungan Hidup dan Multi-domain,2021,periode,2,683
Statistik Lingkungan Hidup dan Multi-domain,2022,periode,2,683
Statistik Lingkungan Hidup dan Multi-domain,2023,periode,2,683
Statistik Lingkungan Hidup dan Multi-domain,2024,periode,1,683
Statistik Lingkungan Hidup dan Multi-domain,2025,periode,2,683
Tidak Berkategori,2023,periode,10,683
Statistik Demografi dan Sosial,2016,beras,17,677
Statistik Demografi dan Sosial,2018,beras,6,677
Statistik Demografi dan Sosial,2019,beras,4,677
Statistik Demografi dan Sosial,2020,beras,9,677
Statistik Demografi dan Sosial,2021,beras,4,677
Statistik Ekonomi,2017,beras,13,677
Statistik Ekonomi,2018,beras,48,677
Statistik Ekonomi,2019,beras,56,677
Statistik Ekonomi,2020,beras,90,677
Statistik Ekonomi,2021,beras,82,677
Statistik Ekonomi,2022,beras,90,677
Statistik Ekonomi,2023,beras,90,677
Statistik Ekonomi,2024,beras,51,677
Statistik Ekonomi,2025,beras,110,677
Statistik Lingkungan Hidup dan Multi-domain,2015,beras,1,677
Statistik Lingkungan Hidup dan Multi-domain,2016,beras,2,677
Statistik Lingkungan Hidup dan Multi-domain,2017,beras,2,677
Statistik Lingkungan Hidup dan Multi-domain,2018,beras,2,677
Statistik Demografi dan Sosial,2015,poin,4,673
Statistik Demografi dan Sosial,2016,poin,7,673
Statistik Demografi dan Sosial,2017,poin,25,673
Statistik Demografi dan Sosial,2018,poin,23,673
Statistik Demografi dan Sosial,2019,poin,20,673
Statistik Demografi dan Sosial,2020,poin,22,673
Statistik Demografi dan Sosial,2021,poin,16,673
Statistik Demografi dan Sosial,2022,poin,15,673
Statistik Demografi dan Sosial,2023,poin,10,673
Statistik Demografi dan Sosial,2024,poin,12,673
Statistik Demografi dan Sosial,2025,poin,6,673
Statistik Ekonomi,2015,poin,33,673
Statistik Ekonomi,2016,poin,36,673
Statistik Ekonomi,2017,poin,37,673
Statistik Ekonomi,2018,poin,36,673
Statistik Ekonomi,2019,poin,36,673
Statistik Ekonomi,2020,poin,36,673
Statistik Ekonomi,2021,poin,36,673
Statistik Ekonomi,2022,poin,59,673
Statistik Ekonomi,2023,poin,52,673
Statistik Ekonomi,2024,poin,45,673
Statistik Ekonomi,2025,poin,14,673
Statistik Lingkungan Hidup dan Multi-domain,2016,poin,7,673
Statistik Lingkungan Hidup dan Multi-domain,2017,poin,5,673
Statistik Lingkungan Hidup dan Multi-domain,2018,poin,8,673
Statistik Lingkungan Hidup dan Multi-domain,2019,poin,9,673
Statistik Lingkungan Hidup dan Multi-domain,2020,poin,10,673
Statistik Lingkungan Hidup dan Multi-domain,2021,poin,9,673
Statistik Lingkungan Hidup dan Multi-domain,2022,poin,8,673
Statistik Lingkungan Hidup dan Multi-domain,2023,poin,9,673
Statistik Lingkungan Hidup dan Multi-domain,2024,poin,7,673
Statistik Lingkungan Hidup dan Multi-domain,2025,poin,10,673
Tidak Berkategori,2023,poin,11,673
Statistik Demografi dan Sosial,2015,rendah,2,653
Statistik Demografi dan Sosial,2016,rendah,1,653
Statistik Demografi dan Sosial,2017,rendah,1,653
Statistik Demografi dan Sosial,2018,rendah,2,653
Statistik Demografi dan Sosial,2019,rendah,1,653
Statistik Demografi dan Sosial,2020,rendah,4,653
Statistik Demografi dan Sosial,2021,rendah,1,653
Statistik Demografi dan Sosial,2022,rendah,2,653
Statistik Demografi dan Sosial,2023,rendah,4,653
Statistik Demografi dan Sosial,2024,rendah,3,653
Statistik Ekonomi,2015,rendah,59,653
Statistik Ekonomi,2016,rendah,83,653
Statistik Ekonomi,2017,rendah,93,653
Statistik Ekonomi,2018,rendah,82,653
Statistik Ekonomi,2019,rendah,110,653
Statistik Ekonomi,2020,rendah,39,653
Statistik Ekonomi,2021,rendah,30,653
Statistik Ekonomi,2022,rendah,23,653
Statistik Ekonomi,2023,rendah,12,653
Statistik Ekonomi,2024,rendah,28,653
Statistik Ekonomi,2025,rendah,38,653
Statistik Lingkungan Hidup dan Multi-domain,2015,rendah,1,653
Statistik Lingkungan Hidup dan Multi-domain,2016,rendah,1,653
Statistik Lingkungan Hidup dan Multi-domain,2017,rendah,4,653
Statistik Lingkungan Hidup dan Multi-domain,2018,rendah,4,653
Statistik Lingkungan Hidup dan Multi-domain,2019,rendah,4,653
Statistik Lingkungan Hidup dan Multi-domain,2020,rendah,4,653
Statistik Lingkungan Hidup dan Multi-domain,2021,rendah,5,653
Statistik Lingkungan Hidup dan Multi-domain,2022,rendah,5,653
Statistik Lingkungan Hidup dan Multi-domain,2023,rendah,5,653
Tidak Berkategori,2016,rendah,1,653
Tidak Berkategori,2023,rendah,1,653
Statistik Ekonomi,2015,rumah,31,644
Statistik Ekonomi,2016,rumah,38,644
Statistik Ekonomi,2017,rumah,38,644
Statistik Ekonomi,2018,rumah,51,644
Statistik Ekonomi,2019,rumah,41,644
Statistik Ekonomi,2020,rumah,73,644
Statistik Ekonomi,2021,rumah,73,644
Statistik Ekonomi,2022,rumah,71,644
Statistik Ekonomi,2023,rumah,62,644
Statistik Ekonomi,2024,rumah,64,644
Statistik Ekonomi,2025,rumah,33,644
Statistik Lingkungan Hidup dan Multi-domain,2015,rumah,4,644
Statistik Lingkungan Hidup dan Multi-domain,2016,rumah,4,644
Statistik Lingkungan Hidup dan Multi-domain,2017,rumah,4,644
Statistik Lingkungan Hidup dan Multi-domain,2018,rumah,4,644
Statistik Lingkungan Hidup dan Multi-domain,2019,rumah,8,644
Statistik Lingkungan Hidup dan Multi-domain,2020,rumah,8,644
Statistik Lingkungan Hidup dan Multi-domain,2021,rumah,8,644
Statistik Lingkungan Hidup dan Multi-domain,2022,rumah,8,644
Statistik Lingkungan Hidup dan Multi-domain,2023,rumah,8,644
Statistik Lingkungan Hidup dan Multi-domain,2024,rumah,4,644
Statistik Lingkungan Hidup dan Multi-domain,2025,rumah,4,644
Tidak Berkategori,2016,rumah,1,644
Tidak Berkategori,2023,rumah,4,644
Statistik Ekonomi,2015,bahan,75,600
Statistik Ekonomi,2016,bahan,87,600
Statistik Ekonomi,2017,bahan,84,600
Statistik Ekonomi,2018,bahan,72,600
Statistik Ekonomi,2019,bahan,64,600
Statistik Ekonomi,2020,bahan,41,600
Statistik Ekonomi,2021,bahan,43,600
Statistik Ekonomi,2022,bahan,43,600
Statistik Ekonomi,2023,bahan,45,600
Statistik Ekonomi,2024,bahan,37,600
Statistik Ekonomi,2025,bahan,9,600
Statistik Ekonomi,2015,wisman,84,564
Statistik Ekonomi,2016,wisman,53,564
Statistik Ekonomi,2017,wisman,50,564
Statistik Ekonomi,2018,wisman,58,564
Statistik Ekonomi,2019,wisman,57,564
Statistik Ekonomi,2020,wisman,53,564
Statistik Ekonomi,2021,wisman,47,564
Statistik Ekonomi,2022,wisman,58,564
Statistik Ekonomi,2023,wisman,40,564
Statistik Ekonomi,2024,wisman,40,564
Statistik Ekonomi,2025,wisman,20,564
Tidak Berkategori,2023,wisman,4,564
Statistik Ekonomi,2015,tumpang,5,551
Statistik Ekonomi,2016,tumpang,2,551
Statistik Ekonomi,2017,tumpang,14,551
Statistik Ekonomi,2018,tumpang,4,551
Statistik Ekonomi,2019,tumpang,4,551
Statistik Ekonomi,2020,tumpang,4,551
Statistik Ekonomi,2021,tumpang,40,551
Statistik Ekonomi,2022,tumpang,120,551
Statistik Ekonomi,2023,tumpang,85,551
Statistik Ekonomi,2024,tumpang,122,551
Statistik Ekonomi,2025,tumpang,121,551
Tidak Berkategori,2023,tumpang,30,551
Statistik Ekonomi,2015,keluar,36,537
Statistik Ekonomi,2016,keluar,42,537
Statistik Ekonomi,2017,keluar,35,537
Statistik Ekonomi,2018,keluar,33,537
Statistik Ekonomi,2019,keluar,41,537
Statistik Ekonomi,2020,keluar,49,537
Statistik Ekonomi,2021,keluar,46,537
Statistik Ekonomi,2022,keluar,51,537
Statistik Ekonomi,2023,keluar,49,537
Statistik Ekonomi,2024,keluar,52,537
Statistik Ekonomi,2025,keluar,23,537
Statistik Lingkungan Hidup dan Multi-domain,2015,keluar,3,537
Statistik Lingkungan Hidup dan Multi-domain,2016,keluar,10,537
Statistik Lingkungan Hidup dan Multi-domain,2017,keluar,9,537
Statistik Lingkungan Hidup dan Multi-domain,2018,keluar,10,537
Statistik Lingkungan Hidup dan Multi-domain,2019,keluar,8,537
Statistik Lingkungan Hidup dan Multi-domain,2020,keluar,10,537
Statistik Lingkungan Hidup dan Multi-domain,2021,keluar,7,537
Statistik Lingkungan Hidup dan Multi-domain,2022,keluar,7,537
Statistik Lingkungan Hidup dan Multi-domain,2023,keluar,8,537
Statistik Lingkungan Hidup dan Multi-domain,2024,keluar,3,537
Statistik Lingkungan Hidup dan Multi-domain,2025,keluar,5,537
Statistik Demografi dan Sosial,2015,jasa,1,532
Statistik Demografi dan Sosial,2016,jasa,2,532
Statistik Demografi dan Sosial,2017,jasa,1,532
Statistik Demografi dan Sosial,2018,jasa,6,532
Statistik Demografi dan Sosial,2019,jasa,1,532
Statistik Demografi dan Sosial,2020,jasa,4,532
Statistik Demografi dan Sosial,2022,jasa,2,532
Statistik Demografi dan Sosial,2023,jasa,3,532
Statistik Demografi dan Sosial,2024,jasa,1,532
Statistik Ekonomi,2015,jasa,17,532
Statistik Ekonomi,2016,jasa,27,532
Statistik Ekonomi,2017,jasa,35,532
Statistik Ekonomi,2018,jasa,44,532
Statistik Ekonomi,2019,jasa,53,532
Statistik Ekonomi,2020,jasa,68,532
Statistik Ekonomi,2021,jasa,69,532
Statistik Ekonomi,2022,jasa,67,532
Statistik Ekonomi,2023,jasa,49,532
Statistik Ekonomi,2024,jasa,47,532
Statistik Ekonomi,2025,jasa,35,532
Statistik Ekonomi,2015,tangga,19,503
Statistik Ekonomi,2016,tangga,26,503
Statistik Ekonomi,2017,tangga,26,503
Statistik Ekonomi,2018,tangga,39,503
Statistik Ekonomi,2019,tangga,29,503
Statistik Ekonomi,2020,tangga,62,503
Statistik Ekonomi,2021,tangga,61,503
Statistik Ekonomi,2022,tangga,60,503
Statistik Ekonomi,2023,tangga,50,503
Statistik Ekonomi,2024,tangga,52,503
Statistik Ekonomi,2025,tangga,26,503
Statistik Lingkungan Hidup dan Multi-domain,2015,tangga,1,503
Statistik Lingkungan Hidup dan Multi-domain,2019,tangga,8,503
Statistik Lingkungan Hidup dan Multi-domain,2020,tangga,8,503
Statistik Lingkungan Hidup dan Multi-domain,2021,tangga,8,503
Statistik Lingkungan Hidup dan Multi-domain,2022,tangga,8,503
Statistik Lingkungan Hidup dan Multi-domain,2023,tangga,8,503
Statistik Lingkungan Hidup dan Multi-domain,2024,tangga,4,503
Statistik Lingkungan Hidup dan Multi-domain,2025,tangga,4,503
Tidak Berkategori,2023,tangga,4,503
Statistik Ekonomi,2015,bangun,35,498
Statistik Ekonomi,2016,bangun,46,498
Statistik Ekonomi,2017,bangun,40,498
Statistik Ekonomi,2018,bangun,39,498
Statistik Ekonomi,2019,bangun,50,498
Statistik Ekonomi,2020,bangun,63,498
Statistik Ekonomi,2021,bangun,69,498
Statistik Ekonomi,2022,bangun,57,498
Statistik Ekonomi,2023,bangun,26,498
Statistik Ekonomi,2024,bangun,29,498
Statistik Ekonomi,2025,bangun,13,498
Statistik Lingkungan Hidup dan Multi-domain,2015,bangun,1,498
Statistik Lingkungan Hidup dan Multi-domain,2016,bangun,4,498
Statistik Lingkungan Hidup dan Multi-domain,2017,bangun,3,498
Statistik Lingkungan Hidup dan Multi-domain,2018,bangun,5,498
Statistik Lingkungan Hidup dan Multi-domain,2019,bangun,3,498
Statistik Lingkungan Hidup dan Multi-domain,2020,bangun,6,498
Statistik Lingkungan Hidup dan Multi-domain,2021,bangun,1,498
Statistik Lingkungan Hidup dan Multi-domain,2022,bangun,1,498
Statistik Lingkungan Hidup dan Multi-domain,2023,bangun,2,498
Statistik Lingkungan Hidup dan Multi-domain,2024,bangun,2,498
Statistik Lingkungan Hidup dan Multi-domain,2025,bangun,1,498
Tidak Berkategori,2016,bangun,2,498
Statistik Demografi dan Sosial,2015,usaha,1,498
Statistik Demografi dan Sosial,2016,usaha,2,498
Statistik Demografi dan Sosial,2018,usaha,1,498
Statistik Demografi dan Sosial,2020,usaha,1,498
Statistik Demografi dan Sosial,2023,usaha,1,498
Statistik Demografi dan Sosial,2024,usaha,3,498
Statistik Demografi dan Sosial,2025,usaha,2,498
Statistik Ekonomi,2015,usaha,56,498
Statistik Ekonomi,2016,usaha,65,498
Statistik Ekonomi,2017,usaha,61,498
Statistik Ekonomi,2018,usaha,33,498
Statistik Ekonomi,2019,usaha,33,498
Statistik Ekonomi,2020,usaha,36,498
Statistik Ekonomi,2021,usaha,34,498
Statistik Ekonomi,2022,usaha,34,498
Statistik Ekonomi,2023,usaha,33,498
Statistik Ekonomi,2024,usaha,27,498
Statistik Ekonomi,2025,usaha,18,498
Tidak Berkategori,2016,usaha,16,498
Tidak Berkategori,2017,usaha,33,498
Tidak Berkategori,2023,usaha,8,498
Statistik Ekonomi,2015,konsumsi,41,495
Statistik Ekonomi,2016,konsumsi,43,495
Statistik Ekonomi,2017,konsumsi,39,495
Statistik Ekonomi,2018,konsumsi,51,495
Statistik Ekonomi,2019,konsumsi,42,495
Statistik Ekonomi,2020,konsumsi,55,495
Statistik Ekonomi,2021,konsumsi,54,495
Statistik Ekonomi,2022,konsumsi,54,495
Statistik Ekonomi,2023,konsumsi,46,495
Statistik Ekonomi,2024,konsumsi,44,495
Statistik Ekonomi,2025,konsumsi,26,495
Statistik Demografi dan Sosial,2016,kota,1,478
Statistik Demografi dan Sosial,2017,kota,1,478
Statistik Demografi dan Sosial,2018,kota,1,478
Statistik Demografi dan Sosial,2019,kota,1,478
Statistik Demografi dan Sosial,2020,kota,1,478
Statistik Demografi dan Sosial,2021,kota,1,478
Statistik Demografi dan Sosial,2022,kota,1,478
Statistik Demografi dan Sosial,2024,kota,1,478
Statistik Ekonomi,2015,kota,36,478
Statistik Ekonomi,2016,kota,36,478
Statistik Ekonomi,2017,kota,37,478
Statistik Ekonomi,2018,kota,32,478
Statistik Ekonomi,2019,kota,47,478
Statistik Ekonomi,2020,kota,48,478
Statistik Ekonomi,2021,kota,48,478
Statistik Ekonomi,2022,kota,38,478
Statistik Ekonomi,2023,kota,1,478
Statistik Ekonomi,2024,kota,20,478
Statistik Ekonomi,2025,kota,36,478
Statistik Lingkungan Hidup dan Multi-domain,2015,kota,4,478
Statistik Lingkungan Hidup dan Multi-domain,2016,kota,10,478
Statistik Lingkungan Hidup dan Multi-domain,2017,kota,11,478
Statistik Lingkungan Hidup dan Multi-domain,2018,kota,13,478
Statistik Lingkungan Hidup dan Multi-domain,2019,kota,8,478
Statistik Lingkungan Hidup dan Multi-domain,2020,kota,8,478
Statistik Lingkungan Hidup dan Multi-domain,2021,kota,8,478
Statistik Lingkungan Hidup dan Multi-domain,2022,kota,8,478
Statistik Lingkungan Hidup dan Multi-domain,2023,kota,8,478
Statistik Lingkungan Hidup dan Multi-domain,2024,kota,4,478
Statistik Lingkungan Hidup dan Multi-domain,2025,kota,8,478
Tidak Berkategori,2023,kota,1,478
Statistik Ekonomi,2015,nominal,34,477
Statistik Ekonomi,2016,nominal,35,477
Statistik Ekonomi,2017,nominal,42,477
Statistik Ekonomi,2018,nominal,59,477
Statistik Ekonomi,2019,nominal,70,477
Statistik Ekonomi,2020,nominal,72,477
Statistik Ekonomi,2021,nominal,73,477
Statistik Ekonomi,2022,nominal,84,477
Statistik Ekonomi,2023,nominal,7,477
Statistik Ekonomi,2024,nominal,1,477
Statistik Demografi dan Sosial,2015,angkut,1,469
Statistik Demografi dan Sosial,2016,angkut,3,469
Statistik Demografi dan Sosial,2018,angkut,1,469
Statistik Demografi dan Sosial,2019,angkut,1,469
Statistik Demografi dan Sosial,2020,angkut,2,469
Statistik Demografi dan Sosial,2021,angkut,1,469
Statistik Ekonomi,2015,angkut,9,469
Statistik Ekonomi,2016,angkut,7,469
Statistik Ekonomi,2017,angkut,11,469
Statistik Ekonomi,2018,angkut,4,469
Statistik Ekonomi,2019,angkut,4,469
Statistik Ekonomi,2020,angkut,4,469
Statistik Ekonomi,2021,angkut,33,469
Statistik Ekonomi,2022,angkut,83,469
Statistik Ekonomi,2023,angkut,61,469
Statistik Ekonomi,2024,angkut,115,469
Statistik Ekonomi,2025,angkut,107,469
Statistik Lingkungan Hidup dan Multi-domain,2017,angkut,1,469
Tidak Berkategori,2023,angkut,21,469
Statistik Ekonomi,2015,tukar,24,462
Statistik Ekonomi,2016,tukar,24,462
Statistik Ekonomi,2017,tukar,49,462
Statistik Ekonomi,2018,tukar,52,462
Statistik Ekonomi,2019,tukar,44,462
Statistik Ekonomi,2020,tukar,48,462
Statistik Ekonomi,2021,tukar,48,462
Statistik Ekonomi,2022,tukar,50,462
Statistik Ekonomi,2023,tukar,49,462
Statistik Ekonomi,2024,tukar,48,462
Statistik Ekonomi,2025,tukar,26,462
Statistik Demografi dan Sosial,2016,komponen,1,456
Statistik Ekonomi,2015,komponen,49,456
Statistik Ekonomi,2016,komponen,51,456
Statistik Ekonomi,2017,komponen,48,456
Statistik Ekonomi,2018,komponen,47,456
Statistik Ekonomi,2019,komponen,48,456
Statistik Ekonomi,2020,komponen,50,456
Statistik Ekonomi,2021,komponen,52,456
Statistik Ekonomi,2022,komponen,42,456
Statistik Ekonomi,2023,komponen,23,456
Statistik Ekonomi,2024,komponen,20,456
Statistik Ekonomi,2025,komponen,23,456
Statistik Lingkungan Hidup dan Multi-domain,2016,komponen,1,456
Statistik Lingkungan Hidup dan Multi-domain,2017,komponen,1,456
Statistik Demografi dan Sosial,2018,makan,2,444
Statistik Demografi dan Sosial,2019,makan,2,444
Statistik Demografi dan Sosial,2020,makan,1,444
Statistik Demografi dan Sosial,2021,makan,1,444
Statistik Demografi dan Sosial,2023,makan,2,444
Statistik Demografi dan Sosial,2024,makan,1,444
Statistik Ekonomi,2015,makan,35,444
Statistik Ekonomi,2016,makan,40,444
Statistik Ekonomi,2017,makan,37,444
Statistik Ekonomi,2018,makan,40,444
Statistik Ekonomi,2019,makan,38,444
Statistik Ekonomi,2020,makan,36,444
Statistik Ekonomi,2021,makan,34,444
Statistik Ekonomi,2022,makan,31,444
Statistik Ekonomi,2023,makan,34,444
Statistik Ekonomi,2024,makan,36,444
Statistik Ekonomi,2025,makan,17,444
Statistik Lingkungan Hidup dan Multi-domain,2015,makan,5,444
Statistik Lingkungan Hidup dan Multi-domain,2016,makan,10,444
Statistik Lingkungan Hidup dan Multi-domain,2017,makan,10,444
Statistik Lingkungan Hidup dan Multi-domain,2018,makan,8,444
Statistik Lingkungan Hidup dan Multi-domain,2019,makan,4,444
Statistik Lingkungan Hidup dan Multi-domain,2020,makan,4,444
Statistik Lingkungan Hidup dan Multi-domain,2021,makan,4,444
Statistik Lingkungan Hidup dan Multi-domain,2022,makan,4,444
Statistik Lingkungan Hidup dan Multi-domain,2023,makan,4,444
Statistik Lingkungan Hidup dan Multi-domain,2024,makan,2,444
Statistik Lingkungan Hidup dan Multi-domain,2025,makan,2,444
Statistik Demografi dan Sosial,2015,kerja,6,441
Statistik Demografi dan Sosial,2016,kerja,7,441
Statistik Demografi dan Sosial,2017,kerja,9,441
Statistik Demografi dan Sosial,2018,kerja,18,441
Statistik Demografi dan Sosial,2019,kerja,30,441
Statistik Demografi dan Sosial,2020,kerja,25,441
Statistik Demografi dan Sosial,2021,kerja,18,441
Statistik Demografi dan Sosial,2022,kerja,20,441
Statistik Demografi dan Sosial,2023,kerja,17,441
Statistik Demografi dan Sosial,2024,kerja,10,441
Statistik Demografi dan Sosial,2025,kerja,6,441
Statistik Ekonomi,2015,kerja,4,441
Statistik Ekonomi,2016,kerja,3,441
Statistik Ekonomi,2017,kerja,16,441
Statistik Ekonomi,2018,kerja,49,441
Statistik Ekonomi,2019,kerja,48,441
Statistik Ekonomi,2020,kerja,48,441
Statistik Ekonomi,2021,kerja,48,441
Statistik Ekonomi,2022,kerja,49,441
Statistik Ekonomi,2023,kerja,4,441
Statistik Lingkungan Hidup dan Multi-domain,2015,kerja,1,441
Statistik Lingkungan Hidup dan Multi-domain,2017,kerja,1,441
Statistik Lingkungan Hidup dan Multi-domain,2025,kerja,1,441
Tidak Berkategori,2017,kerja,3,441
Statistik Demografi dan Sosial,2015,dagang,13,406
Statistik Demografi dan Sosial,2016,dagang,27,406
Statistik Demografi dan Sosial,2017,dagang,2,406
Statistik Demografi dan Sosial,2018,dagang,17,406
Statistik Demografi dan Sosial,2019,dagang,21,406
Statistik Demografi dan Sosial,2020,dagang,29,406
Statistik Demografi dan Sosial,2021,dagang,11,406
Statistik Demografi dan Sosial,2025,dagang,1,406
Statistik Ekonomi,2015,dagang,12,406
Statistik Ekonomi,2016,dagang,12,406
Statistik Ekonomi,2017,dagang,15,406
Statistik Ekonomi,2018,dagang,24,406
Statistik Ekonomi,2019,dagang,25,406
Statistik Ekonomi,2020,dagang,24,406
Statistik Ekonomi,2021,dagang,35,406
Statistik Ekonomi,2022,dagang,36,406
Statistik Ekonomi,2023,dagang,36,406
Statistik Ekonomi,2024,dagang,35,406
Statistik Ekonomi,2025,dagang,28,406
Tidak Berkategori,2016,dagang,1,406
Tidak Berkategori,2017,dagang,2,406
Statistik Demografi dan Sosial,2019,hasil,1,393
Statistik Demografi dan Sosial,2020,hasil,2,393
Statistik Demografi dan Sosial,2021,hasil,4,393
Statistik Demografi dan Sosial,2023,hasil,1,393
Statistik Demografi dan Sosial,2025,hasil,1,393
Statistik Ekonomi,2015,hasil,39,393
Statistik Ekonomi,2016,hasil,36,393
Statistik Ekonomi,2017,hasil,36,393
Statistik Ekonomi,2018,hasil,36,393
Statistik Ekonomi,2019,hasil,36,393
Statistik Ekonomi,2020,hasil,36,393
Statistik Ekonomi,2021,hasil,36,393
Statistik Ekonomi,2022,hasil,36,393
Statistik Ekonomi,2023,hasil,36,393
Statistik Ekonomi,2024,hasil,33,393
Statistik Ekonomi,2025,hasil,6,393
Statistik Lingkungan Hidup dan Multi-domain,2015,hasil,2,393
Statistik Lingkungan Hidup dan Multi-domain,2017,hasil,2,393
Statistik Lingkungan Hidup dan Multi-domain,2018,hasil,3,393
Statistik Lingkungan Hidup dan Multi-domain,2023,hasil,3,393
Tidak Berkategori,2016,hasil,4,393
Tidak Berkategori,2017,hasil,3,393
Tidak Berkategori,2023,hasil,1,393
Statistik Ekonomi,2015,golong,30,377
Statistik Ekonomi,2016,golong,47,377
Statistik Ekonomi,2017,golong,33,377
Statistik Ekonomi,2018,golong,31,377
Statistik Ekonomi,2019,golong,30,377
Statistik Ekonomi,2020,golong,47,377
Statistik Ekonomi,2021,golong,26,377
Statistik Ekonomi,2022,golong,26,377
Statistik Ekonomi,2023,golong,36,377
Statistik Ekonomi,2024,golong,47,377
Statistik Ekonomi,2025,golong,4,377
Statistik Lingkungan Hidup dan Multi-domain,2019,golong,4,377
Statistik Lingkungan Hidup dan Multi-domain,2020,golong,4,377
Statistik Lingkungan Hidup dan Multi-domain,2021,golong,4,377
Statistik Lingkungan Hidup dan Multi-domain,2022,golong,4,377
Statistik Lingkungan Hidup dan Multi-domain,2023,golong,4,377
Statistik Ekonomi,2015,hotel,36,376
Statistik Ekonomi,2016,hotel,36,376
Statistik Ekonomi,2017,hotel,36,376
Statistik Ekonomi,2018,hotel,37,376
Statistik Ekonomi,2019,hotel,37,376
Statistik Ekonomi,2020,hotel,34,376
Statistik Ekonomi,2021,hotel,29,376
Statistik Ekonomi,2022,hotel,37,376
Statistik Ekonomi,2023,hotel,32,376
Statistik Ekonomi,2024,hotel,40,376
Statistik Ekonomi,2025,hotel,18,376
Tidak Berkategori,2023,hotel,4,376
Statistik Ekonomi,2015,riil,23,375
Statistik Ekonomi,2016,riil,25,375
Statistik Ekonomi,2017,riil,30,375
Statistik Ekonomi,2018,riil,48,375
Statistik Ekonomi,2019,riil,58,375
Statistik Ekonomi,2020,riil,60,375
Statistik Ekonomi,2021,riil,60,375
Statistik Ekonomi,2022,riil,60,375
Statistik Ekonomi,2023,riil,5,375
Statistik Lingkungan Hidup dan Multi-domain,2021,riil,1,375
Statistik Lingkungan Hidup dan Multi-domain,2022,riil,1,375
Statistik Lingkungan Hidup dan Multi-domain,2023,riil,2,375
Statistik Lingkungan Hidup dan Multi-domain,2024,riil,1,375
Statistik Lingkungan Hidup dan Multi-domain,2025,riil,1,375
Statistik Demografi dan Sosial,2015,jawa,2,360
Statistik Demografi dan Sosial,2016,jawa,3,360
Statistik Demografi dan Sosial,2018,jawa,1,360
Statistik Demografi dan Sosial,2020,jawa,1,360
Statistik Demografi dan Sosial,2023,jawa,1,360
Statistik Ekonomi,2015,jawa,41,360
Statistik Ekonomi,2016,jawa,52,360
Statistik Ekonomi,2017,jawa,37,360
Statistik Ekonomi,2018,jawa,33,360
Statistik Ekonomi,2019,jawa,32,360
Statistik Ekonomi,2020,jawa,30,360
Statistik Ekonomi,2021,jawa,28,360
Statistik Ekonomi,2022,jawa,29,360
Statistik Ekonomi,2023,jawa,34,360
Statistik Ekonomi,2024,jawa,27,360
Statistik Ekonomi,2025,jawa,5,360
Tidak Berkategori,2016,jawa,2,360
Tidak Berkategori,2017,jawa,1,360
Tidak Berkategori,2023,jawa,1,360
Statistik Ekonomi,2015,hari,33,351
Statistik Ekonomi,2016,hari,36,351
Statistik Ekonomi,2017,hari,39,351
Statistik Ekonomi,2018,hari,47,351
Statistik Ekonomi,2019,hari,48,351
Statistik Ekonomi,2020,hari,48,351
Statistik Ekonomi,2021,hari,48,351
Statistik Ekonomi,2022,hari,48,351
Statistik Ekonomi,2023,hari,4,351
Statistik Ekonomi,2015,bintang,36,344
Statistik Ekonomi,2016,bintang,36,344
Statistik Ekonomi,2017,bintang,36,344
Statistik Ekonomi,2018,bintang,36,344
Statistik Ekonomi,2019,bintang,36,344
Statistik Ekonomi,2020,bintang,34,344
Statistik Ekonomi,2021,bintang,29,344
Statistik Ekonomi,2022,bintang,25,344
Statistik Ekonomi,2023,bintang,24,344
Statistik Ekonomi,2024,bintang,31,344
Statistik Ekonomi,2025,bintang,18,344
Tidak Berkategori,2023,bintang,3,344
Statistik Ekonomi,2015,terima,12,344
Statistik Ekonomi,2016,terima,12,344
Statistik Ekonomi,2017,terima,20,344
Statistik Ekonomi,2018,terima,47,344
Statistik Ekonomi,2019,terima,48,344
Statistik Ekonomi,2020,terima,48,344
Statistik Ekonomi,2021,terima,48,344
Statistik Ekonomi,2022,terima,48,344
Statistik Ekonomi,2023,terima,26,344
Statistik Ekonomi,2024,terima,24,344
Statistik Ekonomi,2025,terima,11,344
Statistik Demografi dan Sosial,2019,ekonomi,1,341
Statistik Ekonomi,2015,ekonomi,36,341
Statistik Ekonomi,2016,ekonomi,35,341
Statistik Ekonomi,2017,ekonomi,32,341
Statistik Ekonomi,2018,ekonomi,32,341
Statistik Ekonomi,2019,ekonomi,31,341
Statistik Ekonomi,2020,ekonomi,28,341
Statistik Ekonomi,2021,ekonomi,24,341
Statistik Ekonomi,2022,ekonomi,28,341
Statistik Ekonomi,2023,ekonomi,28,341
Statistik Ekonomi,2024,ekonomi,29,341
Statistik Ekonomi,2025,ekonomi,31,341
Tidak Berkategori,2016,ekonomi,3,341
Tidak Berkategori,2017,ekonomi,3,341
Statistik Demografi dan Sosial,2016,desa,1,328
Statistik Demografi dan Sosial,2017,desa,1,328
Statistik Demografi dan Sosial,2018,desa,1,328
Statistik Demografi dan Sosial,2019,desa,1,328
Statistik Demografi dan Sosial,2020,desa,1,328
Statistik Demografi dan Sosial,2021,desa,1,328
Statistik Demografi dan Sosial,2022,desa,1,328
Statistik Demografi dan Sosial,2024,desa,1,328
Statistik Ekonomi,2015,desa,12,328
Statistik Ekonomi,2016,desa,12,328
Statistik Ekonomi,2017,desa,15,328
Statistik Ekonomi,2018,desa,23,328
Statistik Ekonomi,2019,desa,34,328
Statistik Ekonomi,2020,desa,25,328
Statistik Ekonomi,2021,desa,24,328
Statistik Ekonomi,2022,desa,24,328
Statistik Ekonomi,2023,desa,13,328
Statistik Ekonomi,2024,desa,12,328
Statistik Ekonomi,2025,desa,3,328
Statistik Lingkungan Hidup dan Multi-domain,2015,desa,23,328
Statistik Lingkungan Hidup dan Multi-domain,2016,desa,10,328
Statistik Lingkungan Hidup dan Multi-domain,2017,desa,10,328
Statistik Lingkungan Hidup dan Multi-domain,2018,desa,27,328
Statistik Lingkungan Hidup dan Multi-domain,2019,desa,8,328
Statistik Lingkungan Hidup dan Multi-domain,2020,desa,8,328
Statistik Lingkungan Hidup dan Multi-domain,2021,desa,8,328
Statistik Lingkungan Hidup dan Multi-domain,2022,desa,8,328
Statistik Lingkungan Hidup dan Multi-domain,2023,desa,8,328
Statistik Lingkungan Hidup dan Multi-domain,2024,desa,4,328
Statistik Lingkungan Hidup dan Multi-domain,2025,desa,8,328
Tidak Berkategori,2023,desa,1,328
Statistik Ekonomi,2015,jepang,51,328
Statistik Ekonomi,2016,jepang,72,328
Statistik Ekonomi,2017,jepang,62,328
Statistik Ekonomi,2018,jepang,25,328
Statistik Ekonomi,2019,jepang,22,328
Statistik Ekonomi,2020,jepang,24,328
Statistik Ekonomi,2021,jepang,23,328
Statistik Ekonomi,2022,jepang,18,328
Statistik Ekonomi,2023,jepang,17,328
Statistik Ekonomi,2024,jepang,14,328
Statistik Ekonomi,2015,sebab,36,326
Statistik Ekonomi,2016,sebab,42,326
Statistik Ekonomi,2017,sebab,40,326
Statistik Ekonomi,2018,sebab,37,326
Statistik Ekonomi,2019,sebab,24,326
Statistik Ekonomi,2020,sebab,30,326
Statistik Ekonomi,2021,sebab,24,326
Statistik Ekonomi,2022,sebab,24,326
Statistik Ekonomi,2023,sebab,24,326
Statistik Ekonomi,2024,sebab,24,326
Statistik Ekonomi,2025,sebab,20,326
Statistik Lingkungan Hidup dan Multi-domain,2017,sebab,1,326
Statistik Ekonomi,2015,inti,36,319
Statistik Ekonomi,2016,inti,36,319
Statistik Ekonomi,2017,inti,36,319
Statistik Ekonomi,2018,inti,36,319
Statistik Ekonomi,2019,inti,36,319
Statistik Ekonomi,2020,inti,35,319
Statistik Ekonomi,2021,inti,36,319
Statistik Ekonomi,2022,inti,32,319
Statistik Ekonomi,2023,inti,12,319
Statistik Ekonomi,2024,inti,12,319
Statistik Ekonomi,2025,inti,12,319
Statistik Ekonomi,2015,kering,11,306
Statistik Ekonomi,2016,kering,6,306
Statistik Ekonomi,2017,kering,4,306
Statistik Ekonomi,2018,kering,26,306
Statistik Ekonomi,2019,kering,28,306
Statistik Ekonomi,2020,kering,35,306
Statistik Ekonomi,2021,kering,34,306
Statistik Ekonomi,2022,kering,35,306
Statistik Ekonomi,2023,kering,33,306
Statistik Ekonomi,2024,kering,30,306
Statistik Ekonomi,2025,kering,62,306
Tidak Berkategori,2023,kering,2,306
Statistik Ekonomi,2015,deflasi,41,297
Statistik Ekonomi,2016,deflasi,35,297
Statistik Ekonomi,2017,deflasi,36,297
Statistik Ekonomi,2018,deflasi,27,297
Statistik Ekonomi,2019,deflasi,27,297
Statistik Ekonomi,2020,deflasi,35,297
Statistik Ekonomi,2021,deflasi,31,297
Statistik Ekonomi,2022,deflasi,25,297
Statistik Ekonomi,2023,deflasi,2,297
Statistik Ekonomi,2024,deflasi,12,297
Statistik Ekonomi,2025,deflasi,26,297
Statistik Demografi dan Sosial,2015,penduduk,10,291
Statistik Demografi dan Sosial,2016,penduduk,4,291
Statistik Demografi dan Sosial,2017,penduduk,9,291
Statistik Demografi dan Sosial,2018,penduduk,6,291
Statistik Demografi dan Sosial,2019,penduduk,4,291
Statistik Demografi dan Sosial,2020,penduduk,4,291
Statistik Demografi dan Sosial,2021,penduduk,13,291
Statistik Demografi dan Sosial,2022,penduduk,6,291
Statistik Demografi dan Sosial,2023,penduduk,6,291
Statistik Demografi dan Sosial,2024,penduduk,2,291
Statistik Demografi dan Sosial,2025,penduduk,3,291
Statistik Ekonomi,2016,penduduk,3,291
Statistik Ekonomi,2018,penduduk,1,291
Statistik Ekonomi,2020,penduduk,2,291
Statistik Ekonomi,2021,penduduk,2,291
Statistik Ekonomi,2022,penduduk,2,291
Statistik Ekonomi,2023,penduduk,3,291
Statistik Ekonomi,2024,penduduk,2,291
Statistik Ekonomi,2025,penduduk,11,291
Statistik Lingkungan Hidup dan Multi-domain,2015,penduduk,17,291
Statistik Lingkungan Hidup dan Multi-domain,2016,penduduk,18,291
Statistik Lingkungan Hidup dan Multi-domain,2017,penduduk,19,291
Statistik Lingkungan Hidup dan Multi-domain,2018,penduduk,17,291
Statistik Lingkungan Hidup dan Multi-domain,2019,penduduk,17,291
Statistik Lingkungan Hidup dan Multi-domain,2020,penduduk,18,291
Statistik Lingkungan Hidup dan Multi-domain,2021,penduduk,20,291
Statistik Lingkungan Hidup dan Multi-domain,2022,penduduk,20,291
Statistik Lingkungan Hidup dan Multi-domain,2023,penduduk,20,291
Statistik Lingkungan Hidup dan Multi-domain,2024,penduduk,12,291
Statistik Lingkungan Hidup dan Multi-domain,2025,penduduk,20,291
Statistik Demografi dan Sosial,2015,ubah,1,289
Statistik Demografi dan Sosial,2016,ubah,1,289
Statistik Demografi dan Sosial,2017,ubah,1,289
Statistik Demografi dan Sosial,2018,ubah,1,289
Statistik Demografi dan Sosial,2020,ubah,5,289
Statistik Ekonomi,2015,ubah,3,289
Statistik Ekonomi,2018,ubah,1,289
Statistik Ekonomi,2019,ubah,2,289
Statistik Ekonomi,2020,ubah,35,289
Statistik Ekonomi,2021,ubah,30,289
Statistik Ekonomi,2022,ubah,34,289
Statistik Ekonomi,2023,ubah,61,289
Statistik Ekonomi,2024,ubah,62,289
Statistik Ekonomi,2025,ubah,45,289
Statistik Lingkungan Hidup dan Multi-domain,2016,ubah,1,289
Statistik Lingkungan Hidup dan Multi-domain,2020,ubah,2,289
Statistik Lingkungan Hidup dan Multi-domain,2022,ubah,2,289
Statistik Lingkungan Hidup dan Multi-domain,2023,ubah,2,289
Statistik Demografi dan Sosial,2015,barat,3,288
Statistik Demografi dan Sosial,2016,barat,5,288
Statistik Demografi dan Sosial,2019,barat,2,288
Statistik Demografi dan Sosial,2020,barat,5,288
Statistik Demografi dan Sosial,2021,barat,2,288
Statistik Ekonomi,2015,barat,27,288
Statistik Ekonomi,2016,barat,62,288
Statistik Ekonomi,2017,barat,37,288
Statistik Ekonomi,2018,barat,22,288
Statistik Ekonomi,2019,barat,18,288
Statistik Ekonomi,2020,barat,17,288
Statistik Ekonomi,2021,barat,15,288
Statistik Ekonomi,2022,barat,15,288
Statistik Ekonomi,2023,barat,19,288
Statistik Ekonomi,2024,barat,24,288
Statistik Ekonomi,2025,barat,14,288
Statistik Lingkungan Hidup dan Multi-domain,2015,barat,1,288
Statistik Demografi dan Sosial,2016,komoditas,4,288
Statistik Demografi dan Sosial,2019,komoditas,1,288
Statistik Demografi dan Sosial,2020,komoditas,1,288
Statistik Demografi dan Sosial,2021,komoditas,3,288
Statistik Ekonomi,2015,komoditas,11,288
Statistik Ekonomi,2016,komoditas,12,288
Statistik Ekonomi,2017,komoditas,15,288
Statistik Ekonomi,2018,komoditas,24,288
Statistik Ekonomi,2019,komoditas,24,288
Statistik Ekonomi,2020,komoditas,24,288
Statistik Ekonomi,2021,komoditas,27,288
Statistik Ekonomi,2022,komoditas,36,288
Statistik Ekonomi,2023,komoditas,36,288
Statistik Ekonomi,2024,komoditas,45,288
Statistik Ekonomi,2025,komoditas,24,288
Tidak Berkategori,2023,komoditas,1,288
Statistik Demografi dan Sosial,2015,timur,2,284
Statistik Demografi dan Sosial,2016,timur,1,284
Statistik Demografi dan Sosial,2018,timur,1,284
Statistik Demografi dan Sosial,2020,timur,1,284
Statistik Ekonomi,2015,timur,26,284
Statistik Ekonomi,2016,timur,38,284
Statistik Ekonomi,2017,timur,38,284
Statistik Ekonomi,2018,timur,31,284
Statistik Ekonomi,2019,timur,24,284
Statistik Ekonomi,2020,timur,23,284
Statistik Ekonomi,2021,timur,17,284
Statistik Ekonomi,2022,timur,24,284
Statistik Ekonomi,2023,timur,27,284
Statistik Ekonomi,2024,timur,26,284
Statistik Ekonomi,2025,timur,2,284
Statistik Lingkungan Hidup dan Multi-domain,2015,timur,2,284
Tidak Berkategori,2023,timur,1,284
Statistik Ekonomi,2015,amerika,51,283
Statistik Ekonomi,2016,amerika,72,283
Statistik Ekonomi,2017,amerika,72,283
Statistik Ekonomi,2018,amerika,16,283
Statistik Ekonomi,2019,amerika,12,283
Statistik Ekonomi,2020,amerika,12,283
Statistik Ekonomi,2021,amerika,12,283
Statistik Ekonomi,2022,amerika,12,283
Statistik Ekonomi,2023,amerika,12,283
Statistik Ekonomi,2024,amerika,12,283
Statistik Demografi dan Sosial,2018,minum,2,281
Statistik Demografi dan Sosial,2019,minum,2,281
Statistik Demografi dan Sosial,2020,minum,1,281
Statistik Demografi dan Sosial,2021,minum,1,281
Statistik Demografi dan Sosial,2023,minum,2,281
Statistik Demografi dan Sosial,2024,minum,1,281
Statistik Ekonomi,2015,minum,17,281
Statistik Ekonomi,2016,minum,17,281
Statistik Ekonomi,2017,minum,22,281
Statistik Ekonomi,2018,minum,18,281
Statistik Ekonomi,2019,minum,18,281
Statistik Ekonomi,2020,minum,34,281
Statistik Ekonomi,2021,minum,33,281
Statistik Ekonomi,2022,minum,31,281
Statistik Ekonomi,2023,minum,29,281
Statistik Ekonomi,2024,minum,36,281
Statistik Ekonomi,2025,minum,17,281
Statistik Ekonomi,2020,nilai,35,281
Statistik Ekonomi,2021,nilai,39,281
Statistik Ekonomi,2022,nilai,53,281
Statistik Ekonomi,2023,nilai,70,281
Statistik Ekonomi,2024,nilai,68,281
Statistik Ekonomi,2025,nilai,16,281
Statistik Demografi dan Sosial,2015,konsumen,1,276
Statistik Demografi dan Sosial,2016,konsumen,6,276
Statistik Demografi dan Sosial,2018,konsumen,7,276
Statistik Demografi dan Sosial,2019,konsumen,9,276
Statistik Demografi dan Sosial,2020,konsumen,12,276
Statistik Demografi dan Sosial,2021,konsumen,4,276
Statistik Ekonomi,2015,konsumen,23,276
Statistik Ekonomi,2016,konsumen,16,276
Statistik Ekonomi,2017,konsumen,18,276
Statistik Ekonomi,2018,konsumen,29,276
Statistik Ekonomi,2019,konsumen,37,276
Statistik Ekonomi,2020,konsumen,28,276
Statistik Ekonomi,2021,konsumen,24,276
Statistik Ekonomi,2022,konsumen,24,276
Statistik Ekonomi,2023,konsumen,13,276
Statistik Ekonomi,2024,konsumen,13,276
Statistik Ekonomi,2025,konsumen,12,276
Statistik Ekonomi,2015,panen,12,276
Statistik Ekonomi,2016,panen,6,276
Statistik Ekonomi,2017,panen,2,276
Statistik Ekonomi,2018,panen,20,276
Statistik Ekonomi,2019,panen,16,276
Statistik Ekonomi,2020,panen,27,276
Statistik Ekonomi,2021,panen,26,276
Statistik Ekonomi,2022,panen,27,276
Statistik Ekonomi,2023,panen,29,276
Statistik Ekonomi,2024,panen,27,276
Statistik Ekonomi,2025,panen,80,276
Tidak Berkategori,2023,panen,4,276
Statistik Ekonomi,2017,daya,12,272
Statistik Ekonomi,2018,daya,45,272
Statistik Ekonomi,2019,daya,48,272
Statistik Ekonomi,2020,daya,36,272
Statistik Ekonomi,2021,daya,36,272
Statistik Ekonomi,2022,daya,36,272
Statistik Ekonomi,2023,daya,25,272
Statistik Ekonomi,2024,daya,26,272
Statistik Ekonomi,2025,daya,8,272
Statistik Ekonomi,2015,year,2,266
Statistik Ekonomi,2016,year,2,266
Statistik Ekonomi,2022,year,10,266
Statistik Ekonomi,2023,year,86,266
Statistik Ekonomi,2024,year,92,266
Statistik Ekonomi,2025,year,60,266
Tidak Berkategori,2023,year,14,266
Statistik Ekonomi,2015,kalender,24,259
Statistik Ekonomi,2016,kalender,24,259
Statistik Ekonomi,2017,kalender,24,259
Statistik Ekonomi,2018,kalender,24,259
Statistik Ekonomi,2019,kalender,24,259
Statistik Ekonomi,2020,kalender,35,259
Statistik Ekonomi,2021,kalender,36,259
Statistik Ekonomi,2022,kalender,32,259
Statistik Ekonomi,2023,kalender,12,259
Statistik Ekonomi,2024,kalender,12,259
Statistik Ekonomi,2025,kalender,12,259
Statistik Lingkungan Hidup dan Multi-domain,2015,miskin,22,259
Statistik Lingkungan Hidup dan Multi-domain,2016,miskin,22,259
Statistik Lingkungan Hidup dan Multi-domain,2017,miskin,24,259
Statistik Lingkungan Hidup dan Multi-domain,2018,miskin,22,259
Statistik Lingkungan Hidup dan Multi-domain,2019,miskin,26,259
Statistik Lingkungan Hidup dan Multi-domain,2020,miskin,26,259
Statistik Lingkungan Hidup dan Multi-domain,2021,miskin,28,259
Statistik Lingkungan Hidup dan Multi-domain,2022,miskin,28,259
Statistik Lingkungan Hidup dan Multi-domain,2023,miskin,27,259
Statistik Lingkungan Hidup dan Multi-domain,2024,miskin,14,259
Statistik Lingkungan Hidup dan Multi-domain,2025,miskin,20,259
Statistik Ekonomi,2015,ntup,24,254
Statistik Ekonomi,2016,ntup,24,254
Statistik Ekonomi,2017,ntup,24,254
Statistik Ekonomi,2018,ntup,24,254
Statistik Ekonomi,2019,ntup,22,254
Statistik Ekonomi,2020,ntup,24,254
Statistik Ekonomi,2021,ntup,24,254
Statistik Ekonomi,2022,ntup,24,254
Statistik Ekonomi,2023,ntup,24,254
Statistik Ekonomi,2024,ntup,24,254
Statistik Ekonomi,2025,ntup,16,254
Statistik Demografi dan Sosial,2015,pulau,1,254
Statistik Demografi dan Sosial,2019,pulau,1,254
Statistik Demografi dan Sosial,2021,pulau,1,254
Statistik Demografi dan Sosial,2023,pulau,1,254
Statistik Ekonomi,2015,pulau,34,254
Statistik Ekonomi,2016,pulau,47,254
Statistik Ekonomi,2017,pulau,38,254
Statistik Ekonomi,2018,pulau,26,254
Statistik Ekonomi,2019,pulau,25,254
Statistik Ekonomi,2020,pulau,22,254
Statistik Ekonomi,2021,pulau,12,254
Statistik Ekonomi,2022,pulau,6,254
Statistik Ekonomi,2023,pulau,10,254
Statistik Ekonomi,2024,pulau,14,254
Statistik Ekonomi,2025,pulau,6,254
Statistik Lingkungan Hidup dan Multi-domain,2015,pulau,3,254
Tidak Berkategori,2016,pulau,5,254
Tidak Berkategori,2017,pulau,2,254
Statistik Ekonomi,2015,negara,24,252
Statistik Ekonomi,2016,negara,25,252
Statistik Ekonomi,2017,negara,23,252
Statistik Ekonomi,2018,negara,23,252
Statistik Ekonomi,2019,negara,22,252
Statistik Ekonomi,2020,negara,24,252
Statistik Ekonomi,2021,negara,23,252
Statistik Ekonomi,2022,negara,24,252
Statistik Ekonomi,2023,negara,24,252
Statistik Ekonomi,2024,negara,39,252
Statistik Lingkungan Hidup dan Multi-domain,2015,negara,1,252
Statistik Demografi dan Sosial,2016,kondisi,1,250
Statistik Ekonomi,2015,kondisi,36,250
Statistik Ekonomi,2016,kondisi,34,250
Statistik Ekonomi,2017,kondisi,39,250
Statistik Ekonomi,2018,kondisi,18,250
Statistik Ekonomi,2019,kondisi,21,250
Statistik Ekonomi,2020,kondisi,5,250
Statistik Ekonomi,2021,kondisi,2,250
Statistik Ekonomi,2022,kondisi,21,250
Statistik Ekonomi,2023,kondisi,24,250
Statistik Ekonomi,2024,kondisi,15,250
Statistik Ekonomi,2025,kondisi,3,250
Statistik Lingkungan Hidup dan Multi-domain,2015,kondisi,6,250
Statistik Lingkungan Hidup dan Multi-domain,2016,kondisi,6,250
Statistik Lingkungan Hidup dan Multi-domain,2017,kondisi,6,250
Statistik Lingkungan Hidup dan Multi-domain,2018,kondisi,6,250
Statistik Lingkungan Hidup dan Multi-domain,2022,kondisi,1,250
Tidak Berkategori,2023,kondisi,6,250
Statistik Demografi dan Sosial,2019,sisi,1,242
Statistik Ekonomi,2015,sisi,20,242
Statistik Ekonomi,2016,sisi,22,242
Statistik Ekonomi,2017,sisi,22,242
Statistik Ekonomi,2018,sisi,22,242
Statistik Ekonomi,2019,sisi,22,242
Statistik Ekonomi,2020,sisi,21,242
Statistik Ekonomi,2021,sisi,22,242
Statistik Ekonomi,2022,sisi,20,242
Statistik Ekonomi,2023,sisi,22,242
Statistik Ekonomi,2024,sisi,22,242
Statistik Ekonomi,2025,sisi,22,242
Statistik Lingkungan Hidup dan Multi-domain,2020,sisi,3,242
Tidak Berkategori,2023,sisi,1,242
Statistik Demografi dan Sosial,2016,lapang,1,241
Statistik Demografi dan Sosial,2018,lapang,4,241
Statistik Demografi dan Sosial,2019,lapang,6,241
Statistik Demografi dan Sosial,2020,lapang,5,241
Statistik Demografi dan Sosial,2021,lapang,3,241
Statistik Demografi dan Sosial,2022,lapang,4,241
Statistik Demografi dan Sosial,2023,lapang,4,241
Statistik Demografi dan Sosial,2024,lapang,3,241
Statistik Demografi dan Sosial,2025,lapang,2,241
Statistik Ekonomi,2015,lapang,29,241
Statistik Ekonomi,2016,lapang,35,241
Statistik Ekonomi,2017,lapang,33,241
Statistik Ekonomi,2018,lapang,20,241
Statistik Ekonomi,2019,lapang,19,241
Statistik Ekonomi,2020,lapang,12,241
Statistik Ekonomi,2021,lapang,11,241
Statistik Ekonomi,2022,lapang,10,241
Statistik Ekonomi,2023,lapang,11,241
Statistik Ekonomi,2024,lapang,12,241
Statistik Ekonomi,2025,lapang,11,241
Tidak Berkategori,2017,lapang,6,241
Statistik Demografi dan Sosial,2015,minggu,4,240
Statistik Demografi dan Sosial,2018,minggu,1,240
Statistik Demografi dan Sosial,2019,minggu,1,240
Statistik Demografi dan Sosial,2020,minggu,1,240
Statistik Ekonomi,2015,minggu,48,240
Statistik Ekonomi,2016,minggu,96,240
Statistik Ekonomi,2017,minggu,85,240
Statistik Ekonomi,2018,minggu,4,240
Statistik Demografi dan Sosial,2017,tambang,1,239
Statistik Demografi dan Sosial,2019,tambang,1,239
Statistik Demografi dan Sosial,2020,tambang,1,239
Statistik Demografi dan Sosial,2024,tambang,1,239
Statistik Ekonomi,2015,tambang,26,239
Statistik Ekonomi,2016,tambang,24,239
Statistik Ekonomi,2017,tambang,21,239
Statistik Ekonomi,2018,tambang,21,239
Statistik Ekonomi,2019,tambang,20,239
Statistik Ekonomi,2020,tambang,20,239
Statistik Ekonomi,2021,tambang,29,239
Statistik Ekonomi,2022,tambang,25,239
Statistik Ekonomi,2023,tambang,28,239
Statistik Ekonomi,2024,tambang,17,239
Statistik Ekonomi,2025,tambang,4,239
Statistik Ekonomi,2015,tiongkok,22,238
Statistik Ekonomi,2016,tiongkok,24,238
Statistik Ekonomi,2017,tiongkok,22,238
Statistik Ekonomi,2018,tiongkok,23,238
Statistik Ekonomi,2019,tiongkok,22,238
Statistik Ekonomi,2020,tiongkok,24,238
Statistik Ekonomi,2021,tiongkok,24,238
Statistik Ekonomi,2022,tiongkok,24,238
Statistik Ekonomi,2023,tiongkok,24,238
Statistik Ekonomi,2024,tiongkok,29,238
Statistik Demografi dan Sosial,2018,olah,2,234
Statistik Demografi dan Sosial,2019,olah,1,234
Statistik Demografi dan Sosial,2020,olah,1,234
Statistik Demografi dan Sosial,2021,olah,1,234
Statistik Ekonomi,2015,olah,26,234
Statistik Ekonomi,2016,olah,31,234
Statistik Ekonomi,2017,olah,30,234
Statistik Ekonomi,2018,olah,26,234
Statistik Ekonomi,2019,olah,17,234
Statistik Ekonomi,2020,olah,18,234
Statistik Ekonomi,2021,olah,20,234
Statistik Ekonomi,2022,olah,20,234
Statistik Ekonomi,2023,olah,20,234
Statistik Ekonomi,2024,olah,17,234
Statistik Ekonomi,2025,olah,4,234
Statistik Ekonomi,2015,eropa,24,233
Statistik Ekonomi,2016,eropa,24,233
Statistik Ekonomi,2017,eropa,22,233
Statistik Ekonomi,2018,eropa,23,233
Statistik Ekonomi,2019,eropa,22,233
Statistik Ekonomi,2020,eropa,24,233
Statistik Ekonomi,2021,eropa,24,233
Statistik Ekonomi,2022,eropa,24,233
Statistik Ekonomi,2023,eropa,24,233
Statistik Ekonomi,2024,eropa,22,233
Statistik Ekonomi,2015,kurs,48,233
Statistik Ekonomi,2016,kurs,96,233
Statistik Ekonomi,2017,kurs,85,233
Statistik Ekonomi,2018,kurs,4,233
Statistik Demografi dan Sosial,2023,level,1,231
Statistik Ekonomi,2015,level,40,231
Statistik Ekonomi,2016,level,96,231
Statistik Ekonomi,2017,level,86,231
Statistik Ekonomi,2018,level,5,231
Statistik Ekonomi,2020,level,1,231
Statistik Ekonomi,2021,level,1,231
Statistik Ekonomi,2023,level,1,231
Statistik Demografi dan Sosial,2017,listrik,1,231
Statistik Ekonomi,2015,listrik,23,231
Statistik Ekonomi,2016,listrik,27,231
Statistik Ekonomi,2017,listrik,31,231
Statistik Ekonomi,2018,listrik,27,231
Statistik Ekonomi,2019,listrik,22,231
Statistik Ekonomi,2020,listrik,16,231
Statistik Ekonomi,2021,listrik,16,231
Statistik Ekonomi,2022,listrik,16,231
Statistik Ekonomi,2023,listrik,16,231
Statistik Ekonomi,2024,listrik,16,231
Statistik Ekonomi,2025,listrik,12,231
Statistik Lingkungan Hidup dan Multi-domain,2015,listrik,2,231
Statistik Lingkungan Hidup dan Multi-domain,2016,listrik,2,231
Statistik Lingkungan Hidup dan Multi-domain,2017,listrik,2,231
Statistik Lingkungan Hidup dan Multi-domain,2018,listrik,2,231
Statistik Ekonomi,2015,kumulatif,40,228
Statistik Ekonomi,2016,kumulatif,42,228
Statistik Ekonomi,2017,kumulatif,22,228
Statistik Ekonomi,2018,kumulatif,15,228
Statistik Ekonomi,2019,kumulatif,20,228
Statistik Ekonomi,2020,kumulatif,21,228
Statistik Ekonomi,2021,kumulatif,19,228
Statistik Ekonomi,2022,kumulatif,11,228
Statistik Ekonomi,2023,kumulatif,17,228
Statistik Ekonomi,2024,kumulatif,20,228
Tidak Berkategori,2023,kumulatif,1,228
Statistik Ekonomi,2017,premium,4,226
Statistik Ekonomi,2018,premium,16,226
Statistik Ekonomi,2019,premium,25,226
Statistik Ekonomi,2020,premium,33,226
Statistik Ekonomi,2021,premium,32,226
Statistik Ekonomi,2022,premium,34,226
Statistik Ekonomi,2023,premium,32,226
Statistik Ekonomi,2024,premium,20,226
Statistik Ekonomi,2025,premium,30,226
Statistik Demografi dan Sosial,2019,bayar,1,219
Statistik Ekonomi,2015,bayar,12,219
Statistik Ekonomi,2016,bayar,12,219
Statistik Ekonomi,2017,bayar,15,219
Statistik Ekonomi,2018,bayar,23,219
Statistik Ekonomi,2019,bayar,24,219
Statistik Ekonomi,2020,bayar,24,219
Statistik Ekonomi,2021,bayar,24,219
Statistik Ekonomi,2022,bayar,24,219
Statistik Ekonomi,2023,bayar,24,219
Statistik Ekonomi,2024,bayar,24,219
Statistik Ekonomi,2025,bayar,12,219
Statistik Demografi dan Sosial,2015,didik,2,218
Statistik Demografi dan Sosial,2016,didik,1,218
Statistik Demografi dan Sosial,2017,didik,3,218
Statistik Demografi dan Sosial,2018,didik,9,218
Statistik Demografi dan Sosial,2019,didik,3,218
Statistik Demografi dan Sosial,2020,didik,4,218
Statistik Demografi dan Sosial,2021,didik,1,218
Statistik Demografi dan Sosial,2022,didik,1,218
Statistik Demografi dan Sosial,2024,didik,1,218
Statistik Ekonomi,2015,didik,14,218
Statistik Ekonomi,2016,didik,12,218
Statistik Ekonomi,2017,didik,13,218
Statistik Ekonomi,2018,didik,12,218
Statistik Ekonomi,2019,didik,14,218
Statistik Ekonomi,2020,didik,16,218
Statistik Ekonomi,2021,didik,18,218
Statistik Ekonomi,2022,didik,16,218
Statistik Ekonomi,2023,didik,16,218
Statistik Ekonomi,2024,didik,17,218
Statistik Ekonomi,2025,didik,10,218
Statistik Lingkungan Hidup dan Multi-domain,2015,didik,3,218
Statistik Lingkungan Hidup dan Multi-domain,2016,didik,5,218
Statistik Lingkungan Hidup dan Multi-domain,2017,didik,6,218
Statistik Lingkungan Hidup dan Multi-domain,2018,didik,7,218
Statistik Lingkungan Hidup dan Multi-domain,2019,didik,2,218
Statistik Lingkungan Hidup dan Multi-domain,2020,didik,8,218
Statistik Lingkungan Hidup dan Multi-domain,2021,didik,3,218
Tidak Berkategori,2023,didik,1,218
Statistik Ekonomi,2015,alat,23,216
Statistik Ekonomi,2016,alat,49,216
Statistik Ekonomi,2017,alat,24,216
Statistik Ekonomi,2018,alat,9,216
Statistik Ekonomi,2019,alat,17,216
Statistik Ekonomi,2020,alat,17,216
Statistik Ekonomi,2021,alat,17,216
Statistik Ekonomi,2022,alat,19,216
Statistik Ekonomi,2023,alat,15,216
Statistik Ekonomi,2024,alat,22,216
Statistik Ekonomi,2025,alat,4,216
Statistik Ekonomi,2015,bisnis,51,216
Statistik Ekonomi,2016,bisnis,52,216
Statistik Ekonomi,2017,bisnis,56,216
Statistik Ekonomi,2018,bisnis,28,216
Statistik Ekonomi,2019,bisnis,24,216
Statistik Ekonomi,2020,bisnis,5,216
Statistik Demografi dan Sosial,2015,dasar,1,207
Statistik Demografi dan Sosial,2016,dasar,3,207
Statistik Demografi dan Sosial,2017,dasar,2,207
Statistik Demografi dan Sosial,2018,dasar,3,207
Statistik Demografi dan Sosial,2019,dasar,3,207
Statistik Demografi dan Sosial,2020,dasar,3,207
Statistik Demografi dan Sosial,2021,dasar,1,207
Statistik Demografi dan Sosial,2022,dasar,3,207
Statistik Demografi dan Sosial,2023,dasar,2,207
Statistik Demografi dan Sosial,2024,dasar,3,207
Statistik Demografi dan Sosial,2025,dasar,2,207
Statistik Ekonomi,2015,dasar,13,207
Statistik Ekonomi,2016,dasar,19,207
Statistik Ekonomi,2017,dasar,18,207
Statistik Ekonomi,2018,dasar,16,207
Statistik Ekonomi,2019,dasar,15,207
Statistik Ekonomi,2020,dasar,11,207
Statistik Ekonomi,2021,dasar,11,207
Statistik Ekonomi,2022,dasar,11,207
Statistik Ekonomi,2023,dasar,11,207
Statistik Ekonomi,2024,dasar,13,207
Statistik Ekonomi,2025,dasar,11,207
Statistik Lingkungan Hidup dan Multi-domain,2015,dasar,2,207
Statistik Lingkungan Hidup dan Multi-domain,2017,dasar,1,207
Statistik Lingkungan Hidup dan Multi-domain,2018,dasar,4,207
Statistik Lingkungan Hidup dan Multi-domain,2019,dasar,2,207
Statistik Lingkungan Hidup dan Multi-domain,2020,dasar,2,207
Statistik Lingkungan Hidup dan Multi-domain,2021,dasar,3,207
Statistik Lingkungan Hidup dan Multi-domain,2022,dasar,4,207
Statistik Lingkungan Hidup dan Multi-domain,2023,dasar,5,207
Statistik Lingkungan Hidup dan Multi-domain,2024,dasar,3,207
Statistik Lingkungan Hidup dan Multi-domain,2025,dasar,4,207
Tidak Berkategori,2016,dasar,1,207
Tidak Berkategori,2023,dasar,1,207
Statistik Demografi dan Sosial,2015,kalimantan,1,204
Statistik Demografi dan Sosial,2016,kalimantan,6,204
Statistik Demografi dan Sosial,2019,kalimantan,4,204
Statistik Demografi dan Sosial,2020,kalimantan,4,204
Statistik Demografi dan Sosial,2021,kalimantan,1,204
Statistik Ekonomi,2015,kalimantan,15,204
Statistik Ekonomi,2016,kalimantan,37,204
Statistik Ekonomi,2017,kalimantan,33,204
Statistik Ekonomi,2018,kalimantan,21,204
Statistik Ekonomi,2019,kalimantan,16,204
Statistik Ekonomi,2020,kalimantan,16,204
Statistik Ekonomi,2021,kalimantan,5,204
Statistik Ekonomi,2022,kalimantan,14,204
Statistik Ekonomi,2023,kalimantan,14,204
Statistik Ekonomi,2024,kalimantan,14,204
Statistik Lingkungan Hidup dan Multi-domain,2015,kalimantan,3,204
Statistik Demografi dan Sosial,2017,jenis,1,203
Statistik Ekonomi,2015,jenis,28,203
Statistik Ekonomi,2016,jenis,82,203
Statistik Ekonomi,2017,jenis,57,203
Statistik Ekonomi,2018,jenis,8,203
Statistik Ekonomi,2019,jenis,5,203
Statistik Ekonomi,2020,jenis,6,203
Statistik Ekonomi,2021,jenis,8,203
Statistik Ekonomi,2022,jenis,2,203
Statistik Ekonomi,2024,jenis,1,203
Statistik Lingkungan Hidup dan Multi-domain,2016,jenis,1,203
Statistik Lingkungan Hidup dan Multi-domain,2017,jenis,2,203
Statistik Lingkungan Hidup dan Multi-domain,2018,jenis,2,203
Statistik Demografi dan Sosial,2015,klasifikasi,1,203
Statistik Demografi dan Sosial,2016,klasifikasi,1,203
Statistik Demografi dan Sosial,2017,klasifikasi,1,203
Statistik Demografi dan Sosial,2018,klasifikasi,1,203
Statistik Ekonomi,2017,klasifikasi,21,203
Statistik Ekonomi,2018,klasifikasi,36,203
Statistik Ekonomi,2019,klasifikasi,36,203
Statistik Ekonomi,2020,klasifikasi,34,203
Statistik Ekonomi,2021,klasifikasi,29,203
Statistik Ekonomi,2022,klasifikasi,33,203
Statistik Ekonomi,2023,klasifikasi,9,203
Tidak Berkategori,2017,klasifikasi,1,203
Statistik Ekonomi,2015,mesin,19,203
Statistik Ekonomi,2016,mesin,45,203
Statistik Ekonomi,2017,mesin,28,203
Statistik Ekonomi,2018,mesin,18,203
Statistik Ekonomi,2019,mesin,20,203
Statistik Ekonomi,2020,mesin,12,203
Statistik Ekonomi,2021,mesin,11,203
Statistik Ekonomi,2022,mesin,8,203
Statistik Ekonomi,2023,mesin,12,203
Statistik Ekonomi,2024,mesin,16,203
Statistik Ekonomi,2025,mesin,14,203
Statistik Ekonomi,2015,domestik,9,202
Statistik Ekonomi,2016,domestik,8,202
Statistik Ekonomi,2017,domestik,8,202
Statistik Ekonomi,2018,domestik,6,202
Statistik Ekonomi,2019,domestik,6,202
Statistik Ekonomi,2020,domestik,5,202
Statistik Ekonomi,2021,domestik,15,202
Statistik Ekonomi,2022,domestik,27,202
Statistik Ekonomi,2023,domestik,29,202
Statistik Ekonomi,2024,domestik,38,202
Statistik Ekonomi,2025,domestik,45,202
Tidak Berkategori,2023,domestik,6,202
Statistik Ekonomi,2017,banding,6,200
Statistik Ekonomi,2018,banding,23,200
Statistik Ekonomi,2019,banding,34,200
Statistik Ekonomi,2020,banding,36,200
Statistik Ekonomi,2021,banding,36,200
Statistik Ekonomi,2022,banding,36,200
Statistik Ekonomi,2023,banding,14,200
Statistik Ekonomi,2024,banding,12,200
Statistik Ekonomi,2025,banding,3,200
Statistik Ekonomi,2015,wisatawan,23,199
Statistik Ekonomi,2016,wisatawan,17,199
Statistik Ekonomi,2017,wisatawan,17,199
Statistik Ekonomi,2018,wisatawan,12,199
Statistik Ekonomi,2019,wisatawan,12,199
Statistik Ekonomi,2020,wisatawan,12,199
Statistik Ekonomi,2021,wisatawan,10,199
Statistik Ekonomi,2023,wisatawan,18,199
Statistik Ekonomi,2024,wisatawan,37,199
Statistik Ekonomi,2025,wisatawan,35,199
Tidak Berkategori,2023,wisatawan,6,199
Statistik Ekonomi,2015,migas,20,197
Statistik Ekonomi,2016,migas,23,197
Statistik Ekonomi,2017,migas,11,197
Statistik Ekonomi,2018,migas,11,197
Statistik Ekonomi,2019,migas,10,197
Statistik Ekonomi,2020,migas,12,197
Statistik Ekonomi,2021,migas,23,197
Statistik Ekonomi,2022,migas,24,197
Statistik Ekonomi,2023,migas,24,197
Statistik Ekonomi,2024,migas,23,197
Statistik Ekonomi,2025,migas,16,197
Statistik Ekonomi,2015,manufaktur,14,189
Statistik Ekonomi,2016,manufaktur,66,189
Statistik Ekonomi,2017,manufaktur,48,189
Statistik Ekonomi,2018,manufaktur,39,189
Statistik Ekonomi,2019,manufaktur,17,189
Statistik Ekonomi,2020,manufaktur,5,189
Statistik Ekonomi,2015,asal,11,186
Statistik Ekonomi,2016,asal,12,186
Statistik Ekonomi,2017,asal,12,186
Statistik Ekonomi,2018,asal,12,186
Statistik Ekonomi,2019,asal,12,186
Statistik Ekonomi,2020,asal,12,186
Statistik Ekonomi,2021,asal,23,186
Statistik Ekonomi,2022,asal,24,186
Statistik Ekonomi,2023,asal,32,186
Statistik Ekonomi,2024,asal,31,186
Statistik Ekonomi,2025,asal,4,186
Tidak Berkategori,2023,asal,1,186
Statistik Lingkungan Hidup dan Multi-domain,2016,gini,17,185
Statistik Lingkungan Hidup dan Multi-domain,2017,gini,21,185
Statistik Lingkungan Hidup dan Multi-domain,2018,gini,19,185
Statistik Lingkungan Hidup dan Multi-domain,2019,gini,21,185
Statistik Lingkungan Hidup dan Multi-domain,2020,gini,20,185
Statistik Lingkungan Hidup dan Multi-domain,2021,gini,20,185
Statistik Lingkungan Hidup dan Multi-domain,2022,gini,19,185
Statistik Lingkungan Hidup dan Multi-domain,2023,gini,19,185
Statistik Lingkungan Hidup dan Multi-domain,2024,gini,9,185
Statistik Lingkungan Hidup dan Multi-domain,2025,gini,20,185
Statistik Lingkungan Hidup dan Multi-domain,2016,ratio,17,185
Statistik Lingkungan Hidup dan Multi-domain,2017,ratio,21,185
Statistik Lingkungan Hidup dan Multi-domain,2018,ratio,19,185
Statistik Lingkungan Hidup dan Multi-domain,2019,ratio,21,185
Statistik Lingkungan Hidup dan Multi-domain,2020,ratio,20,185
Statistik Lingkungan Hidup dan Multi-domain,2021,ratio,20,185
Statistik Lingkungan Hidup dan Multi-domain,2022,ratio,19,185
Statistik Lingkungan Hidup dan Multi-domain,2023,ratio,19,185
Statistik Lingkungan Hidup dan Multi-domain,2024,ratio,9,185
Statistik Lingkungan Hidup dan Multi-domain,2025,ratio,20,185
Statistik Demografi dan Sosial,2020,sehat,1,185
Statistik Ekonomi,2015,sehat,12,185
Statistik Ekonomi,2016,sehat,13,185
Statistik Ekonomi,2017,sehat,13,185
Statistik Ekonomi,2018,sehat,13,185
Statistik Ekonomi,2019,sehat,14,185
Statistik Ekonomi,2020,sehat,16,185
Statistik Ekonomi,2021,sehat,19,185
Statistik Ekonomi,2022,sehat,20,185
Statistik Ekonomi,2023,sehat,17,185
Statistik Ekonomi,2024,sehat,16,185
Statistik Ekonomi,2025,sehat,8,185
Statistik Lingkungan Hidup dan Multi-domain,2015,sehat,2,185
Statistik Lingkungan Hidup dan Multi-domain,2016,sehat,2,185
Statistik Lingkungan Hidup dan Multi-domain,2017,sehat,3,185
Statistik Lingkungan Hidup dan Multi-domain,2018,sehat,3,185
Statistik Lingkungan Hidup dan Multi-domain,2020,sehat,2,185
Statistik Lingkungan Hidup dan Multi-domain,2021,sehat,3,185
Statistik Lingkungan Hidup dan Multi-domain,2022,sehat,3,185
Statistik Lingkungan Hidup dan Multi-domain,2023,sehat,2,185
Tidak Berkategori,2023,sehat,3,185
Statistik Ekonomi,2015,tembakau,13,183
Statistik Ekonomi,2016,tembakau,21,183
Statistik Ekonomi,2017,tembakau,19,183
Statistik Ekonomi,2018,tembakau,21,183
Statistik Ekonomi,2019,tembakau,14,183
Statistik Ekonomi,2020,tembakau,21,183
Statistik Ekonomi,2021,tembakau,17,183
Statistik Ekonomi,2022,tembakau,16,183
Statistik Ekonomi,2023,tembakau,14,183
Statistik Ekonomi,2024,tembakau,18,183
Statistik Ekonomi,2025,tembakau,9,183
Statistik Ekonomi,2015,produk,11,180
Statistik Ekonomi,2016,produk,16,180
Statistik Ekonomi,2017,produk,16,180
Statistik Ekonomi,2018,produk,17,180
Statistik Ekonomi,2019,produk,17,180
Statistik Ekonomi,2020,produk,18,180
Statistik Ekonomi,2021,produk,20,180
Statistik Ekonomi,2022,produk,17,180
Statistik Ekonomi,2023,produk,16,180
Statistik Ekonomi,2024,produk,19,180
Statistik Ekonomi,2025,produk,13,180
Statistik Ekonomi,2017,beli,9,179
Statistik Ekonomi,2018,beli,34,179
Statistik Ekonomi,2019,beli,36,179
Statistik Ekonomi,2020,beli,24,179
Statistik Ekonomi,2021,beli,24,179
Statistik Ekonomi,2022,beli,24,179
Statistik Ekonomi,2023,beli,13,179
Statistik Ekonomi,2024,beli,12,179
Statistik Ekonomi,2025,beli,3,179
Statistik Ekonomi,2017,medium,4,179
Statistik Ekonomi,2018,medium,25,179
Statistik Ekonomi,2019,medium,28,179
Statistik Ekonomi,2020,medium,25,179
Statistik Ekonomi,2021,medium,21,179
Statistik Ekonomi,2022,medium,24,179
Statistik Ekonomi,2023,medium,20,179
Statistik Ekonomi,2024,medium,10,179
Statistik Ekonomi,2025,medium,22,179
Statistik Ekonomi,2015,bakar,16,173
Statistik Ekonomi,2016,bakar,14,173
Statistik Ekonomi,2017,bakar,19,173
Statistik Ekonomi,2018,bakar,17,173
Statistik Ekonomi,2019,bakar,17,173
Statistik Ekonomi,2020,bakar,13,173
Statistik Ekonomi,2021,bakar,17,173
Statistik Ekonomi,2022,bakar,18,173
Statistik Ekonomi,2023,bakar,21,173
Statistik Ekonomi,2024,bakar,14,173
Statistik Ekonomi,2025,bakar,7,173
Statistik Demografi dan Sosial,2015,produsen,1,172
Statistik Demografi dan Sosial,2016,produsen,6,172
Statistik Demografi dan Sosial,2018,produsen,5,172
Statistik Demografi dan Sosial,2019,produsen,7,172
Statistik Demografi dan Sosial,2020,produsen,8,172
Statistik Demografi dan Sosial,2021,produsen,4,172
Statistik Ekonomi,2015,produsen,10,172
Statistik Ekonomi,2016,produsen,8,172
Statistik Ekonomi,2017,produsen,9,172
Statistik Ekonomi,2018,produsen,8,172
Statistik Ekonomi,2019,produsen,10,172
Statistik Ekonomi,2020,produsen,19,172
Statistik Ekonomi,2021,produsen,19,172
Statistik Ekonomi,2022,produsen,21,172
Statistik Ekonomi,2023,produsen,19,172
Statistik Ekonomi,2024,produsen,10,172
Statistik Ekonomi,2025,produsen,8,172
Statistik Demografi dan Sosial,2015,konstruksi,1,171
Statistik Demografi dan Sosial,2016,konstruksi,1,171
Statistik Demografi dan Sosial,2017,konstruksi,2,171
Statistik Demografi dan Sosial,2018,konstruksi,1,171
Statistik Demografi dan Sosial,2019,konstruksi,1,171
Statistik Demografi dan Sosial,2020,konstruksi,1,171
Statistik Ekonomi,2015,konstruksi,12,171
Statistik Ekonomi,2016,konstruksi,15,171
Statistik Ekonomi,2017,konstruksi,14,171
Statistik Ekonomi,2018,konstruksi,14,171
Statistik Ekonomi,2019,konstruksi,19,171
Statistik Ekonomi,2020,konstruksi,16,171
Statistik Ekonomi,2021,konstruksi,21,171
Statistik Ekonomi,2022,konstruksi,13,171
Statistik Ekonomi,2023,konstruksi,13,171
Statistik Ekonomi,2024,konstruksi,15,171
Statistik Ekonomi,2025,konstruksi,12,171
Statistik Demografi dan Sosial,2016,komunikasi,1,168
Statistik Demografi dan Sosial,2017,komunikasi,1,168
Statistik Demografi dan Sosial,2019,komunikasi,1,168
Statistik Demografi dan Sosial,2022,komunikasi,1,168
Statistik Demografi dan Sosial,2023,komunikasi,1,168
Statistik Ekonomi,2015,komunikasi,18,168
Statistik Ekonomi,2016,komunikasi,24,168
Statistik Ekonomi,2017,komunikasi,19,168
Statistik Ekonomi,2018,komunikasi,17,168
Statistik Ekonomi,2019,komunikasi,12,168
Statistik Ekonomi,2020,komunikasi,16,168
Statistik Ekonomi,2021,komunikasi,16,168
Statistik Ekonomi,2022,komunikasi,13,168
Statistik Ekonomi,2023,komunikasi,12,168
Statistik Ekonomi,2024,komunikasi,12,168
Statistik Ekonomi,2025,komunikasi,4,168
Statistik Demografi dan Sosial,2016,jalan,1,164
Statistik Demografi dan Sosial,2017,jalan,1,164
Statistik Demografi dan Sosial,2018,jalan,4,164
Statistik Demografi dan Sosial,2019,jalan,3,164
Statistik Demografi dan Sosial,2020,jalan,1,164
Statistik Demografi dan Sosial,2021,jalan,1,164
Statistik Ekonomi,2015,jalan,2,164
Statistik Ekonomi,2016,jalan,4,164
Statistik Ekonomi,2017,jalan,3,164
Statistik Ekonomi,2023,jalan,21,164
Statistik Ekonomi,2024,jalan,51,164
Statistik Ekonomi,2025,jalan,63,164
Tidak Berkategori,2017,jalan,1,164
Tidak Berkategori,2023,jalan,8,164
Statistik Ekonomi,2015,tiga,23,163
Statistik Ekonomi,2016,tiga,37,163
Statistik Ekonomi,2017,tiga,25,163
Statistik Ekonomi,2018,tiga,6,163
Statistik Ekonomi,2019,tiga,12,163
Statistik Ekonomi,2020,tiga,12,163
Statistik Ekonomi,2021,tiga,12,163
Statistik Ekonomi,2022,tiga,12,163
Statistik Ekonomi,2023,tiga,13,163
Statistik Ekonomi,2024,tiga,11,163
Statistik Ekonomi,2015,mancanegara,23,161
Statistik Ekonomi,2016,mancanegara,20,161
Statistik Ekonomi,2017,mancanegara,17,161
Statistik Ekonomi,2018,mancanegara,12,161
Statistik Ekonomi,2019,mancanegara,12,161
Statistik Ekonomi,2020,mancanegara,12,161
Statistik Ekonomi,2021,mancanegara,10,161
Statistik Ekonomi,2023,mancanegara,15,161
Statistik Ekonomi,2024,mancanegara,21,161
Statistik Ekonomi,2025,mancanegara,15,161
Tidak Berkategori,2023,mancanegara,4,161
Statistik Ekonomi,2015,padi,15,160
Statistik Ekonomi,2016,padi,9,160
Statistik Ekonomi,2018,padi,7,160
Statistik Ekonomi,2020,padi,8,160
Statistik Ekonomi,2021,padi,12,160
Statistik Ekonomi,2022,padi,10,160
Statistik Ekonomi,2023,padi,20,160
Statistik Ekonomi,2024,padi,14,160
Statistik Ekonomi,2025,padi,63,160
Tidak Berkategori,2023,padi,2,160
Statistik Ekonomi,2015,asean,11,159
Statistik Ekonomi,2016,asean,12,159
Statistik Ekonomi,2017,asean,10,159
Statistik Ekonomi,2018,asean,11,159
Statistik Ekonomi,2019,asean,10,159
Statistik Ekonomi,2020,asean,12,159
Statistik Ekonomi,2021,asean,23,159
Statistik Ekonomi,2022,asean,24,159
Statistik Ekonomi,2023,asean,24,159
Statistik Ekonomi,2024,asean,22,159
Statistik Ekonomi,2015,kereta,2,159
Statistik Ekonomi,2017,kereta,3,159
Statistik Ekonomi,2021,kereta,13,159
Statistik Ekonomi,2022,kereta,37,159
Statistik Ekonomi,2023,kereta,25,159
Statistik Ekonomi,2024,kereta,40,159
Statistik Ekonomi,2025,kereta,28,159
Tidak Berkategori,2023,kereta,11,159
Statistik Ekonomi,2015,kontribusi,16,158
Statistik Ekonomi,2016,kontribusi,16,158
Statistik Ekonomi,2017,kontribusi,16,158
Statistik Ekonomi,2018,kontribusi,17,158
Statistik Ekonomi,2019,kontribusi,18,158
Statistik Ekonomi,2020,kontribusi,15,158
Statistik Ekonomi,2021,kontribusi,14,158
Statistik Ekonomi,2022,kontribusi,14,158
Statistik Ekonomi,2023,kontribusi,14,158
Statistik Ekonomi,2024,kontribusi,13,158
Statistik Ekonomi,2025,kontribusi,4,158
Statistik Lingkungan Hidup dan Multi-domain,2017,kontribusi,1,158
Statistik Ekonomi,2015,ikut,15,157
Statistik Ekonomi,2016,ikut,17,157
Statistik Ekonomi,2017,ikut,16,157
Statistik Ekonomi,2018,ikut,17,157
Statistik Ekonomi,2019,ikut,16,157
Statistik Ekonomi,2020,ikut,14,157
Statistik Ekonomi,2021,ikut,11,157
Statistik Ekonomi,2022,ikut,12,157
Statistik Ekonomi,2023,ikut,12,157
Statistik Ekonomi,2024,ikut,27,157
Statistik Ekonomi,2017,transaksi,4,157
Statistik Ekonomi,2018,transaksi,16,157
Statistik Ekonomi,2019,transaksi,24,157
Statistik Ekonomi,2020,transaksi,24,157
Statistik Ekonomi,2021,transaksi,23,157
Statistik Ekonomi,2022,transaksi,24,157
Statistik Ekonomi,2023,transaksi,20,157
Statistik Ekonomi,2024,transaksi,10,157
Statistik Ekonomi,2025,transaksi,12,157
Statistik Ekonomi,2015,berangkat,3,156
Statistik Ekonomi,2017,berangkat,3,156
Statistik Ekonomi,2021,berangkat,12,156
Statistik Ekonomi,2022,berangkat,36,156
Statistik Ekonomi,2023,berangkat,24,156
Statistik Ekonomi,2024,berangkat,41,156
Statistik Ekonomi,2025,berangkat,28,156
Tidak Berkategori,2023,berangkat,9,156
Statistik Demografi dan Sosial,2015,ecer,1,152
Statistik Demografi dan Sosial,2016,ecer,4,152
Statistik Demografi dan Sosial,2018,ecer,6,152
Statistik Demografi dan Sosial,2019,ecer,9,152
Statistik Demografi dan Sosial,2020,ecer,11,152
Statistik Demografi dan Sosial,2021,ecer,4,152
Statistik Demografi dan Sosial,2025,ecer,1,152
Statistik Ekonomi,2015,ecer,25,152
Statistik Ekonomi,2016,ecer,48,152
Statistik Ekonomi,2017,ecer,41,152
Tidak Berkategori,2017,ecer,2,152
Statistik Demografi dan Sosial,2021,luas,1,150
Statistik Ekonomi,2015,luas,21,150
Statistik Ekonomi,2016,luas,13,150
Statistik Ekonomi,2018,luas,3,150
Statistik Ekonomi,2020,luas,5,150
Statistik Ekonomi,2021,luas,5,150
Statistik Ekonomi,2022,luas,5,150
Statistik Ekonomi,2023,luas,7,150
Statistik Ekonomi,2024,luas,12,150
Statistik Ekonomi,2025,luas,74,150
Tidak Berkategori,2023,luas,4,150
Statistik Ekonomi,2015,modal,22,150
Statistik Ekonomi,2016,modal,25,150
Statistik Ekonomi,2017,modal,20,150
Statistik Ekonomi,2018,modal,12,150
Statistik Ekonomi,2019,modal,11,150
Statistik Ekonomi,2020,modal,11,150
Statistik Ekonomi,2021,modal,12,150
Statistik Ekonomi,2022,modal,12,150
Statistik Ekonomi,2023,modal,13,150
Statistik Ekonomi,2024,modal,12,150
Statistik Ekonomi,2015,baku,22,146
Statistik Ekonomi,2016,baku,24,146
Statistik Ekonomi,2017,baku,19,146
Statistik Ekonomi,2018,baku,11,146
Statistik Ekonomi,2019,baku,10,146
Statistik Ekonomi,2020,baku,12,146
Statistik Ekonomi,2021,baku,12,146
Statistik Ekonomi,2022,baku,12,146
Statistik Ekonomi,2023,baku,12,146
Statistik Ekonomi,2024,baku,11,146
Tidak Berkategori,2017,baku,1,146
Statistik Demografi dan Sosial,2017,kembang,2,142
Statistik Demografi dan Sosial,2018,kembang,2,142
Statistik Demografi dan Sosial,2019,kembang,2,142
Statistik Demografi dan Sosial,2020,kembang,2,142
Statistik Ekonomi,2015,kembang,4,142
Statistik Ekonomi,2016,kembang,6,142
Statistik Ekonomi,2017,kembang,6,142
Statistik Ekonomi,2018,kembang,3,142
Statistik Ekonomi,2019,kembang,1,142
Statistik Ekonomi,2020,kembang,4,142
Statistik Ekonomi,2021,kembang,6,142
Statistik Ekonomi,2022,kembang,35,142
Statistik Ekonomi,2023,kembang,39,142
Statistik Ekonomi,2024,kembang,28,142
Statistik Lingkungan Hidup dan Multi-domain,2018,kembang,1,142
Tidak Berkategori,2023,kembang,1,142
Statistik Ekonomi,2015,australia,28,141
Statistik Ekonomi,2016,australia,48,141
Statistik Ekonomi,2017,australia,44,141
Statistik Ekonomi,2018,australia,3,141
Statistik Ekonomi,2023,australia,7,141
Statistik Ekonomi,2024,australia,10,141
Tidak Berkategori,2023,australia,1,141
Statistik Ekonomi,2015,huni,12,137
Statistik Ekonomi,2016,huni,12,137
Statistik Ekonomi,2017,huni,12,137
Statistik Ekonomi,2018,huni,12,137
Statistik Ekonomi,2019,huni,12,137
Statistik Ekonomi,2020,huni,12,137
Statistik Ekonomi,2021,huni,12,137
Statistik Ekonomi,2022,huni,12,137
Statistik Ekonomi,2023,huni,10,137
Statistik Ekonomi,2024,huni,13,137
Statistik Ekonomi,2025,huni,16,137
Tidak Berkategori,2023,huni,2,137
Statistik Ekonomi,2015,kamar,12,137
Statistik Ekonomi,2016,kamar,12,137
Statistik Ekonomi,2017,kamar,12,137
Statistik Ekonomi,2018,kamar,12,137
Statistik Ekonomi,2019,kamar,12,137
Statistik Ekonomi,2020,kamar,12,137
Statistik Ekonomi,2021,kamar,12,137
Statistik Ekonomi,2022,kamar,12,137
Statistik Ekonomi,2023,kamar,10,137
Statistik Ekonomi,2024,kamar,13,137
Statistik Ekonomi,2025,kamar,16,137
Tidak Berkategori,2023,kamar,2,137
Statistik Demografi dan Sosial,2015,uang,1,137
Statistik Demografi dan Sosial,2018,uang,1,137
Statistik Demografi dan Sosial,2019,uang,1,137
Statistik Ekonomi,2015,uang,14,137
Statistik Ekonomi,2016,uang,15,137
Statistik Ekonomi,2017,uang,14,137
Statistik Ekonomi,2018,uang,12,137
Statistik Ekonomi,2019,uang,12,137
Statistik Ekonomi,2020,uang,14,137
Statistik Ekonomi,2021,uang,12,137
Statistik Ekonomi,2022,uang,13,137
Statistik Ekonomi,2023,uang,12,137
Statistik Ekonomi,2024,uang,12,137
Statistik Ekonomi,2025,uang,4,137
Statistik Demografi dan Sosial,2015,angka,4,136
Statistik Demografi dan Sosial,2016,angka,4,136
Statistik Demografi dan Sosial,2017,angka,5,136
Statistik Demografi dan Sosial,2018,angka,5,136
Statistik Demografi dan Sosial,2019,angka,4,136
Statistik Demografi dan Sosial,2020,angka,8,136
Statistik Demografi dan Sosial,2021,angka,1,136
Statistik Demografi dan Sosial,2022,angka,1,136
Statistik Demografi dan Sosial,2023,angka,2,136
Statistik Demografi dan Sosial,2024,angka,1,136
Statistik Ekonomi,2015,angka,14,136
Statistik Ekonomi,2016,angka,12,136
Statistik Ekonomi,2018,angka,5,136
Statistik Ekonomi,2019,angka,2,136
Statistik Ekonomi,2020,angka,1,136
Statistik Ekonomi,2021,angka,1,136
Statistik Ekonomi,2022,angka,1,136
Statistik Ekonomi,2023,angka,1,136
Statistik Lingkungan Hidup dan Multi-domain,2015,angka,1,136
Statistik Lingkungan Hidup dan Multi-domain,2016,angka,3,136
Statistik Lingkungan Hidup dan Multi-domain,2017,angka,7,136
Statistik Lingkungan Hidup dan Multi-domain,2018,angka,8,136
Statistik Lingkungan Hidup dan Multi-domain,2019,angka,7,136
Statistik Lingkungan Hidup dan Multi-domain,2020,angka,8,136
Statistik Lingkungan Hidup dan Multi-domain,2021,angka,7,136
Statistik Lingkungan Hidup dan Multi-domain,2022,angka,6,136
Statistik Lingkungan Hidup dan Multi-domain,2023,angka,6,136
Statistik Lingkungan Hidup dan Multi-domain,2024,angka,3,136
Statistik Lingkungan Hidup dan Multi-domain,2025,angka,6,136
Tidak Berkategori,2023,angka,2,136
Statistik Ekonomi,2015,lengkap,10,136
Statistik Ekonomi,2016,lengkap,10,136
Statistik Ekonomi,2017,lengkap,9,136
Statistik Ekonomi,2018,lengkap,4,136
Statistik Ekonomi,2019,lengkap,3,136
Statistik Ekonomi,2020,lengkap,17,136
Statistik Ekonomi,2021,lengkap,18,136
Statistik Ekonomi,2022,lengkap,14,136
Statistik Ekonomi,2023,lengkap,20,136
Statistik Ekonomi,2024,lengkap,21,136
Statistik Ekonomi,2025,lengkap,4,136
Statistik Lingkungan Hidup dan Multi-domain,2015,lengkap,1,136
Statistik Lingkungan Hidup dan Multi-domain,2016,lengkap,2,136
Statistik Lingkungan Hidup dan Multi-domain,2017,lengkap,1,136
Statistik Lingkungan Hidup dan Multi-domain,2018,lengkap,2,136
Statistik Ekonomi,2015,batu,17,133
Statistik Ekonomi,2016,batu,16,133
Statistik Ekonomi,2017,batu,10,133
Statistik Ekonomi,2018,batu,9,133
Statistik Ekonomi,2019,batu,8,133
Statistik Ekonomi,2020,batu,10,133
Statistik Ekonomi,2021,batu,8,133
Statistik Ekonomi,2022,batu,14,133
Statistik Ekonomi,2023,batu,16,133
Statistik Ekonomi,2024,batu,21,133
Statistik Ekonomi,2025,batu,4,133
Statistik Demografi dan Sosial,2016,ayam,16,132
Statistik Demografi dan Sosial,2018,ayam,5,132
Statistik Demografi dan Sosial,2019,ayam,8,132
Statistik Demografi dan Sosial,2020,ayam,13,132
Statistik Demografi dan Sosial,2021,ayam,4,132
Statistik Ekonomi,2018,ayam,11,132
Statistik Ekonomi,2019,ayam,13,132
Statistik Ekonomi,2020,ayam,17,132
Statistik Ekonomi,2021,ayam,10,132
Statistik Ekonomi,2022,ayam,17,132
Statistik Ekonomi,2023,ayam,4,132
Statistik Ekonomi,2025,ayam,1,132
Statistik Lingkungan Hidup dan Multi-domain,2015,ayam,2,132
Statistik Lingkungan Hidup dan Multi-domain,2016,ayam,3,132
Statistik Lingkungan Hidup dan Multi-domain,2017,ayam,3,132
Statistik Lingkungan Hidup dan Multi-domain,2018,ayam,4,132
Tidak Berkategori,2023,ayam,1,132
Statistik Demografi dan Sosial,2016,transportasi,1,132
Statistik Demografi dan Sosial,2017,transportasi,1,132
Statistik Demografi dan Sosial,2018,transportasi,1,132
Statistik Demografi dan Sosial,2021,transportasi,1,132
Statistik Ekonomi,2015,transportasi,4,132
Statistik Ekonomi,2016,transportasi,4,132
Statistik Ekonomi,2017,transportasi,2,132
Statistik Ekonomi,2018,transportasi,2,132
Statistik Ekonomi,2019,transportasi,2,132
Statistik Ekonomi,2020,transportasi,17,132
Statistik Ekonomi,2021,transportasi,18,132
Statistik Ekonomi,2022,transportasi,29,132
Statistik Ekonomi,2023,transportasi,28,132
Statistik Ekonomi,2024,transportasi,14,132
Statistik Ekonomi,2025,transportasi,6,132
Statistik Lingkungan Hidup dan Multi-domain,2018,transportasi,1,132
Tidak Berkategori,2023,transportasi,1,132
Statistik Ekonomi,2015,inap,12,129
Statistik Ekonomi,2016,inap,12,129
Statistik Ekonomi,2017,inap,12,129
Statistik Ekonomi,2018,inap,12,129
Statistik Ekonomi,2019,inap,12,129
Statistik Ekonomi,2020,inap,12,129
Statistik Ekonomi,2021,inap,16,129
Statistik Ekonomi,2022,inap,20,129
Statistik Ekonomi,2023,inap,10,129
Statistik Ekonomi,2024,inap,9,129
Statistik Ekonomi,2025,inap,1,129
Tidak Berkategori,2023,inap,1,129
Statistik Demografi dan Sosial,2020,gali,1,128
Statistik Demografi dan Sosial,2024,gali,1,128
Statistik Ekonomi,2015,gali,15,128
Statistik Ekonomi,2016,gali,19,128
Statistik Ekonomi,2017,gali,9,128
Statistik Ekonomi,2018,gali,10,128
Statistik Ekonomi,2019,gali,9,128
Statistik Ekonomi,2020,gali,8,128
Statistik Ekonomi,2021,gali,17,128
Statistik Ekonomi,2022,gali,13,128
Statistik Ekonomi,2023,gali,16,128
Statistik Ekonomi,2024,gali,6,128
Statistik Ekonomi,2025,gali,4,128
Statistik Demografi dan Sosial,2015,minyak,9,128
Statistik Demografi dan Sosial,2016,minyak,8,128
Statistik Demografi dan Sosial,2019,minyak,4,128
Statistik Demografi dan Sosial,2020,minyak,4,128
Statistik Demografi dan Sosial,2021,minyak,4,128
Statistik Ekonomi,2015,minyak,9,128
Statistik Ekonomi,2016,minyak,4,128
Statistik Ekonomi,2017,minyak,7,128
Statistik Ekonomi,2018,minyak,6,128
Statistik Ekonomi,2019,minyak,8,128
Statistik Ekonomi,2020,minyak,12,128
Statistik Ekonomi,2021,minyak,16,128
Statistik Ekonomi,2022,minyak,12,128
Statistik Ekonomi,2023,minyak,4,128
Statistik Ekonomi,2024,minyak,10,128
Statistik Ekonomi,2025,minyak,11,128
Statistik Ekonomi,2022,month,4,128
Statistik Ekonomi,2023,month,50,128
Statistik Ekonomi,2024,month,46,128
Statistik Ekonomi,2025,month,24,128
Tidak Berkategori,2023,month,4,128
Statistik Ekonomi,2015,logam,6,125
Statistik Ekonomi,2016,logam,32,125
Statistik Ekonomi,2017,logam,12,125
Statistik Ekonomi,2018,logam,12,125
Statistik Ekonomi,2019,logam,11,125
Statistik Ekonomi,2020,logam,17,125
Statistik Ekonomi,2021,logam,6,125
Statistik Ekonomi,2022,logam,11,125
Statistik Ekonomi,2023,logam,6,125
Statistik Ekonomi,2024,logam,8,125
Statistik Ekonomi,2025,logam,4,125
Statistik Demografi dan Sosial,2015,persentase,2,125
Statistik Demografi dan Sosial,2016,persentase,7,125
Statistik Demografi dan Sosial,2017,persentase,3,125
Statistik Demografi dan Sosial,2018,persentase,5,125
Statistik Demografi dan Sosial,2019,persentase,5,125
Statistik Demografi dan Sosial,2020,persentase,9,125
Statistik Demografi dan Sosial,2021,persentase,6,125
Statistik Demografi dan Sosial,2022,persentase,5,125
Statistik Demografi dan Sosial,2023,persentase,2,125
Statistik Demografi dan Sosial,2024,persentase,2,125
Statistik Ekonomi,2018,persentase,1,125
Statistik Lingkungan Hidup dan Multi-domain,2015,persentase,3,125
Statistik Lingkungan Hidup dan Multi-domain,2016,persentase,6,125
Statistik Lingkungan Hidup dan Multi-domain,2017,persentase,8,125
Statistik Lingkungan Hidup dan Multi-domain,2018,persentase,6,125
Statistik Lingkungan Hidup dan Multi-domain,2019,persentase,8,125
Statistik Lingkungan Hidup dan Multi-domain,2020,persentase,8,125
Statistik Lingkungan Hidup dan Multi-domain,2021,persentase,8,125
Statistik Lingkungan Hidup dan Multi-domain,2022,persentase,8,125
Statistik Lingkungan Hidup dan Multi-domain,2023,persentase,7,125
Statistik Lingkungan Hidup dan Multi-domain,2024,persentase,5,125
Statistik Lingkungan Hidup dan Multi-domain,2025,persentase,8,125
Tidak Berkategori,2023,persentase,3,125
Statistik Ekonomi,2015,internasional,1,124
Statistik Ekonomi,2017,internasional,3,124
Statistik Ekonomi,2019,internasional,1,124
Statistik Ekonomi,2021,internasional,8,124
Statistik Ekonomi,2022,internasional,31,124
Statistik Ekonomi,2023,internasional,20,124
Statistik Ekonomi,2024,internasional,27,124
Statistik Ekonomi,2025,internasional,26,124
Tidak Berkategori,2023,internasional,7,124
Statistik Ekonomi,2015,rekreasi,12,124
Statistik Ekonomi,2016,rekreasi,12,124
Statistik Ekonomi,2017,rekreasi,12,124
Statistik Ekonomi,2018,rekreasi,12,124
Statistik Ekonomi,2019,rekreasi,12,124
Statistik Ekonomi,2020,rekreasi,12,124
Statistik Ekonomi,2021,rekreasi,12,124
Statistik Ekonomi,2022,rekreasi,12,124
Statistik Ekonomi,2023,rekreasi,12,124
Statistik Ekonomi,2024,rekreasi,12,124
Statistik Ekonomi,2025,rekreasi,4,124
Statistik Ekonomi,2015,besi,2,123
Statistik Ekonomi,2016,besi,13,123
Statistik Ekonomi,2017,besi,18,123
Statistik Ekonomi,2018,besi,16,123
Statistik Ekonomi,2019,besi,5,123
Statistik Ekonomi,2020,besi,19,123
Statistik Ekonomi,2021,besi,31,123
Statistik Ekonomi,2022,besi,11,123
Statistik Ekonomi,2023,besi,4,123
Statistik Ekonomi,2024,besi,4,123
Statistik Demografi dan Sosial,2016,merah,16,122
Statistik Demografi dan Sosial,2018,merah,10,122
Statistik Demografi dan Sosial,2019,merah,8,122
Statistik Demografi dan Sosial,2020,merah,18,122
Statistik Ekonomi,2015,merah,3,122
Statistik Ekonomi,2017,merah,3,122
Statistik Ekonomi,2018,merah,9,122
Statistik Ekonomi,2019,merah,14,122
Statistik Ekonomi,2020,merah,8,122
Statistik Ekonomi,2021,merah,8,122
Statistik Ekonomi,2022,merah,11,122
Statistik Ekonomi,2023,merah,3,122
Statistik Ekonomi,2024,merah,1,122
Statistik Ekonomi,2025,merah,7,122
Statistik Lingkungan Hidup dan Multi-domain,2016,merah,1,122
Statistik Lingkungan Hidup dan Multi-domain,2017,merah,2,122
Statistik Ekonomi,2015,serikat,13,121
Statistik Ekonomi,2016,serikat,12,121
Statistik Ekonomi,2017,serikat,12,121
Statistik Ekonomi,2018,serikat,12,121
Statistik Ekonomi,2019,serikat,12,121
Statistik Ekonomi,2020,serikat,12,121
Statistik Ekonomi,2021,serikat,12,121
Statistik Ekonomi,2022,serikat,12,121
Statistik Ekonomi,2023,serikat,12,121
Statistik Ekonomi,2024,serikat,12,121
Statistik Ekonomi,2015,susul,13,120
Statistik Ekonomi,2016,susul,12,120
Statistik Ekonomi,2017,susul,12,120
Statistik Ekonomi,2018,susul,12,120
Statistik Ekonomi,2019,susul,12,120
Statistik Ekonomi,2020,susul,12,120
Statistik Ekonomi,2021,susul,12,120
Statistik Ekonomi,2022,susul,12,120
Statistik Ekonomi,2023,susul,12,120
Statistik Ekonomi,2024,susul,11,120
Statistik Ekonomi,2022,hektare,4,119
Statistik Ekonomi,2023,hektare,4,119
Statistik Ekonomi,2024,hektare,15,119
Statistik Ekonomi,2025,hektare,92,119
Tidak Berkategori,2023,hektare,4,119
Statistik Demografi dan Sosial,2016,sulawesi,3,119
Statistik Demografi dan Sosial,2018,sulawesi,2,119
Statistik Demografi dan Sosial,2019,sulawesi,3,119
Statistik Demografi dan Sosial,2020,sulawesi,2,119
Statistik Demografi dan Sosial,2021,sulawesi,1,119
Statistik Ekonomi,2015,sulawesi,9,119
Statistik Ekonomi,2016,sulawesi,24,119
Statistik Ekonomi,2017,sulawesi,27,119
Statistik Ekonomi,2018,sulawesi,11,119
Statistik Ekonomi,2019,sulawesi,8,119
Statistik Ekonomi,2020,sulawesi,4,119
Statistik Ekonomi,2021,sulawesi,1,119
Statistik Ekonomi,2022,sulawesi,3,119
Statistik Ekonomi,2023,sulawesi,4,119
Statistik Ekonomi,2024,sulawesi,10,119
Statistik Ekonomi,2025,sulawesi,7,119
Statistik Ekonomi,2015,rokok,12,118
Statistik Ekonomi,2016,rokok,12,118
Statistik Ekonomi,2017,rokok,12,118
Statistik Ekonomi,2018,rokok,19,118
Statistik Ekonomi,2019,rokok,15,118
Statistik Ekonomi,2020,rokok,4,118
Statistik Ekonomi,2021,rokok,2,118
Statistik Ekonomi,2022,rokok,5,118
Statistik Ekonomi,2023,rokok,12,118
Statistik Ekonomi,2024,rokok,12,118
Statistik Ekonomi,2025,rokok,6,118
Statistik Lingkungan Hidup dan Multi-domain,2015,rokok,1,118
Statistik Lingkungan Hidup dan Multi-domain,2016,rokok,2,118
Statistik Lingkungan Hidup dan Multi-domain,2017,rokok,2,118
Statistik Lingkungan Hidup dan Multi-domain,2018,rokok,2,118
Statistik Demografi dan Sosial,2015,utara,1,118
Statistik Demografi dan Sosial,2016,utara,5,118
Statistik Demografi dan Sosial,2018,utara,2,118
Statistik Demografi dan Sosial,2019,utara,1,118
Statistik Demografi dan Sosial,2020,utara,2,118
Statistik Ekonomi,2015,utara,8,118
Statistik Ekonomi,2016,utara,42,118
Statistik Ekonomi,2017,utara,25,118
Statistik Ekonomi,2018,utara,3,118
Statistik Ekonomi,2019,utara,2,118
Statistik Ekonomi,2020,utara,2,118
Statistik Ekonomi,2021,utara,3,118
Statistik Ekonomi,2022,utara,2,118
Statistik Ekonomi,2023,utara,1,118
Statistik Ekonomi,2024,utara,6,118
Statistik Ekonomi,2025,utara,12,118
Statistik Lingkungan Hidup dan Multi-domain,2015,utara,1,118
Statistik Demografi dan Sosial,2016,daerah,1,117
Statistik Ekonomi,2017,daerah,1,117
Statistik Ekonomi,2023,daerah,1,117
Statistik Lingkungan Hidup dan Multi-domain,2015,daerah,4,117
Statistik Lingkungan Hidup dan Multi-domain,2016,daerah,16,117
Statistik Lingkungan Hidup dan Multi-domain,2017,daerah,18,117
Statistik Lingkungan Hidup dan Multi-domain,2018,daerah,16,117
Statistik Lingkungan Hidup dan Multi-domain,2019,daerah,16,117
Statistik Lingkungan Hidup dan Multi-domain,2020,daerah,16,117
Statistik Lingkungan Hidup dan Multi-domain,2022,daerah,5,117
Statistik Lingkungan Hidup dan Multi-domain,2023,daerah,6,117
Statistik Lingkungan Hidup dan Multi-domain,2024,daerah,5,117
Statistik Lingkungan Hidup dan Multi-domain,2025,daerah,10,117
Tidak Berkategori,2023,daerah,2,117
Statistik Ekonomi,2015,euro,28,117
Statistik Ekonomi,2016,euro,43,117
Statistik Ekonomi,2017,euro,43,117
Statistik Ekonomi,2018,euro,3,117
Statistik Demografi dan Sosial,2016,indikator,2,117
Statistik Demografi dan Sosial,2017,indikator,1,117
Statistik Demografi dan Sosial,2018,indikator,1,117
Statistik Demografi dan Sosial,2019,indikator,2,117
Statistik Demografi dan Sosial,2020,indikator,2,117
Statistik Ekonomi,2015,indikator,2,117
Statistik Ekonomi,2016,indikator,5,117
Statistik Ekonomi,2017,indikator,8,117
Statistik Ekonomi,2018,indikator,13,117
Statistik Ekonomi,2019,indikator,12,117
Statistik Ekonomi,2020,indikator,13,117
Statistik Ekonomi,2021,indikator,13,117
Statistik Ekonomi,2022,indikator,12,117
Statistik Ekonomi,2023,indikator,12,117
Statistik Ekonomi,2024,indikator,12,117
Statistik Ekonomi,2025,indikator,3,117
Statistik Lingkungan Hidup dan Multi-domain,2020,indikator,1,117
Statistik Lingkungan Hidup dan Multi-domain,2025,indikator,1,117
Tidak Berkategori,2023,indikator,2,117
Statistik Ekonomi,2017,mampu,6,117
Statistik Ekonomi,2018,mampu,22,117
Statistik Ekonomi,2019,mampu,24,117
Statistik Ekonomi,2020,mampu,13,117
Statistik Ekonomi,2021,mampu,13,117
Statistik Ekonomi,2022,mampu,12,117
Statistik Ekonomi,2023,mampu,12,117
Statistik Ekonomi,2024,mampu,12,117
Statistik Ekonomi,2025,mampu,3,117
Statistik Ekonomi,2015,tamu,12,117
Statistik Ekonomi,2016,tamu,12,117
Statistik Ekonomi,2017,tamu,12,117
Statistik Ekonomi,2018,tamu,12,117
Statistik Ekonomi,2019,tamu,12,117
Statistik Ekonomi,2020,tamu,12,117
Statistik Ekonomi,2021,tamu,12,117
Statistik Ekonomi,2022,tamu,12,117
Statistik Ekonomi,2023,tamu,10,117
Statistik Ekonomi,2024,tamu,9,117
Statistik Ekonomi,2025,tamu,1,117
Tidak Berkategori,2023,tamu,1,117
Statistik Ekonomi,2015,olahraga,8,116
Statistik Ekonomi,2016,olahraga,12,116
Statistik Ekonomi,2017,olahraga,9,116
Statistik Ekonomi,2018,olahraga,11,116
Statistik Ekonomi,2019,olahraga,12,116
Statistik Ekonomi,2020,olahraga,12,116
Statistik Ekonomi,2021,olahraga,12,116
Statistik Ekonomi,2022,olahraga,12,116
Statistik Ekonomi,2023,olahraga,12,116
Statistik Ekonomi,2024,olahraga,12,116
Statistik Ekonomi,2025,olahraga,4,116
Statistik Demografi dan Sosial,2015,capai,3,114
Statistik Demografi dan Sosial,2016,capai,3,114
Statistik Demografi dan Sosial,2017,capai,2,114
Statistik Demografi dan Sosial,2018,capai,2,114
Statistik Demografi dan Sosial,2019,capai,2,114
Statistik Demografi dan Sosial,2020,capai,2,114
Statistik Demografi dan Sosial,2021,capai,1,114
Statistik Demografi dan Sosial,2022,capai,1,114
Statistik Demografi dan Sosial,2024,capai,1,114
Statistik Ekonomi,2015,capai,10,114
Statistik Ekonomi,2016,capai,12,114
Statistik Ekonomi,2017,capai,24,114
Statistik Ekonomi,2018,capai,14,114
Statistik Ekonomi,2019,capai,15,114
Statistik Ekonomi,2020,capai,9,114
Statistik Ekonomi,2021,capai,1,114
Statistik Ekonomi,2022,capai,2,114
Statistik Ekonomi,2023,capai,2,114
Statistik Ekonomi,2024,capai,2,114
Statistik Ekonomi,2025,capai,2,114
Statistik Lingkungan Hidup dan Multi-domain,2020,capai,1,114
Statistik Lingkungan Hidup dan Multi-domain,2021,capai,1,114
Tidak Berkategori,2023,capai,2,114
Statistik Demografi dan Sosial,2018,sedia,2,114
Statistik Demografi dan Sosial,2019,sedia,2,114
Statistik Demografi dan Sosial,2020,sedia,1,114
Statistik Demografi dan Sosial,2021,sedia,1,114
Statistik Demografi dan Sosial,2023,sedia,4,114
Statistik Demografi dan Sosial,2024,sedia,2,114
Statistik Ekonomi,2016,sedia,1,114
Statistik Ekonomi,2017,sedia,4,114
Statistik Ekonomi,2018,sedia,4,114
Statistik Ekonomi,2019,sedia,4,114
Statistik Ekonomi,2020,sedia,15,114
Statistik Ekonomi,2021,sedia,16,114
Statistik Ekonomi,2022,sedia,16,114
Statistik Ekonomi,2023,sedia,16,114
Statistik Ekonomi,2024,sedia,18,114
Statistik Ekonomi,2025,sedia,8,114
Statistik Demografi dan Sosial,2015,sumatera,3,113
Statistik Demografi dan Sosial,2016,sumatera,1,113
Statistik Demografi dan Sosial,2019,sumatera,1,113
Statistik Demografi dan Sosial,2020,sumatera,2,113
Statistik Demografi dan Sosial,2021,sumatera,1,113
Statistik Ekonomi,2015,sumatera,17,113
Statistik Ekonomi,2016,sumatera,30,113
Statistik Ekonomi,2017,sumatera,19,113
Statistik Ekonomi,2018,sumatera,11,113
Statistik Ekonomi,2019,sumatera,10,113
Statistik Ekonomi,2020,sumatera,5,113
Statistik Ekonomi,2021,sumatera,2,113
Statistik Ekonomi,2022,sumatera,2,113
Statistik Ekonomi,2023,sumatera,3,113
Statistik Ekonomi,2025,sumatera,6,113
Statistik Ekonomi,2015,tolong,11,113
Statistik Ekonomi,2016,tolong,12,113
Statistik Ekonomi,2017,tolong,10,113
Statistik Ekonomi,2018,tolong,11,113
Statistik Ekonomi,2019,tolong,10,113
Statistik Ekonomi,2020,tolong,12,113
Statistik Ekonomi,2021,tolong,12,113
Statistik Ekonomi,2022,tolong,12,113
Statistik Ekonomi,2023,tolong,12,113
Statistik Ekonomi,2024,tolong,11,113
Statistik Demografi dan Sosial,2016,utama,3,113
Statistik Demografi dan Sosial,2018,utama,3,113
Statistik Demografi dan Sosial,2019,utama,2,113
Statistik Demografi dan Sosial,2020,utama,7,113
Statistik Demografi dan Sosial,2021,utama,3,113
Statistik Ekonomi,2022,utama,30,113
Statistik Ekonomi,2023,utama,10,113
Statistik Ekonomi,2024,utama,40,113
Statistik Ekonomi,2025,utama,12,113
Statistik Lingkungan Hidup dan Multi-domain,2015,utama,1,113
Statistik Lingkungan Hidup dan Multi-domain,2024,utama,1,113
Tidak Berkategori,2023,utama,1,113
Statistik Demografi dan Sosial,2015,papua,1,111
Statistik Demografi dan Sosial,2016,papua,1,111
Statistik Demografi dan Sosial,2020,papua,1,111
Statistik Demografi dan Sosial,2021,papua,1,111
Statistik Ekonomi,2015,papua,4,111
Statistik Ekonomi,2016,papua,19,111
Statistik Ekonomi,2017,papua,19,111
Statistik Ekonomi,2018,papua,7,111
Statistik Ekonomi,2019,papua,2,111
Statistik Ekonomi,2020,papua,6,111
Statistik Ekonomi,2021,papua,5,111
Statistik Ekonomi,2024,papua,20,111
Statistik Ekonomi,2025,papua,23,111
Statistik Lingkungan Hidup dan Multi-domain,2015,papua,1,111
Tidak Berkategori,2016,papua,1,111
Statistik Demografi dan Sosial,2016,jagung,8,109
Statistik Ekonomi,2015,jagung,8,109
Statistik Ekonomi,2016,jagung,5,109
Statistik Ekonomi,2018,jagung,1,109
Statistik Ekonomi,2024,jagung,12,109
Statistik Ekonomi,2025,jagung,69,109
Tidak Berkategori,2023,jagung,6,109
Statistik Ekonomi,2015,negeri,2,108
Statistik Ekonomi,2017,negeri,2,108
Statistik Ekonomi,2021,negeri,8,108
Statistik Ekonomi,2022,negeri,24,108
Statistik Ekonomi,2023,negeri,17,108
Statistik Ekonomi,2024,negeri,29,108
Statistik Ekonomi,2025,negeri,20,108
Tidak Berkategori,2023,negeri,6,108
Statistik Demografi dan Sosial,2016,grosir,1,107
Statistik Demografi dan Sosial,2018,grosir,3,107
Statistik Demografi dan Sosial,2019,grosir,4,107
Statistik Demografi dan Sosial,2020,grosir,3,107
Statistik Demografi dan Sosial,2021,grosir,2,107
Statistik Ekonomi,2015,grosir,24,107
Statistik Ekonomi,2016,grosir,24,107
Statistik Ekonomi,2017,grosir,21,107
Statistik Ekonomi,2018,grosir,12,107
Statistik Ekonomi,2019,grosir,12,107
Statistik Ekonomi,2020,grosir,1,107
Statistik Ekonomi,2015,udara,2,106
Statistik Ekonomi,2017,udara,2,106
Statistik Ekonomi,2020,udara,1,106
Statistik Ekonomi,2021,udara,7,106
Statistik Ekonomi,2022,udara,22,106
Statistik Ekonomi,2023,udara,15,106
Statistik Ekonomi,2024,udara,28,106
Statistik Ekonomi,2025,udara,25,106
Tidak Berkategori,2023,udara,4,106
Statistik Demografi dan Sosial,2015,riau,1,105
Statistik Demografi dan Sosial,2019,riau,2,105
Statistik Demografi dan Sosial,2020,riau,2,105
Statistik Demografi dan Sosial,2021,riau,1,105
Statistik Ekonomi,2015,riau,14,105
Statistik Ekonomi,2016,riau,20,105
Statistik Ekonomi,2017,riau,13,105
Statistik Ekonomi,2018,riau,8,105
Statistik Ekonomi,2019,riau,3,105
Statistik Ekonomi,2020,riau,10,105
Statistik Ekonomi,2021,riau,12,105
Statistik Ekonomi,2022,riau,10,105
Statistik Ekonomi,2023,riau,4,105
Statistik Ekonomi,2024,riau,2,105
Statistik Ekonomi,2025,riau,3,105
Statistik Demografi dan Sosial,2016,pasir,8,102
Statistik Demografi dan Sosial,2019,pasir,4,102
Statistik Demografi dan Sosial,2020,pasir,4,102
Statistik Demografi dan Sosial,2021,pasir,4,102
Statistik Ekonomi,2015,pasir,5,102
Statistik Ekonomi,2016,pasir,5,102
Statistik Ekonomi,2017,pasir,4,102
Statistik Ekonomi,2019,pasir,4,102
Statistik Ekonomi,2020,pasir,8,102
Statistik Ekonomi,2021,pasir,2,102
Statistik Ekonomi,2022,pasir,13,102
Statistik Ekonomi,2023,pasir,18,102
Statistik Ekonomi,2024,pasir,13,102
Statistik Ekonomi,2025,pasir,3,102
Statistik Lingkungan Hidup dan Multi-domain,2015,pasir,1,102
Statistik Lingkungan Hidup dan Multi-domain,2016,pasir,2,102
Statistik Lingkungan Hidup dan Multi-domain,2017,pasir,2,102
Statistik Lingkungan Hidup dan Multi-domain,2018,pasir,2,102
Statistik Ekonomi,2015,depresiasi,35,100
Statistik Ekonomi,2016,depresiasi,31,100
Statistik Ekonomi,2017,depresiasi,30,100
Statistik Ekonomi,2018,depresiasi,4,100
Statistik Ekonomi,2017,guna,13,100
Statistik Ekonomi,2018,guna,14,100
Statistik Ekonomi,2019,guna,10,100
Statistik Ekonomi,2020,guna,13,100
Statistik Ekonomi,2021,guna,15,100
Statistik Ekonomi,2022,guna,12,100
Statistik Ekonomi,2023,guna,12,100
Statistik Ekonomi,2024,guna,11,100
Statistik Demografi dan Sosial,2019,informasi,1,100
Statistik Demografi dan Sosial,2022,informasi,1,100
Statistik Demografi dan Sosial,2023,informasi,1,100
Statistik Ekonomi,2015,informasi,4,100
Statistik Ekonomi,2016,informasi,9,100
Statistik Ekonomi,2017,informasi,7,100
Statistik Ekonomi,2018,informasi,5,100
Statistik Ekonomi,2020,informasi,15,100
Statistik Ekonomi,2021,informasi,16,100
Statistik Ekonomi,2022,informasi,13,100
Statistik Ekonomi,2023,informasi,12,100
Statistik Ekonomi,2024,informasi,12,100
Statistik Ekonomi,2025,informasi,4,100
Statistik Demografi dan Sosial,2015,kategori,2,98
Statistik Demografi dan Sosial,2016,kategori,2,98
Statistik Demografi dan Sosial,2017,kategori,3,98
Statistik Demografi dan Sosial,2018,kategori,6,98
Statistik Demografi dan Sosial,2019,kategori,2,98
Statistik Demografi dan Sosial,2020,kategori,5,98
Statistik Demografi dan Sosial,2022,kategori,3,98
Statistik Demografi dan Sosial,2023,kategori,6,98
Statistik Demografi dan Sosial,2024,kategori,3,98
Statistik Ekonomi,2017,kategori,14,98
Statistik Ekonomi,2018,kategori,4,98
Statistik Ekonomi,2019,kategori,3,98
Statistik Lingkungan Hidup dan Multi-domain,2016,kategori,1,98
Statistik Lingkungan Hidup dan Multi-domain,2017,kategori,7,98
Statistik Lingkungan Hidup dan Multi-domain,2018,kategori,6,98
Statistik Lingkungan Hidup dan Multi-domain,2019,kategori,6,98
Statistik Lingkungan Hidup dan Multi-domain,2020,kategori,6,98
Statistik Lingkungan Hidup dan Multi-domain,2021,kategori,6,98
Statistik Lingkungan Hidup dan Multi-domain,2022,kategori,6,98
Statistik Lingkungan Hidup dan Multi-domain,2023,kategori,6,98
Tidak Berkategori,2017,kategori,1,98
Statistik Demografi dan Sosial,2016,kecil,1,98
Statistik Demografi dan Sosial,2018,kecil,1,98
Statistik Demografi dan Sosial,2019,kecil,1,98
Statistik Ekonomi,2015,kecil,2,98
Statistik Ekonomi,2016,kecil,41,98
Statistik Ekonomi,2017,kecil,29,98
Statistik Ekonomi,2018,kecil,21,98
Statistik Lingkungan Hidup dan Multi-domain,2015,kecil,1,98
Tidak Berkategori,2017,kecil,1,98
Statistik Ekonomi,2024,kabupaten,46,97
Statistik Ekonomi,2025,kabupaten,49,97
Statistik Lingkungan Hidup dan Multi-domain,2015,kabupaten,1,97
Statistik Lingkungan Hidup dan Multi-domain,2018,kabupaten,1,97
Statistik Ekonomi,2015,mandor,11,96
Statistik Ekonomi,2016,mandor,12,96
Statistik Ekonomi,2017,mandor,12,96
Statistik Ekonomi,2018,mandor,12,96
Statistik Ekonomi,2019,mandor,12,96
Statistik Ekonomi,2020,mandor,12,96
Statistik Ekonomi,2021,mandor,12,96
Statistik Ekonomi,2022,mandor,12,96
Statistik Ekonomi,2023,mandor,1,96
Statistik Ekonomi,2015,tukang,11,96
Statistik Ekonomi,2016,tukang,12,96
Statistik Ekonomi,2017,tukang,12,96
Statistik Ekonomi,2018,tukang,12,96
Statistik Ekonomi,2019,tukang,12,96
Statistik Ekonomi,2020,tukang,12,96
Statistik Ekonomi,2021,tukang,12,96
Statistik Ekonomi,2022,tukang,12,96
Statistik Ekonomi,2023,tukang,1,96
Statistik Ekonomi,2015,asing,12,95
Statistik Ekonomi,2016,asing,13,95
Statistik Ekonomi,2017,asing,12,95
Statistik Ekonomi,2018,asing,12,95
Statistik Ekonomi,2019,asing,12,95
Statistik Ekonomi,2020,asing,12,95
Statistik Ekonomi,2021,asing,12,95
Statistik Ekonomi,2022,asing,10,95
Statistik Demografi dan Sosial,2015,pemasok,1,95
Statistik Ekonomi,2015,pemasok,4,95
Statistik Ekonomi,2016,pemasok,1,95
Statistik Ekonomi,2017,pemasok,9,95
Statistik Ekonomi,2018,pemasok,11,95
Statistik Ekonomi,2019,pemasok,10,95
Statistik Ekonomi,2020,pemasok,12,95
Statistik Ekonomi,2021,pemasok,12,95
Statistik Ekonomi,2022,pemasok,12,95
Statistik Ekonomi,2023,pemasok,12,95
Statistik Ekonomi,2024,pemasok,11,95
Statistik Ekonomi,2017,biaya,3,94
Statistik Ekonomi,2018,biaya,11,94
Statistik Ekonomi,2019,biaya,12,94
Statistik Ekonomi,2020,biaya,12,94
Statistik Ekonomi,2021,biaya,12,94
Statistik Ekonomi,2022,biaya,12,94
Statistik Ekonomi,2023,biaya,12,94
Statistik Ekonomi,2024,biaya,12,94
Statistik Ekonomi,2025,biaya,3,94
Statistik Lingkungan Hidup dan Multi-domain,2015,biaya,1,94
Statistik Lingkungan Hidup dan Multi-domain,2016,biaya,2,94
Statistik Lingkungan Hidup dan Multi-domain,2017,biaya,2,94
Statistik Ekonomi,2016,ikrt,3,93
Statistik Ekonomi,2017,ikrt,1,93
Statistik Ekonomi,2018,ikrt,12,93
Statistik Ekonomi,2019,ikrt,2,93
Statistik Ekonomi,2020,ikrt,16,93
Statistik Ekonomi,2021,ikrt,13,93
Statistik Ekonomi,2022,ikrt,12,93
Statistik Ekonomi,2023,ikrt,12,93
Statistik Ekonomi,2024,ikrt,12,93
Statistik Ekonomi,2025,ikrt,10,93
Statistik Demografi dan Sosial,2016,pipil,8,93
Statistik Ekonomi,2015,pipil,4,93
Statistik Ekonomi,2016,pipil,2,93
Statistik Ekonomi,2024,pipil,10,93
Statistik Ekonomi,2025,pipil,65,93
Tidak Berkategori,2023,pipil,4,93
Statistik Demografi dan Sosial,2025,salah,1,93
Statistik Ekonomi,2017,salah,3,93
Statistik Ekonomi,2018,salah,12,93
Statistik Ekonomi,2019,salah,12,93
Statistik Ekonomi,2020,salah,12,93
Statistik Ekonomi,2021,salah,12,93
Statistik Ekonomi,2022,salah,12,93
Statistik Ekonomi,2023,salah,13,93
Statistik Ekonomi,2024,salah,12,93
Statistik Ekonomi,2025,salah,3,93
Statistik Lingkungan Hidup dan Multi-domain,2017,salah,1,93
Statistik Demografi dan Sosial,2021,ikan,1,89
Statistik Demografi dan Sosial,2022,ikan,2,89
Statistik Demografi dan Sosial,2024,ikan,1,89
Statistik Demografi dan Sosial,2025,ikan,1,89
Statistik Ekonomi,2015,ikan,9,89
Statistik Ekonomi,2016,ikan,5,89
Statistik Ekonomi,2017,ikan,3,89
Statistik Ekonomi,2018,ikan,7,89
Statistik Ekonomi,2019,ikan,4,89
Statistik Ekonomi,2020,ikan,1,89
Statistik Ekonomi,2021,ikan,6,89
Statistik Ekonomi,2022,ikan,10,89
Statistik Ekonomi,2023,ikan,12,89
Statistik Ekonomi,2024,ikan,16,89
Statistik Ekonomi,2025,ikan,11,89
Statistik Demografi dan Sosial,2016,tenggara,2,89
Statistik Demografi dan Sosial,2018,tenggara,1,89
Statistik Demografi dan Sosial,2019,tenggara,2,89
Statistik Demografi dan Sosial,2020,tenggara,5,89
Statistik Ekonomi,2015,tenggara,8,89
Statistik Ekonomi,2016,tenggara,23,89
Statistik Ekonomi,2017,tenggara,21,89
Statistik Ekonomi,2018,tenggara,7,89
Statistik Ekonomi,2019,tenggara,7,89
Statistik Ekonomi,2020,tenggara,3,89
Statistik Ekonomi,2021,tenggara,2,89
Statistik Ekonomi,2023,tenggara,2,89
Statistik Ekonomi,2024,tenggara,2,89
Statistik Ekonomi,2025,tenggara,3,89
Statistik Lingkungan Hidup dan Multi-domain,2015,tenggara,1,89
Statistik Lingkungan Hidup dan Multi-domain,2015,garis,7,88
Statistik Lingkungan Hidup dan Multi-domain,2016,garis,10,88
Statistik Lingkungan Hidup dan Multi-domain,2017,garis,11,88
Statistik Lingkungan Hidup dan Multi-domain,2018,garis,12,88
Statistik Lingkungan Hidup dan Multi-domain,2019,garis,8,88
Statistik Lingkungan Hidup dan Multi-domain,2020,garis,8,88
Statistik Lingkungan Hidup dan Multi-domain,2021,garis,8,88
Statistik Lingkungan Hidup dan Multi-domain,2022,garis,8,88
Statistik Lingkungan Hidup dan Multi-domain,2023,garis,8,88
Statistik Lingkungan Hidup dan Multi-domain,2024,garis,4,88
Statistik Lingkungan Hidup dan Multi-domain,2025,garis,4,88
Statistik Ekonomi,2017,terms,3,88
Statistik Ekonomi,2018,terms,11,88
Statistik Ekonomi,2019,terms,12,88
Statistik Ekonomi,2020,terms,12,88
Statistik Ekonomi,2021,terms,12,88
Statistik Ekonomi,2022,terms,12,88
Statistik Ekonomi,2023,terms,12,88
Statistik Ekonomi,2024,terms,12,88
Statistik Ekonomi,2025,terms,2,88
Statistik Ekonomi,2017,trade,3,88
Statistik Ekonomi,2018,trade,11,88
Statistik Ekonomi,2019,trade,12,88
Statistik Ekonomi,2020,trade,12,88
Statistik Ekonomi,2021,trade,12,88
Statistik Ekonomi,2022,trade,12,88
Statistik Ekonomi,2023,trade,12,88
Statistik Ekonomi,2024,trade,12,88
Statistik Ekonomi,2025,trade,2,88
Statistik Ekonomi,2015,thailand,4,87
Statistik Ekonomi,2016,thailand,11,87
Statistik Ekonomi,2017,thailand,10,87
Statistik Ekonomi,2018,thailand,10,87
Statistik Ekonomi,2019,thailand,10,87
Statistik Ekonomi,2020,thailand,2,87
Statistik Ekonomi,2021,thailand,3,87
Statistik Ekonomi,2022,thailand,12,87
Statistik Ekonomi,2023,thailand,12,87
Statistik Ekonomi,2024,thailand,13,87
Statistik Lingkungan Hidup dan Multi-domain,2016,timpang,3,87
Statistik Lingkungan Hidup dan Multi-domain,2017,timpang,8,87
Statistik Lingkungan Hidup dan Multi-domain,2018,timpang,8,87
Statistik Lingkungan Hidup dan Multi-domain,2019,timpang,10,87
Statistik Lingkungan Hidup dan Multi-domain,2020,timpang,10,87
Statistik Lingkungan Hidup dan Multi-domain,2021,timpang,10,87
Statistik Lingkungan Hidup dan Multi-domain,2022,timpang,10,87
Statistik Lingkungan Hidup dan Multi-domain,2023,timpang,10,87
Statistik Lingkungan Hidup dan Multi-domain,2024,timpang,6,87
Statistik Lingkungan Hidup dan Multi-domain,2025,timpang,8,87
Tidak Berkategori,2023,timpang,4,87
Statistik Ekonomi,2015,pakai,5,83
Statistik Ekonomi,2016,pakai,7,83
Statistik Ekonomi,2017,pakai,2,83
Statistik Ekonomi,2018,pakai,2,83
Statistik Ekonomi,2019,pakai,2,83
Statistik Ekonomi,2020,pakai,11,83
Statistik Ekonomi,2021,pakai,13,83
Statistik Ekonomi,2022,pakai,12,83
Statistik Ekonomi,2023,pakai,12,83
Statistik Ekonomi,2024,pakai,12,83
Statistik Ekonomi,2025,pakai,5,83
Statistik Demografi dan Sosial,2016,cabai,8,81
Statistik Demografi dan Sosial,2018,cabai,5,81
Statistik Demografi dan Sosial,2019,cabai,4,81
Statistik Demografi dan Sosial,2020,cabai,9,81
Statistik Ekonomi,2015,cabai,6,81
Statistik Ekonomi,2018,cabai,7,81
Statistik Ekonomi,2019,cabai,12,81
Statistik Ekonomi,2020,cabai,3,81
Statistik Ekonomi,2021,cabai,12,81
Statistik Ekonomi,2022,cabai,11,81
Statistik Ekonomi,2023,cabai,3,81
Statistik Ekonomi,2024,cabai,1,81
Statistik Ekonomi,2015,empat,16,81
Statistik Ekonomi,2016,empat,28,81
Statistik Ekonomi,2017,empat,32,81
Statistik Ekonomi,2018,empat,4,81
Statistik Ekonomi,2023,empat,1,81
Statistik Demografi dan Sosial,2021,hutan,1,81
Statistik Demografi dan Sosial,2022,hutan,2,81
Statistik Demografi dan Sosial,2024,hutan,1,81
Statistik Demografi dan Sosial,2025,hutan,1,81
Statistik Ekonomi,2015,hutan,9,81
Statistik Ekonomi,2016,hutan,5,81
Statistik Ekonomi,2017,hutan,3,81
Statistik Ekonomi,2018,hutan,2,81
Statistik Ekonomi,2019,hutan,2,81
Statistik Ekonomi,2020,hutan,1,81
Statistik Ekonomi,2021,hutan,4,81
Statistik Ekonomi,2022,hutan,10,81
Statistik Ekonomi,2023,hutan,12,81
Statistik Ekonomi,2024,hutan,16,81
Statistik Ekonomi,2025,hutan,12,81
Statistik Ekonomi,2016,mikro,36,81
Statistik Ekonomi,2017,mikro,27,81
Statistik Ekonomi,2018,mikro,17,81
Tidak Berkategori,2017,mikro,1,81
Statistik Demografi dan Sosial,2016,daging,8,79
Statistik Demografi dan Sosial,2018,daging,10,79
Statistik Demografi dan Sosial,2019,daging,8,79
Statistik Demografi dan Sosial,2020,daging,13,79
Statistik Ekonomi,2018,daging,6,79
Statistik Ekonomi,2019,daging,7,79
Statistik Ekonomi,2020,daging,6,79
Statistik Ekonomi,2021,daging,6,79
Statistik Ekonomi,2022,daging,6,79
Statistik Ekonomi,2025,daging,1,79
Statistik Lingkungan Hidup dan Multi-domain,2015,daging,1,79
Statistik Lingkungan Hidup dan Multi-domain,2016,daging,1,79
Statistik Lingkungan Hidup dan Multi-domain,2017,daging,3,79
Statistik Lingkungan Hidup dan Multi-domain,2018,daging,3,79
Statistik Demografi dan Sosial,2016,gambar,1,79
Statistik Ekonomi,2015,gambar,2,79
Statistik Ekonomi,2016,gambar,5,79
Statistik Ekonomi,2017,gambar,7,79
Statistik Ekonomi,2018,gambar,13,79
Statistik Ekonomi,2019,gambar,12,79
Statistik Ekonomi,2020,gambar,13,79
Statistik Ekonomi,2021,gambar,13,79
Statistik Ekonomi,2022,gambar,12,79
Statistik Ekonomi,2023,gambar,1,79
Statistik Ekonomi,2015,hias,14,79
Statistik Ekonomi,2016,hias,12,79
Statistik Ekonomi,2017,hias,9,79
Statistik Ekonomi,2018,hias,7,79
Statistik Ekonomi,2019,hias,10,79
Statistik Ekonomi,2020,hias,11,79
Statistik Ekonomi,2021,hias,1,79
Statistik Ekonomi,2022,hias,6,79
Statistik Ekonomi,2023,hias,3,79
Statistik Ekonomi,2024,hias,6,79
Statistik Demografi dan Sosial,2016,jual,1,79
Statistik Ekonomi,2017,jual,2,79
Statistik Ekonomi,2018,jual,8,79
Statistik Ekonomi,2019,jual,12,79
Statistik Ekonomi,2020,jual,12,79
Statistik Ekonomi,2021,jual,11,79
Statistik Ekonomi,2022,jual,12,79
Statistik Ekonomi,2023,jual,10,79
Statistik Ekonomi,2024,jual,5,79
Statistik Ekonomi,2025,jual,6,79
Statistik Ekonomi,2015,kontraksi,2,79
Statistik Ekonomi,2016,kontraksi,4,79
Statistik Ekonomi,2017,kontraksi,4,79
Statistik Ekonomi,2018,kontraksi,4,79
Statistik Ekonomi,2019,kontraksi,4,79
Statistik Ekonomi,2020,kontraksi,26,79
Statistik Ekonomi,2021,kontraksi,20,79
Statistik Ekonomi,2022,kontraksi,4,79
Statistik Ekonomi,2023,kontraksi,3,79
Statistik Ekonomi,2024,kontraksi,4,79
Statistik Ekonomi,2025,kontraksi,4,79
Statistik Ekonomi,2015,laut,4,78
Statistik Ekonomi,2016,laut,3,78
Statistik Ekonomi,2017,laut,4,78
Statistik Ekonomi,2018,laut,3,78
Statistik Ekonomi,2019,laut,1,78
Statistik Ekonomi,2021,laut,4,78
Statistik Ekonomi,2022,laut,12,78
Statistik Ekonomi,2023,laut,9,78
Statistik Ekonomi,2024,laut,16,78
Statistik Ekonomi,2025,laut,18,78
Tidak Berkategori,2023,laut,4,78
Statistik Ekonomi,2015,kaki,2,77
Statistik Ekonomi,2016,kaki,3,77
Statistik Ekonomi,2017,kaki,3,77
Statistik Ekonomi,2018,kaki,3,77
Statistik Ekonomi,2019,kaki,1,77
Statistik Ekonomi,2020,kaki,11,77
Statistik Ekonomi,2021,kaki,13,77
Statistik Ekonomi,2022,kaki,12,77
Statistik Ekonomi,2023,kaki,12,77
Statistik Ekonomi,2024,kaki,12,77
Statistik Ekonomi,2025,kaki,4,77
Tidak Berkategori,2016,kaki,1,77
Statistik Demografi dan Sosial,2015,maluku,2,77
Statistik Demografi dan Sosial,2016,maluku,2,77
Statistik Demografi dan Sosial,2018,maluku,2,77
Statistik Demografi dan Sosial,2020,maluku,1,77
Statistik Demografi dan Sosial,2021,maluku,1,77
Statistik Ekonomi,2015,maluku,11,77
Statistik Ekonomi,2016,maluku,24,77
Statistik Ekonomi,2017,maluku,7,77
Statistik Ekonomi,2018,maluku,5,77
Statistik Ekonomi,2019,maluku,6,77
Statistik Ekonomi,2020,maluku,6,77
Statistik Ekonomi,2021,maluku,3,77
Statistik Ekonomi,2023,maluku,1,77
Statistik Ekonomi,2024,maluku,3,77
Statistik Ekonomi,2025,maluku,2,77
Tidak Berkategori,2016,maluku,1,77
Statistik Ekonomi,2015,alas,2,76
Statistik Ekonomi,2016,alas,3,76
Statistik Ekonomi,2017,alas,3,76
Statistik Ekonomi,2018,alas,3,76
Statistik Ekonomi,2019,alas,1,76
Statistik Ekonomi,2020,alas,11,76
Statistik Ekonomi,2021,alas,13,76
Statistik Ekonomi,2022,alas,12,76
Statistik Ekonomi,2023,alas,12,76
Statistik Ekonomi,2024,alas,12,76
Statistik Ekonomi,2025,alas,4,76
Statistik Demografi dan Sosial,2016,bawang,8,76
Statistik Demografi dan Sosial,2018,bawang,5,76
Statistik Demografi dan Sosial,2019,bawang,4,76
Statistik Demografi dan Sosial,2020,bawang,9,76
Statistik Ekonomi,2015,bawang,3,76
Statistik Ekonomi,2017,bawang,1,76
Statistik Ekonomi,2018,bawang,4,76
Statistik Ekonomi,2019,bawang,8,76
Statistik Ekonomi,2020,bawang,13,76
Statistik Ekonomi,2021,bawang,3,76
Statistik Ekonomi,2022,bawang,6,76
Statistik Ekonomi,2023,bawang,4,76
Statistik Ekonomi,2025,bawang,5,76
Statistik Lingkungan Hidup dan Multi-domain,2016,bawang,1,76
Statistik Lingkungan Hidup dan Multi-domain,2017,bawang,2,76
Statistik Ekonomi,2015,dapat,4,75
Statistik Ekonomi,2016,dapat,3,75
Statistik Ekonomi,2017,dapat,6,75
Statistik Ekonomi,2018,dapat,12,75
Statistik Ekonomi,2019,dapat,12,75
Statistik Ekonomi,2020,dapat,12,75
Statistik Ekonomi,2021,dapat,12,75
Statistik Ekonomi,2022,dapat,12,75
Statistik Ekonomi,2023,dapat,1,75
Statistik Lingkungan Hidup dan Multi-domain,2015,dapat,1,75
Statistik Demografi dan Sosial,2016,nusa,2,73
Statistik Demografi dan Sosial,2018,nusa,1,73
Statistik Demografi dan Sosial,2019,nusa,1,73
Statistik Demografi dan Sosial,2020,nusa,4,73
Statistik Ekonomi,2015,nusa,7,73
Statistik Ekonomi,2016,nusa,21,73
Statistik Ekonomi,2017,nusa,17,73
Statistik Ekonomi,2018,nusa,4,73
Statistik Ekonomi,2019,nusa,5,73
Statistik Ekonomi,2020,nusa,3,73
Statistik Ekonomi,2021,nusa,2,73
Statistik Ekonomi,2023,nusa,2,73
Statistik Ekonomi,2024,nusa,1,73
Statistik Ekonomi,2025,nusa,2,73
Statistik Lingkungan Hidup dan Multi-domain,2015,nusa,1,73
Statistik Demografi dan Sosial,2015,survei,1,73
Statistik Demografi dan Sosial,2016,survei,2,73
Statistik Demografi dan Sosial,2018,survei,1,73
Statistik Demografi dan Sosial,2022,survei,1,73
Statistik Demografi dan Sosial,2023,survei,2,73
Statistik Demografi dan Sosial,2024,survei,2,73
Statistik Demografi dan Sosial,2025,survei,5,73
Statistik Ekonomi,2015,survei,2,73
Statistik Ekonomi,2016,survei,4,73
Statistik Ekonomi,2017,survei,3,73
Statistik Ekonomi,2019,survei,2,73
Statistik Ekonomi,2020,survei,11,73
Statistik Ekonomi,2021,survei,11,73
Statistik Ekonomi,2022,survei,12,73
Statistik Ekonomi,2023,survei,10,73
Statistik Ekonomi,2024,survei,2,73
Statistik Lingkungan Hidup dan Multi-domain,2017,survei,2,73
Statistik Ekonomi,2015,sandang,12,72
Statistik Ekonomi,2016,sandang,12,72
Statistik Ekonomi,2017,sandang,12,72
Statistik Ekonomi,2018,sandang,14,72
Statistik Ekonomi,2019,sandang,14,72
Statistik Ekonomi,2020,sandang,1,72
Statistik Lingkungan Hidup dan Multi-domain,2015,sandang,1,72
Statistik Lingkungan Hidup dan Multi-domain,2016,sandang,2,72
Statistik Lingkungan Hidup dan Multi-domain,2017,sandang,2,72
Statistik Lingkungan Hidup dan Multi-domain,2018,sandang,2,72
Statistik Ekonomi,2015,apresiasi,15,71
Statistik Ekonomi,2016,apresiasi,29,71
Statistik Ekonomi,2017,apresiasi,26,71
Statistik Ekonomi,2018,apresiasi,1,71
Statistik Demografi dan Sosial,2016,masyarakat,5,70
Statistik Demografi dan Sosial,2017,masyarakat,4,70
Statistik Demografi dan Sosial,2018,masyarakat,8,70
Statistik Demografi dan Sosial,2019,masyarakat,8,70
Statistik Demografi dan Sosial,2020,masyarakat,8,70
Statistik Demografi dan Sosial,2021,masyarakat,8,70
Statistik Demografi dan Sosial,2022,masyarakat,6,70
Statistik Demografi dan Sosial,2024,masyarakat,6,70
Statistik Ekonomi,2023,masyarakat,1,70
Statistik Lingkungan Hidup dan Multi-domain,2016,masyarakat,1,70
Statistik Lingkungan Hidup dan Multi-domain,2017,masyarakat,1,70
Statistik Lingkungan Hidup dan Multi-domain,2018,masyarakat,2,70
Statistik Lingkungan Hidup dan Multi-domain,2019,masyarakat,1,70
Statistik Lingkungan Hidup dan Multi-domain,2020,masyarakat,2,70
Tidak Berkategori,2023,masyarakat,9,70
Statistik Demografi dan Sosial,2015,anggur,4,69
Statistik Demografi dan Sosial,2016,anggur,4,69
Statistik Demografi dan Sosial,2017,anggur,7,69
Statistik Demografi dan Sosial,2018,anggur,6,69
Statistik Demografi dan Sosial,2019,anggur,7,69
Statistik Demografi dan Sosial,2020,anggur,8,69
Statistik Demografi dan Sosial,2021,anggur,8,69
Statistik Demografi dan Sosial,2022,anggur,8,69
Statistik Demografi dan Sosial,2023,anggur,7,69
Statistik Demografi dan Sosial,2024,anggur,6,69
Statistik Demografi dan Sosial,2025,anggur,4,69
Statistik Demografi dan Sosial,2025,awat,1,69
Statistik Ekonomi,2020,awat,13,69
Statistik Ekonomi,2021,awat,12,69
Statistik Ekonomi,2022,awat,12,69
Statistik Ekonomi,2023,awat,12,69
Statistik Ekonomi,2024,awat,13,69
Statistik Ekonomi,2025,awat,6,69
Statistik Demografi dan Sosial,2016,selatan,2,69
Statistik Demografi dan Sosial,2019,selatan,4,69
Statistik Demografi dan Sosial,2020,selatan,3,69
Statistik Ekonomi,2015,selatan,4,69
Statistik Ekonomi,2016,selatan,8,69
Statistik Ekonomi,2017,selatan,9,69
Statistik Ekonomi,2018,selatan,4,69
Statistik Ekonomi,2019,selatan,2,69
Statistik Ekonomi,2021,selatan,8,69
Statistik Ekonomi,2022,selatan,2,69
Statistik Ekonomi,2023,selatan,4,69
Statistik Ekonomi,2024,selatan,15,69
Statistik Ekonomi,2025,selatan,4,69
Statistik Ekonomi,2015,kimia,10,68
Statistik Ekonomi,2016,kimia,26,68
Statistik Ekonomi,2017,kimia,21,68
Statistik Ekonomi,2018,kimia,6,68
Statistik Ekonomi,2019,kimia,2,68
Statistik Ekonomi,2020,kimia,3,68
Statistik Ekonomi,2020,pribadi,13,68
Statistik Ekonomi,2021,pribadi,12,68
Statistik Ekonomi,2022,pribadi,12,68
Statistik Ekonomi,2023,pribadi,12,68
Statistik Ekonomi,2024,pribadi,13,68
Statistik Ekonomi,2025,pribadi,6,68
Statistik Ekonomi,2015,tendensi,12,67
Statistik Ekonomi,2016,tendensi,11,67
Statistik Ekonomi,2017,tendensi,12,67
Statistik Ekonomi,2018,tendensi,14,67
Statistik Ekonomi,2019,tendensi,14,67
Statistik Ekonomi,2020,tendensi,4,67
Statistik Ekonomi,2017,balas,3,64
Statistik Ekonomi,2018,balas,12,64
Statistik Ekonomi,2019,balas,12,64
Statistik Ekonomi,2020,balas,12,64
Statistik Ekonomi,2021,balas,12,64
Statistik Ekonomi,2022,balas,12,64
Statistik Ekonomi,2023,balas,1,64
Statistik Ekonomi,2015,bruto,7,64
Statistik Ekonomi,2016,bruto,9,64
Statistik Ekonomi,2017,bruto,7,64
Statistik Ekonomi,2018,bruto,7,64
Statistik Ekonomi,2019,bruto,6,64
Statistik Ekonomi,2020,bruto,5,64
Statistik Ekonomi,2021,bruto,4,64
Statistik Ekonomi,2022,bruto,4,64
Statistik Ekonomi,2023,bruto,5,64
Statistik Ekonomi,2024,bruto,6,64
Statistik Ekonomi,2025,bruto,4,64
Statistik Demografi dan Sosial,2017,ukur,1,64
Statistik Demografi dan Sosial,2018,ukur,1,64
Statistik Demografi dan Sosial,2019,ukur,1,64
Statistik Demografi dan Sosial,2020,ukur,1,64
Statistik Ekonomi,2015,ukur,4,64
Statistik Ekonomi,2016,ukur,5,64
Statistik Ekonomi,2017,ukur,3,64
Statistik Ekonomi,2018,ukur,3,64
Statistik Ekonomi,2019,ukur,1,64
Statistik Ekonomi,2020,ukur,2,64
Statistik Ekonomi,2021,ukur,2,64
Statistik Ekonomi,2022,ukur,1,64
Statistik Ekonomi,2024,ukur,1,64
Statistik Ekonomi,2025,ukur,1,64
Statistik Lingkungan Hidup dan Multi-domain,2016,ukur,2,64
Statistik Lingkungan Hidup dan Multi-domain,2017,ukur,3,64
Statistik Lingkungan Hidup dan Multi-domain,2018,ukur,2,64
Statistik Lingkungan Hidup dan Multi-domain,2019,ukur,4,64
Statistik Lingkungan Hidup dan Multi-domain,2020,ukur,4,64
Statistik Lingkungan Hidup dan Multi-domain,2021,ukur,5,64
Statistik Lingkungan Hidup dan Multi-domain,2022,ukur,5,64
Statistik Lingkungan Hidup dan Multi-domain,2023,ukur,5,64
Statistik Lingkungan Hidup dan Multi-domain,2024,ukur,3,64
Statistik Lingkungan Hidup dan Multi-domain,2025,ukur,4,64
Statistik Ekonomi,2015,baja,2,63
Statistik Ekonomi,2016,baja,8,63
Statistik Ekonomi,2017,baja,4,63
Statistik Ekonomi,2018,baja,3,63
Statistik Ekonomi,2019,baja,2,63
Statistik Ekonomi,2020,baja,12,63
Statistik Ekonomi,2021,baja,18,63
Statistik Ekonomi,2022,baja,8,63
Statistik Ekonomi,2023,baja,4,63
Statistik Ekonomi,2024,baja,2,63
Statistik Ekonomi,2020,budaya,11,63
Statistik Ekonomi,2021,budaya,12,63
Statistik Ekonomi,2022,budaya,12,63
Statistik Ekonomi,2023,budaya,12,63
Statistik Ekonomi,2024,budaya,12,63
Statistik Ekonomi,2025,budaya,4,63
Statistik Demografi dan Sosial,2016,dimensi,1,63
Statistik Demografi dan Sosial,2017,dimensi,1,63
Statistik Demografi dan Sosial,2018,dimensi,1,63
Statistik Demografi dan Sosial,2019,dimensi,3,63
Statistik Demografi dan Sosial,2020,dimensi,3,63
Statistik Demografi dan Sosial,2021,dimensi,3,63
Statistik Demografi dan Sosial,2022,dimensi,3,63
Statistik Demografi dan Sosial,2024,dimensi,3,63
Statistik Lingkungan Hidup dan Multi-domain,2017,dimensi,7,63
Statistik Lingkungan Hidup dan Multi-domain,2018,dimensi,9,63
Statistik Lingkungan Hidup dan Multi-domain,2021,dimensi,7,63
Statistik Lingkungan Hidup dan Multi-domain,2022,dimensi,5,63
Statistik Lingkungan Hidup dan Multi-domain,2023,dimensi,5,63
Statistik Lingkungan Hidup dan Multi-domain,2024,dimensi,4,63
Statistik Lingkungan Hidup dan Multi-domain,2025,dimensi,2,63
Tidak Berkategori,2023,dimensi,6,63
Statistik Ekonomi,2020,pemeliharaan,11,63
Statistik Ekonomi,2021,pemeliharaan,12,63
Statistik Ekonomi,2022,pemeliharaan,12,63
Statistik Ekonomi,2023,pemeliharaan,12,63
Statistik Ekonomi,2024,pemeliharaan,12,63
Statistik Ekonomi,2025,pemeliharaan,4,63
Statistik Ekonomi,2020,restoran,11,63
Statistik Ekonomi,2021,restoran,12,63
Statistik Ekonomi,2022,restoran,12,63
Statistik Ekonomi,2023,restoran,12,63
Statistik Ekonomi,2024,restoran,12,63
Statistik Ekonomi,2025,restoran,4,63
Statistik Ekonomi,2020,rutin,11,63
Statistik Ekonomi,2021,rutin,12,63
Statistik Ekonomi,2022,rutin,12,63
Statistik Ekonomi,2023,rutin,12,63
Statistik Ekonomi,2024,rutin,12,63
Statistik Ekonomi,2025,rutin,4,63
Statistik Demografi dan Sosial,2016,agen,1,62
Statistik Ekonomi,2015,agen,12,62
Statistik Ekonomi,2016,agen,12,62
Statistik Ekonomi,2017,agen,12,62
Statistik Ekonomi,2018,agen,12,62
Statistik Ekonomi,2019,agen,12,62
Statistik Ekonomi,2020,agen,1,62
Statistik Ekonomi,2015,permata,8,62
Statistik Ekonomi,2016,permata,7,62
Statistik Ekonomi,2017,permata,6,62
Statistik Ekonomi,2018,permata,7,62
Statistik Ekonomi,2019,permata,8,62
Statistik Ekonomi,2020,permata,10,62
Statistik Ekonomi,2021,permata,1,62
Statistik Ekonomi,2022,permata,6,62
Statistik Ekonomi,2023,permata,3,62
Statistik Ekonomi,2024,permata,6,62
Statistik Demografi dan Sosial,2015,baik,1,61
Statistik Demografi dan Sosial,2016,baik,1,61
Statistik Demografi dan Sosial,2017,baik,2,61
Statistik Demografi dan Sosial,2018,baik,1,61
Statistik Ekonomi,2015,baik,1,61
Statistik Ekonomi,2017,baik,10,61
Statistik Ekonomi,2018,baik,16,61
Statistik Ekonomi,2019,baik,10,61
Statistik Ekonomi,2020,baik,2,61
Statistik Ekonomi,2023,baik,1,61
Statistik Lingkungan Hidup dan Multi-domain,2015,baik,1,61
Statistik Lingkungan Hidup dan Multi-domain,2016,baik,2,61
Statistik Lingkungan Hidup dan Multi-domain,2021,baik,1,61
Statistik Lingkungan Hidup dan Multi-domain,2022,baik,1,61
Statistik Lingkungan Hidup dan Multi-domain,2023,baik,1,61
Statistik Lingkungan Hidup dan Multi-domain,2024,baik,2,61
Statistik Lingkungan Hidup dan Multi-domain,2025,baik,2,61
Tidak Berkategori,2023,baik,6,61
Statistik Demografi dan Sosial,2015,distribusi,5,61
Statistik Demografi dan Sosial,2016,distribusi,12,61
Statistik Demografi dan Sosial,2018,distribusi,6,61
Statistik Demografi dan Sosial,2019,distribusi,3,61
Statistik Demografi dan Sosial,2020,distribusi,8,61
Statistik Demografi dan Sosial,2021,distribusi,4,61
Statistik Lingkungan Hidup dan Multi-domain,2016,distribusi,6,61
Statistik Lingkungan Hidup dan Multi-domain,2017,distribusi,2,61
Statistik Lingkungan Hidup dan Multi-domain,2018,distribusi,2,61
Statistik Lingkungan Hidup dan Multi-domain,2019,distribusi,2,61
Statistik Lingkungan Hidup dan Multi-domain,2020,distribusi,2,61
Statistik Lingkungan Hidup dan Multi-domain,2021,distribusi,2,61
Statistik Lingkungan Hidup dan Multi-domain,2022,distribusi,2,61
Statistik Lingkungan Hidup dan Multi-domain,2023,distribusi,2,61
Statistik Lingkungan Hidup dan Multi-domain,2024,distribusi,1,61
Statistik Lingkungan Hidup dan Multi-domain,2025,distribusi,2,61
Statistik Ekonomi,2017,kelapa,6,61
Statistik Ekonomi,2018,kelapa,1,61
Statistik Ekonomi,2019,kelapa,8,61
Statistik Ekonomi,2020,kelapa,9,61
Statistik Ekonomi,2021,kelapa,9,61
Statistik Ekonomi,2022,kelapa,4,61
Statistik Ekonomi,2023,kelapa,1,61
Statistik Ekonomi,2024,kelapa,7,61
Statistik Ekonomi,2025,kelapa,14,61
Tidak Berkategori,2023,kelapa,2,61
Statistik Ekonomi,2015,transpor,12,61
Statistik Ekonomi,2016,transpor,12,61
Statistik Ekonomi,2017,transpor,12,61
Statistik Ekonomi,2018,transpor,12,61
Statistik Ekonomi,2019,transpor,12,61
Statistik Ekonomi,2020,transpor,1,61
Statistik Ekonomi,2015,tuju,1,61
Statistik Ekonomi,2017,tuju,1,61
Statistik Ekonomi,2021,tuju,4,61
Statistik Ekonomi,2022,tuju,12,61
Statistik Ekonomi,2023,tuju,10,61
Statistik Ekonomi,2024,tuju,21,61
Statistik Ekonomi,2025,tuju,8,61
Tidak Berkategori,2023,tuju,4,61
Statistik Demografi dan Sosial,2015,ipak,2,60
Statistik Demografi dan Sosial,2016,ipak,7,60
Statistik Demografi dan Sosial,2017,ipak,5,60
Statistik Demografi dan Sosial,2018,ipak,6,60
Statistik Demografi dan Sosial,2019,ipak,6,60
Statistik Demografi dan Sosial,2020,ipak,7,60
Statistik Demografi dan Sosial,2021,ipak,7,60
Statistik Demografi dan Sosial,2022,ipak,6,60
Statistik Demografi dan Sosial,2024,ipak,6,60
Tidak Berkategori,2023,ipak,8,60
Statistik Ekonomi,2016,semen,5,60
Statistik Ekonomi,2019,semen,3,60
Statistik Ekonomi,2020,semen,3,60
Statistik Ekonomi,2021,semen,3,60
Statistik Ekonomi,2022,semen,13,60
Statistik Ekonomi,2023,semen,10,60
Statistik Ekonomi,2024,semen,5,60
Statistik Ekonomi,2025,semen,18,60
Statistik Demografi dan Sosial,2015,angkat,2,59
Statistik Demografi dan Sosial,2016,angkat,4,59
Statistik Demografi dan Sosial,2017,angkat,3,59
Statistik Demografi dan Sosial,2018,angkat,4,59
Statistik Demografi dan Sosial,2019,angkat,6,59
Statistik Demografi dan Sosial,2020,angkat,7,59
Statistik Demografi dan Sosial,2021,angkat,7,59
Statistik Demografi dan Sosial,2022,angkat,7,59
Statistik Demografi dan Sosial,2023,angkat,7,59
Statistik Demografi dan Sosial,2024,angkat,6,59
Statistik Demografi dan Sosial,2025,angkat,6,59
Statistik Ekonomi,2015,lemak,9,59
Statistik Ekonomi,2016,lemak,4,59
Statistik Ekonomi,2017,lemak,4,59
Statistik Ekonomi,2018,lemak,5,59
Statistik Ekonomi,2019,lemak,3,59
Statistik Ekonomi,2020,lemak,4,59
Statistik Ekonomi,2021,lemak,10,59
Statistik Ekonomi,2022,lemak,7,59
Statistik Ekonomi,2023,lemak,4,59
Statistik Ekonomi,2024,lemak,8,59
Statistik Ekonomi,2025,lemak,1,59
Statistik Ekonomi,2015,aspal,2,58
Statistik Ekonomi,2016,aspal,3,58
Statistik Ekonomi,2017,aspal,3,58
Statistik Ekonomi,2018,aspal,7,58
Statistik Ekonomi,2019,aspal,3,58
Statistik Ekonomi,2020,aspal,4,58
Statistik Ekonomi,2021,aspal,2,58
Statistik Ekonomi,2022,aspal,9,58
Statistik Ekonomi,2023,aspal,12,58
Statistik Ekonomi,2024,aspal,6,58
Statistik Ekonomi,2025,aspal,7,58
Statistik Demografi dan Sosial,2015,bali,1,58
Statistik Demografi dan Sosial,2018,bali,1,58
Statistik Demografi dan Sosial,2019,bali,2,58
Statistik Demografi dan Sosial,2020,bali,1,58
Statistik Ekonomi,2015,bali,27,58
Statistik Ekonomi,2016,bali,13,58
Statistik Ekonomi,2017,bali,3,58
Statistik Ekonomi,2018,bali,2,58
Statistik Ekonomi,2019,bali,1,58
Statistik Ekonomi,2020,bali,2,58
Statistik Ekonomi,2021,bali,1,58
Statistik Ekonomi,2024,bali,4,58
Statistik Demografi dan Sosial,2015,goreng,9,58
Statistik Demografi dan Sosial,2016,goreng,8,58
Statistik Demografi dan Sosial,2019,goreng,4,58
Statistik Demografi dan Sosial,2020,goreng,4,58
Statistik Demografi dan Sosial,2021,goreng,4,58
Statistik Ekonomi,2020,goreng,6,58
Statistik Ekonomi,2021,goreng,6,58
Statistik Ekonomi,2022,goreng,5,58
Statistik Ekonomi,2024,goreng,2,58
Statistik Ekonomi,2025,goreng,10,58
Statistik Ekonomi,2015,nabati,9,58
Statistik Ekonomi,2016,nabati,4,58
Statistik Ekonomi,2017,nabati,3,58
Statistik Ekonomi,2018,nabati,5,58
Statistik Ekonomi,2019,nabati,3,58
Statistik Ekonomi,2020,nabati,4,58
Statistik Ekonomi,2021,nabati,10,58
Statistik Ekonomi,2022,nabati,7,58
Statistik Ekonomi,2023,nabati,4,58
Statistik Ekonomi,2024,nabati,8,58
Statistik Ekonomi,2025,nabati,1,58
Statistik Demografi dan Sosial,2018,akomodasi,2,57
Statistik Demografi dan Sosial,2019,akomodasi,2,57
Statistik Demografi dan Sosial,2020,akomodasi,1,57
Statistik Demografi dan Sosial,2021,akomodasi,1,57
Statistik Demografi dan Sosial,2023,akomodasi,2,57
Statistik Demografi dan Sosial,2024,akomodasi,1,57
Statistik Ekonomi,2015,akomodasi,3,57
Statistik Ekonomi,2016,akomodasi,5,57
Statistik Ekonomi,2017,akomodasi,4,57
Statistik Ekonomi,2018,akomodasi,5,57
Statistik Ekonomi,2019,akomodasi,5,57
Statistik Ekonomi,2020,akomodasi,4,57
Statistik Ekonomi,2021,akomodasi,4,57
Statistik Ekonomi,2022,akomodasi,4,57
Statistik Ekonomi,2023,akomodasi,4,57
Statistik Ekonomi,2024,akomodasi,6,57
Statistik Ekonomi,2025,akomodasi,4,57
Statistik Ekonomi,2016,bagi,3,57
Statistik Ekonomi,2017,bagi,1,57
Statistik Ekonomi,2018,bagi,5,57
Statistik Ekonomi,2019,bagi,1,57
Statistik Ekonomi,2020,bagi,6,57
Statistik Ekonomi,2021,bagi,6,57
Statistik Ekonomi,2022,bagi,8,57
Statistik Ekonomi,2023,bagi,13,57
Statistik Ekonomi,2024,bagi,14,57
Statistik Ekonomi,2015,bangka,7,57
Statistik Ekonomi,2016,bangka,12,57
Statistik Ekonomi,2017,bangka,11,57
Statistik Ekonomi,2018,bangka,4,57
Statistik Ekonomi,2019,bangka,1,57
Statistik Ekonomi,2020,bangka,2,57
Statistik Ekonomi,2021,bangka,4,57
Statistik Ekonomi,2023,bangka,2,57
Statistik Ekonomi,2024,bangka,13,57
Statistik Ekonomi,2025,bangka,1,57
Statistik Ekonomi,2015,belitung,7,57
Statistik Ekonomi,2016,belitung,12,57
Statistik Ekonomi,2017,belitung,11,57
Statistik Ekonomi,2018,belitung,4,57
Statistik Ekonomi,2019,belitung,1,57
Statistik Ekonomi,2020,belitung,2,57
Statistik Ekonomi,2021,belitung,4,57
Statistik Ekonomi,2023,belitung,2,57
Statistik Ekonomi,2024,belitung,13,57
Statistik Ekonomi,2025,belitung,1,57
Statistik Demografi dan Sosial,2016,gula,8,57
Statistik Demografi dan Sosial,2019,gula,4,57
Statistik Demografi dan Sosial,2020,gula,4,57
Statistik Demografi dan Sosial,2021,gula,4,57
Statistik Ekonomi,2016,gula,2,57
Statistik Ekonomi,2018,gula,2,57
Statistik Ekonomi,2019,gula,3,57
Statistik Ekonomi,2020,gula,13,57
Statistik Ekonomi,2022,gula,6,57
Statistik Ekonomi,2024,gula,4,57
Statistik Lingkungan Hidup dan Multi-domain,2015,gula,1,57
Statistik Lingkungan Hidup dan Multi-domain,2016,gula,2,57
Statistik Lingkungan Hidup dan Multi-domain,2017,gula,2,57
Statistik Lingkungan Hidup dan Multi-domain,2018,gula,2,57
Statistik Ekonomi,2015,hektar,23,57
Statistik Ekonomi,2016,hektar,12,57
Statistik Ekonomi,2018,hektar,3,57
Statistik Ekonomi,2020,hektar,5,57
Statistik Ekonomi,2021,hektar,7,57
Statistik Ekonomi,2022,hektar,3,57
Statistik Ekonomi,2023,hektar,4,57
Statistik Ekonomi,2015,optimisme,6,57
Statistik Ekonomi,2016,optimisme,6,57
Statistik Ekonomi,2017,optimisme,7,57
Statistik Ekonomi,2018,optimisme,21,57
Statistik Ekonomi,2019,optimisme,14,57
Statistik Ekonomi,2020,optimisme,3,57
Statistik Demografi dan Sosial,2016,susun,1,55
Statistik Demografi dan Sosial,2017,susun,1,55
Statistik Demografi dan Sosial,2018,susun,1,55
Statistik Demografi dan Sosial,2019,susun,1,55
Statistik Demografi dan Sosial,2020,susun,1,55
Statistik Demografi dan Sosial,2021,susun,1,55
Statistik Demografi dan Sosial,2022,susun,1,55
Statistik Demografi dan Sosial,2024,susun,1,55
Statistik Ekonomi,2016,susun,4,55
Statistik Ekonomi,2017,susun,12,55
Statistik Ekonomi,2018,susun,15,55
Statistik Ekonomi,2019,susun,2,55
Statistik Ekonomi,2020,susun,6,55
Statistik Ekonomi,2021,susun,2,55
Statistik Lingkungan Hidup dan Multi-domain,2015,susun,1,55
Statistik Lingkungan Hidup dan Multi-domain,2017,susun,1,55
Statistik Lingkungan Hidup dan Multi-domain,2018,susun,2,55
Statistik Lingkungan Hidup dan Multi-domain,2025,susun,1,55
Tidak Berkategori,2023,susun,1,55
Statistik Ekonomi,2017,sawit,6,54
Statistik Ekonomi,2018,sawit,1,54
Statistik Ekonomi,2019,sawit,8,54
Statistik Ekonomi,2020,sawit,7,54
Statistik Ekonomi,2021,sawit,8,54
Statistik Ekonomi,2022,sawit,4,54
Statistik Ekonomi,2023,sawit,1,54
Statistik Ekonomi,2024,sawit,7,54
Statistik Ekonomi,2025,sawit,11,54
Tidak Berkategori,2023,sawit,1,54
Statistik Ekonomi,2021,surplus,11,54
Statistik Ekonomi,2022,surplus,12,54
Statistik Ekonomi,2023,surplus,12,54
Statistik Ekonomi,2024,surplus,11,54
Statistik Ekonomi,2025,surplus,8,54
Statistik Ekonomi,2018,kretek,6,53
Statistik Ekonomi,2019,kretek,2,53
Statistik Ekonomi,2020,kretek,2,53
Statistik Ekonomi,2021,kretek,2,53
Statistik Ekonomi,2022,kretek,5,53
Statistik Ekonomi,2023,kretek,12,53
Statistik Ekonomi,2024,kretek,12,53
Statistik Ekonomi,2025,kretek,6,53
Statistik Lingkungan Hidup dan Multi-domain,2015,kretek,1,53
Statistik Lingkungan Hidup dan Multi-domain,2016,kretek,2,53
Statistik Lingkungan Hidup dan Multi-domain,2017,kretek,1,53
Statistik Lingkungan Hidup dan Multi-domain,2018,kretek,2,53
Statistik Ekonomi,2015,karet,8,52
Statistik Ekonomi,2016,karet,24,52
Statistik Ekonomi,2017,karet,14,52
Statistik Ekonomi,2019,karet,2,52
Statistik Ekonomi,2021,karet,2,52
Statistik Ekonomi,2024,karet,1,52
Tidak Berkategori,2023,karet,1,52
Statistik Ekonomi,2015,kayu,6,52
Statistik Ekonomi,2016,kayu,8,52
Statistik Ekonomi,2017,kayu,7,52
Statistik Ekonomi,2018,kayu,7,52
Statistik Ekonomi,2019,kayu,3,52
Statistik Ekonomi,2020,kayu,6,52
Statistik Ekonomi,2021,kayu,1,52
Statistik Ekonomi,2025,kayu,13,52
Tidak Berkategori,2023,kayu,1,52
Statistik Demografi dan Sosial,2025,pelayanan,2,52
Statistik Ekonomi,2017,pelayanan,5,52
Statistik Ekonomi,2018,pelayanan,16,52
Statistik Ekonomi,2019,pelayanan,18,52
Statistik Ekonomi,2022,pelayanan,8,52
Statistik Lingkungan Hidup dan Multi-domain,2018,pelayanan,3,52
Statistik Demografi dan Sosial,2016,telur,8,51
Statistik Demografi dan Sosial,2019,telur,4,51
Statistik Demografi dan Sosial,2020,telur,4,51
Statistik Demografi dan Sosial,2021,telur,4,51
Statistik Ekonomi,2018,telur,2,51
Statistik Ekonomi,2020,telur,5,51
Statistik Ekonomi,2021,telur,4,51
Statistik Ekonomi,2022,telur,8,51
Statistik Ekonomi,2023,telur,4,51
Statistik Ekonomi,2025,telur,1,51
Statistik Lingkungan Hidup dan Multi-domain,2015,telur,1,51
Statistik Lingkungan Hidup dan Multi-domain,2016,telur,2,51
Statistik Lingkungan Hidup dan Multi-domain,2017,telur,2,51
Statistik Lingkungan Hidup dan Multi-domain,2018,telur,2,51
Statistik Ekonomi,2021,neraca,11,50
Statistik Ekonomi,2022,neraca,12,50
Statistik Ekonomi,2023,neraca,12,50
Statistik Ekonomi,2024,neraca,11,50
Statistik Ekonomi,2025,neraca,4,50
Statistik Ekonomi,2022,pintu,28,50
Statistik Ekonomi,2023,pintu,6,50
Statistik Ekonomi,2024,pintu,6,50
Statistik Ekonomi,2025,pintu,9,50
Tidak Berkategori,2023,pintu,1,50
Statistik Demografi dan Sosial,2016,potensi,2,50
Statistik Demografi dan Sosial,2018,potensi,2,50
Statistik Demografi dan Sosial,2019,potensi,3,50
Statistik Demografi dan Sosial,2020,potensi,2,50
Statistik Ekonomi,2016,potensi,1,50
Statistik Ekonomi,2017,potensi,2,50
Statistik Ekonomi,2018,potensi,5,50
Statistik Ekonomi,2020,potensi,2,50
Statistik Ekonomi,2021,potensi,2,50
Statistik Ekonomi,2024,potensi,2,50
Statistik Ekonomi,2025,potensi,23,50
Statistik Lingkungan Hidup dan Multi-domain,2015,potensi,2,50
Statistik Lingkungan Hidup dan Multi-domain,2018,potensi,2,50
Statistik Ekonomi,2021,defisit,10,49
Statistik Ekonomi,2022,defisit,12,49
Statistik Ekonomi,2023,defisit,12,49
Statistik Ekonomi,2024,defisit,11,49
Statistik Ekonomi,2025,defisit,4,49
Statistik Demografi dan Sosial,2015,dominasi,2,49
Statistik Ekonomi,2015,dominasi,3,49
Statistik Ekonomi,2016,dominasi,4,49
Statistik Ekonomi,2017,dominasi,5,49
Statistik Ekonomi,2018,dominasi,4,49
Statistik Ekonomi,2019,dominasi,4,49
Statistik Ekonomi,2020,dominasi,4,49
Statistik Ekonomi,2021,dominasi,2,49
Statistik Ekonomi,2022,dominasi,1,49
Statistik Ekonomi,2023,dominasi,8,49
Statistik Ekonomi,2024,dominasi,9,49
Tidak Berkategori,2017,dominasi,2,49
Tidak Berkategori,2023,dominasi,1,49
Statistik Ekonomi,2019,observasi,2,49
Statistik Ekonomi,2020,observasi,12,49
Statistik Ekonomi,2021,observasi,11,49
Statistik Ekonomi,2022,observasi,12,49
Statistik Ekonomi,2023,observasi,10,49
Statistik Ekonomi,2024,observasi,2,49
Statistik Ekonomi,2018,solar,3,49
Statistik Ekonomi,2019,solar,2,49
Statistik Ekonomi,2020,solar,5,49
Statistik Ekonomi,2021,solar,1,49
Statistik Ekonomi,2022,solar,14,49
Statistik Ekonomi,2023,solar,18,49
Statistik Ekonomi,2024,solar,6,49
Statistik Ekonomi,2015,bandara,24,48
Statistik Ekonomi,2016,bandara,8,48
Statistik Ekonomi,2017,bandara,1,48
Statistik Ekonomi,2018,bandara,1,48
Statistik Ekonomi,2019,bandara,1,48
Statistik Ekonomi,2023,bandara,6,48
Statistik Ekonomi,2024,bandara,6,48
Tidak Berkategori,2023,bandara,1,48
Statistik Demografi dan Sosial,2015,korupsi,2,47
Statistik Demografi dan Sosial,2016,korupsi,6,47
Statistik Demografi dan Sosial,2017,korupsi,5,47
Statistik Demografi dan Sosial,2018,korupsi,6,47
Statistik Demografi dan Sosial,2019,korupsi,7,47
Statistik Demografi dan Sosial,2020,korupsi,7,47
Statistik Demografi dan Sosial,2021,korupsi,6,47
Statistik Demografi dan Sosial,2022,korupsi,3,47
Statistik Demografi dan Sosial,2024,korupsi,3,47
Tidak Berkategori,2023,korupsi,2,47
Statistik Ekonomi,2015,mineral,4,47
Statistik Ekonomi,2016,mineral,2,47
Statistik Ekonomi,2017,mineral,7,47
Statistik Ekonomi,2018,mineral,5,47
Statistik Ekonomi,2019,mineral,5,47
Statistik Ekonomi,2020,mineral,1,47
Statistik Ekonomi,2021,mineral,5,47
Statistik Ekonomi,2022,mineral,7,47
Statistik Ekonomi,2023,mineral,9,47
Statistik Ekonomi,2024,mineral,2,47
Statistik Ekonomi,2015,kapita,1,46
Statistik Ekonomi,2016,kapita,1,46
Statistik Ekonomi,2017,kapita,1,46
Statistik Ekonomi,2018,kapita,2,46
Statistik Ekonomi,2019,kapita,1,46
Statistik Ekonomi,2020,kapita,1,46
Statistik Ekonomi,2021,kapita,1,46
Statistik Ekonomi,2022,kapita,1,46
Statistik Ekonomi,2023,kapita,1,46
Statistik Ekonomi,2024,kapita,1,46
Statistik Ekonomi,2025,kapita,1,46
Statistik Lingkungan Hidup dan Multi-domain,2015,kapita,3,46
Statistik Lingkungan Hidup dan Multi-domain,2016,kapita,3,46
Statistik Lingkungan Hidup dan Multi-domain,2017,kapita,3,46
Statistik Lingkungan Hidup dan Multi-domain,2018,kapita,3,46
Statistik Lingkungan Hidup dan Multi-domain,2019,kapita,3,46
Statistik Lingkungan Hidup dan Multi-domain,2020,kapita,5,46
Statistik Lingkungan Hidup dan Multi-domain,2021,kapita,3,46
Statistik Lingkungan Hidup dan Multi-domain,2022,kapita,3,46
Statistik Lingkungan Hidup dan Multi-domain,2023,kapita,4,46
Statistik Lingkungan Hidup dan Multi-domain,2024,kapita,2,46
Statistik Lingkungan Hidup dan Multi-domain,2025,kapita,2,46
Statistik Demografi dan Sosial,2016,masuk,1,46
Statistik Demografi dan Sosial,2017,masuk,1,46
Statistik Demografi dan Sosial,2018,masuk,1,46
Statistik Ekonomi,2016,masuk,1,46
Statistik Ekonomi,2022,masuk,28,46
Statistik Ekonomi,2023,masuk,7,46
Statistik Ekonomi,2025,masuk,2,46
Statistik Lingkungan Hidup dan Multi-domain,2017,masuk,3,46
Statistik Lingkungan Hidup dan Multi-domain,2018,masuk,2,46
Statistik Ekonomi,2015,tanjung,4,46
Statistik Ekonomi,2016,tanjung,4,46
Statistik Ekonomi,2017,tanjung,1,46
Statistik Ekonomi,2019,tanjung,4,46
Statistik Ekonomi,2020,tanjung,4,46
Statistik Ekonomi,2021,tanjung,4,46
Statistik Ekonomi,2022,tanjung,15,46
Statistik Ekonomi,2023,tanjung,4,46
Statistik Ekonomi,2024,tanjung,3,46
Statistik Ekonomi,2025,tanjung,3,46
Statistik Ekonomi,2015,berlaku,4,45
Statistik Ekonomi,2016,berlaku,4,45
Statistik Ekonomi,2017,berlaku,4,45
Statistik Ekonomi,2018,berlaku,4,45
Statistik Ekonomi,2019,berlaku,4,45
Statistik Ekonomi,2020,berlaku,4,45
Statistik Ekonomi,2021,berlaku,4,45
Statistik Ekonomi,2022,berlaku,4,45
Statistik Ekonomi,2023,berlaku,4,45
Statistik Ekonomi,2024,berlaku,5,45
Statistik Ekonomi,2025,berlaku,4,45
Statistik Demografi dan Sosial,2015,dalam,1,45
Statistik Demografi dan Sosial,2016,dalam,1,45
Statistik Demografi dan Sosial,2017,dalam,1,45
Statistik Demografi dan Sosial,2018,dalam,1,45
Statistik Demografi dan Sosial,2019,dalam,1,45
Statistik Demografi dan Sosial,2020,dalam,1,45
Statistik Ekonomi,2020,dalam,5,45
Statistik Ekonomi,2021,dalam,9,45
Statistik Ekonomi,2022,dalam,2,45
Statistik Ekonomi,2023,dalam,2,45
Statistik Ekonomi,2024,dalam,5,45
Statistik Ekonomi,2025,dalam,16,45
Statistik Demografi dan Sosial,2023,hidup,1,45
Statistik Ekonomi,2015,hidup,1,45
Statistik Lingkungan Hidup dan Multi-domain,2016,hidup,1,45
Statistik Lingkungan Hidup dan Multi-domain,2017,hidup,8,45
Statistik Lingkungan Hidup dan Multi-domain,2018,hidup,3,45
Statistik Lingkungan Hidup dan Multi-domain,2019,hidup,2,45
Statistik Lingkungan Hidup dan Multi-domain,2020,hidup,3,45
Statistik Lingkungan Hidup dan Multi-domain,2021,hidup,7,45
Statistik Lingkungan Hidup dan Multi-domain,2022,hidup,7,45
Statistik Lingkungan Hidup dan Multi-domain,2023,hidup,7,45
Statistik Lingkungan Hidup dan Multi-domain,2024,hidup,3,45
Statistik Lingkungan Hidup dan Multi-domain,2025,hidup,1,45
Tidak Berkategori,2023,hidup,1,45
Statistik Ekonomi,2015,ngurah,24,45
Statistik Ekonomi,2016,ngurah,8,45
Statistik Ekonomi,2023,ngurah,6,45
Statistik Ekonomi,2024,ngurah,6,45
Tidak Berkategori,2023,ngurah,1,45
Statistik Demografi dan Sosial,2018,usia,5,45
Statistik Demografi dan Sosial,2019,usia,5,45
Statistik Demografi dan Sosial,2020,usia,6,45
Statistik Demografi dan Sosial,2021,usia,6,45
Statistik Demografi dan Sosial,2022,usia,2,45
Statistik Demografi dan Sosial,2023,usia,1,45
Statistik Lingkungan Hidup dan Multi-domain,2016,usia,2,45
Statistik Lingkungan Hidup dan Multi-domain,2017,usia,6,45
Statistik Lingkungan Hidup dan Multi-domain,2018,usia,2,45
Statistik Lingkungan Hidup dan Multi-domain,2019,usia,2,45
Statistik Lingkungan Hidup dan Multi-domain,2020,usia,3,45
Statistik Lingkungan Hidup dan Multi-domain,2021,usia,1,45
Tidak Berkategori,2023,usia,4,45
Statistik Ekonomi,2016,beton,2,43
Statistik Ekonomi,2017,beton,7,43
Statistik Ekonomi,2018,beton,8,43
Statistik Ekonomi,2020,beton,9,43
Statistik Ekonomi,2021,beton,13,43
Statistik Ekonomi,2022,beton,4,43
Statistik Ekonomi,2015,bijih,2,43
Statistik Ekonomi,2016,bijih,4,43
Statistik Ekonomi,2017,bijih,7,43
Statistik Ekonomi,2018,bijih,8,43
Statistik Ekonomi,2019,bijih,7,43
Statistik Ekonomi,2020,bijih,4,43
Statistik Ekonomi,2021,bijih,3,43
Statistik Ekonomi,2022,bijih,3,43
Statistik Ekonomi,2023,bijih,3,43
Statistik Ekonomi,2024,bijih,2,43
Statistik Ekonomi,2015,singapura,7,43
Statistik Ekonomi,2016,singapura,1,43
Statistik Ekonomi,2018,singapura,1,43
Statistik Ekonomi,2020,singapura,10,43
Statistik Ekonomi,2021,singapura,3,43
Statistik Ekonomi,2023,singapura,6,43
Statistik Ekonomi,2024,singapura,14,43
Tidak Berkategori,2023,singapura,1,43
Statistik Ekonomi,2015,spasial,4,43
Statistik Ekonomi,2016,spasial,4,43
Statistik Ekonomi,2017,spasial,4,43
Statistik Ekonomi,2018,spasial,4,43
Statistik Ekonomi,2019,spasial,4,43
Statistik Ekonomi,2020,spasial,4,43
Statistik Ekonomi,2021,spasial,2,43
Statistik Ekonomi,2022,spasial,4,43
Statistik Ekonomi,2023,spasial,4,43
Statistik Ekonomi,2024,spasial,4,43
Statistik Ekonomi,2025,spasial,4,43
Statistik Lingkungan Hidup dan Multi-domain,2024,spasial,1,43
Statistik Demografi dan Sosial,2015,demokrasi,6,42
Statistik Demografi dan Sosial,2016,demokrasi,6,42
Statistik Demografi dan Sosial,2017,demokrasi,10,42
Statistik Demografi dan Sosial,2018,demokrasi,10,42
Statistik Demografi dan Sosial,2019,demokrasi,5,42
Statistik Demografi dan Sosial,2020,demokrasi,5,42
Statistik Ekonomi,2015,obat,8,42
Statistik Ekonomi,2016,obat,20,42
Statistik Ekonomi,2017,obat,12,42
Statistik Ekonomi,2020,obat,2,42
Statistik Ekonomi,2015,atap,2,41
Statistik Ekonomi,2016,atap,3,41
Statistik Ekonomi,2017,atap,4,41
Statistik Ekonomi,2018,atap,1,41
Statistik Ekonomi,2019,atap,5,41
Statistik Ekonomi,2020,atap,9,41
Statistik Ekonomi,2021,atap,14,41
Statistik Ekonomi,2022,atap,2,41
Statistik Ekonomi,2025,atap,1,41
Statistik Demografi dan Sosial,2022,pengadaan,1,41
Statistik Ekonomi,2017,pengadaan,6,41
Statistik Ekonomi,2018,pengadaan,4,41
Statistik Ekonomi,2019,pengadaan,5,41
Statistik Ekonomi,2020,pengadaan,4,41
Statistik Ekonomi,2021,pengadaan,4,41
Statistik Ekonomi,2022,pengadaan,4,41
Statistik Ekonomi,2023,pengadaan,4,41
Statistik Ekonomi,2024,pengadaan,4,41
Statistik Ekonomi,2025,pengadaan,5,41
Statistik Ekonomi,2017,sumbang,3,41
Statistik Ekonomi,2018,sumbang,12,41
Statistik Ekonomi,2019,sumbang,11,41
Statistik Ekonomi,2020,sumbang,1,41
Statistik Ekonomi,2022,sumbang,1,41
Statistik Ekonomi,2023,sumbang,2,41
Statistik Ekonomi,2024,sumbang,3,41
Statistik Lingkungan Hidup dan Multi-domain,2015,sumbang,1,41
Statistik Lingkungan Hidup dan Multi-domain,2016,sumbang,2,41
Statistik Lingkungan Hidup dan Multi-domain,2017,sumbang,3,41
Statistik Lingkungan Hidup dan Multi-domain,2018,sumbang,2,41
Statistik Ekonomi,2015,hewan,9,40
Statistik Ekonomi,2016,hewan,3,40
Statistik Ekonomi,2017,hewan,1,40
Statistik Ekonomi,2018,hewan,5,40
Statistik Ekonomi,2019,hewan,2,40
Statistik Ekonomi,2020,hewan,3,40
Statistik Ekonomi,2021,hewan,8,40
Statistik Ekonomi,2022,hewan,6,40
Statistik Ekonomi,2023,hewan,1,40
Statistik Ekonomi,2024,hewan,1,40
Statistik Ekonomi,2025,hewan,1,40
Statistik Ekonomi,2015,mekanik,12,40
Statistik Ekonomi,2016,mekanik,8,40
Statistik Ekonomi,2017,mekanik,5,40
Statistik Ekonomi,2018,mekanik,8,40
Statistik Ekonomi,2019,mekanik,7,40
Statistik Demografi dan Sosial,2016,milik,1,40
Statistik Demografi dan Sosial,2018,milik,1,40
Statistik Demografi dan Sosial,2019,milik,1,40
Statistik Demografi dan Sosial,2020,milik,1,40
Statistik Ekonomi,2015,milik,5,40
Statistik Ekonomi,2019,milik,1,40
Statistik Lingkungan Hidup dan Multi-domain,2016,milik,2,40
Statistik Lingkungan Hidup dan Multi-domain,2017,milik,2,40
Statistik Lingkungan Hidup dan Multi-domain,2018,milik,2,40
Statistik Lingkungan Hidup dan Multi-domain,2019,milik,4,40
Statistik Lingkungan Hidup dan Multi-domain,2020,milik,6,40
Statistik Lingkungan Hidup dan Multi-domain,2021,milik,4,40
Statistik Lingkungan Hidup dan Multi-domain,2022,milik,3,40
Statistik Lingkungan Hidup dan Multi-domain,2023,milik,3,40
Statistik Lingkungan Hidup dan Multi-domain,2024,milik,1,40
Statistik Lingkungan Hidup dan Multi-domain,2025,milik,1,40
Tidak Berkategori,2016,milik,1,40
Tidak Berkategori,2023,milik,1,40
Statistik Demografi dan Sosial,2018,pelaku,1,40
Statistik Ekonomi,2015,pelaku,7,40
Statistik Ekonomi,2016,pelaku,7,40
Statistik Ekonomi,2017,pelaku,7,40
Statistik Ekonomi,2018,pelaku,11,40
Statistik Ekonomi,2019,pelaku,6,40
Statistik Ekonomi,2020,pelaku,1,40
Statistik Demografi dan Sosial,2016,pemerintah,1,40
Statistik Demografi dan Sosial,2025,pemerintah,1,40
Statistik Ekonomi,2015,pemerintah,3,40
Statistik Ekonomi,2016,pemerintah,2,40
Statistik Ekonomi,2017,pemerintah,2,40
Statistik Ekonomi,2018,pemerintah,3,40
Statistik Ekonomi,2019,pemerintah,3,40
Statistik Ekonomi,2020,pemerintah,2,40
Statistik Ekonomi,2021,pemerintah,3,40
Statistik Ekonomi,2022,pemerintah,4,40
Statistik Ekonomi,2023,pemerintah,5,40
Statistik Ekonomi,2024,pemerintah,5,40
Statistik Ekonomi,2025,pemerintah,3,40
Statistik Lingkungan Hidup dan Multi-domain,2015,pemerintah,1,40
Statistik Lingkungan Hidup dan Multi-domain,2018,pemerintah,2,40
Statistik Ekonomi,2015,tempat,4,40
Statistik Ekonomi,2016,tempat,1,40
Statistik Ekonomi,2017,tempat,8,40
Statistik Ekonomi,2018,tempat,11,40
Statistik Ekonomi,2019,tempat,10,40
Statistik Ekonomi,2020,tempat,6,40
Statistik Demografi dan Sosial,2023,wilayah,1,40
Statistik Ekonomi,2016,wilayah,5,40
Statistik Ekonomi,2017,wilayah,4,40
Statistik Ekonomi,2018,wilayah,4,40
Statistik Ekonomi,2020,wilayah,3,40
Statistik Ekonomi,2021,wilayah,4,40
Statistik Ekonomi,2022,wilayah,1,40
Statistik Ekonomi,2023,wilayah,1,40
Statistik Ekonomi,2024,wilayah,1,40
Statistik Lingkungan Hidup dan Multi-domain,2015,wilayah,4,40
Statistik Lingkungan Hidup dan Multi-domain,2017,wilayah,2,40
Statistik Lingkungan Hidup dan Multi-domain,2018,wilayah,3,40
Statistik Lingkungan Hidup dan Multi-domain,2019,wilayah,2,40
Statistik Lingkungan Hidup dan Multi-domain,2020,wilayah,2,40
Statistik Lingkungan Hidup dan Multi-domain,2021,wilayah,2,40
Statistik Lingkungan Hidup dan Multi-domain,2022,wilayah,1,40
Statistik Demografi dan Sosial,2016,aceh,1,39
Statistik Ekonomi,2015,aceh,8,39
Statistik Ekonomi,2016,aceh,9,39
Statistik Ekonomi,2017,aceh,8,39
Statistik Ekonomi,2018,aceh,5,39
Statistik Ekonomi,2019,aceh,4,39
Statistik Ekonomi,2020,aceh,2,39
Statistik Ekonomi,2021,aceh,1,39
Statistik Ekonomi,2022,aceh,1,39
Statistik Ekonomi,2024,kadar,5,39
Statistik Ekonomi,2025,kadar,32,39
Tidak Berkategori,2023,kadar,2,39
Statistik Demografi dan Sosial,2016,relatif,2,39
Statistik Ekonomi,2015,relatif,1,39
Statistik Ekonomi,2016,relatif,1,39
Statistik Ekonomi,2017,relatif,5,39
Statistik Ekonomi,2018,relatif,10,39
Statistik Ekonomi,2019,relatif,12,39
Statistik Ekonomi,2020,relatif,1,39
Statistik Ekonomi,2021,relatif,2,39
Statistik Ekonomi,2023,relatif,1,39
Statistik Ekonomi,2025,relatif,1,39
Statistik Lingkungan Hidup dan Multi-domain,2015,relatif,1,39
Statistik Lingkungan Hidup dan Multi-domain,2016,relatif,2,39
Statistik Demografi dan Sosial,2016,alam,2,38
Statistik Demografi dan Sosial,2017,alam,2,38
Statistik Demografi dan Sosial,2018,alam,3,38
Statistik Demografi dan Sosial,2019,alam,3,38
Statistik Demografi dan Sosial,2020,alam,3,38
Statistik Demografi dan Sosial,2021,alam,3,38
Statistik Demografi dan Sosial,2022,alam,3,38
Statistik Demografi dan Sosial,2024,alam,3,38
Statistik Ekonomi,2015,alam,1,38
Statistik Ekonomi,2016,alam,7,38
Statistik Ekonomi,2017,alam,2,38
Statistik Ekonomi,2019,alam,2,38
Statistik Lingkungan Hidup dan Multi-domain,2017,alam,1,38
Tidak Berkategori,2023,alam,3,38
Statistik Ekonomi,2022,date,2,38
Statistik Ekonomi,2023,date,12,38
Statistik Ekonomi,2024,date,12,38
Statistik Ekonomi,2025,date,12,38
Statistik Ekonomi,2020,filter,1,38
Statistik Ekonomi,2021,filter,2,38
Statistik Ekonomi,2022,filter,4,38
Statistik Ekonomi,2023,filter,12,38
Statistik Ekonomi,2024,filter,12,38
Statistik Ekonomi,2025,filter,1,38
Statistik Lingkungan Hidup dan Multi-domain,2015,filter,1,38
Statistik Lingkungan Hidup dan Multi-domain,2016,filter,2,38
Statistik Lingkungan Hidup dan Multi-domain,2017,filter,1,38
Statistik Lingkungan Hidup dan Multi-domain,2018,filter,2,38
Statistik Ekonomi,2015,mana,4,38
Statistik Ekonomi,2016,mana,3,38
Statistik Ekonomi,2017,mana,1,38
Statistik Ekonomi,2018,mana,3,38
Statistik Ekonomi,2019,mana,3,38
Statistik Ekonomi,2022,mana,9,38
Statistik Ekonomi,2023,mana,12,38
Statistik Ekonomi,2024,mana,2,38
Statistik Lingkungan Hidup dan Multi-domain,2016,mana,1,38
Statistik Ekonomi,2023,wisnus,12,38
Statistik Ekonomi,2024,wisnus,7,38
Statistik Ekonomi,2025,wisnus,15,38
Tidak Berkategori,2023,wisnus,4,38
Statistik Demografi dan Sosial,2015,anti,2,37
Statistik Demografi dan Sosial,2016,anti,4,37
Statistik Demografi dan Sosial,2017,anti,4,37
Statistik Demografi dan Sosial,2018,anti,5,37
Statistik Demografi dan Sosial,2019,anti,6,37
Statistik Demografi dan Sosial,2020,anti,6,37
Statistik Demografi dan Sosial,2021,anti,5,37
Statistik Demografi dan Sosial,2022,anti,2,37
Statistik Demografi dan Sosial,2024,anti,2,37
Tidak Berkategori,2023,anti,1,37
Statistik Demografi dan Sosial,2020,beda,2,37
Statistik Ekonomi,2021,beda,6,37
Statistik Ekonomi,2022,beda,10,37
Statistik Ekonomi,2023,beda,1,37
Statistik Ekonomi,2024,beda,7,37
Statistik Ekonomi,2025,beda,2,37
Statistik Lingkungan Hidup dan Multi-domain,2015,beda,1,37
Statistik Lingkungan Hidup dan Multi-domain,2016,beda,2,37
Statistik Lingkungan Hidup dan Multi-domain,2017,beda,2,37
Statistik Lingkungan Hidup dan Multi-domain,2018,beda,1,37
Statistik Lingkungan Hidup dan Multi-domain,2021,beda,1,37
Tidak Berkategori,2023,beda,2,37
Statistik Demografi dan Sosial,2015,buka,4,37
Statistik Demografi dan Sosial,2016,buka,2,37
Statistik Demografi dan Sosial,2017,buka,3,37
Statistik Demografi dan Sosial,2018,buka,2,37
Statistik Demografi dan Sosial,2019,buka,3,37
Statistik Demografi dan Sosial,2020,buka,3,37
Statistik Demografi dan Sosial,2021,buka,4,37
Statistik Demografi dan Sosial,2022,buka,4,37
Statistik Demografi dan Sosial,2023,buka,4,37
Statistik Demografi dan Sosial,2024,buka,4,37
Statistik Demografi dan Sosial,2025,buka,4,37
Statistik Demografi dan Sosial,2015,jakarta,2,37
Statistik Demografi dan Sosial,2016,jakarta,5,37
Statistik Demografi dan Sosial,2018,jakarta,1,37
Statistik Demografi dan Sosial,2020,jakarta,2,37
Statistik Ekonomi,2015,jakarta,3,37
Statistik Ekonomi,2016,jakarta,8,37
Statistik Ekonomi,2017,jakarta,6,37
Statistik Ekonomi,2018,jakarta,2,37
Statistik Ekonomi,2019,jakarta,1,37
Statistik Ekonomi,2020,jakarta,2,37
Statistik Ekonomi,2021,jakarta,2,37
Statistik Ekonomi,2022,jakarta,1,37
Statistik Ekonomi,2023,jakarta,2,37
Statistik Demografi dan Sosial,2022,kelola,1,37
Statistik Ekonomi,2017,kelola,4,37
Statistik Ekonomi,2018,kelola,4,37
Statistik Ekonomi,2019,kelola,4,37
Statistik Ekonomi,2020,kelola,4,37
Statistik Ekonomi,2021,kelola,4,37
Statistik Ekonomi,2022,kelola,4,37
Statistik Ekonomi,2023,kelola,4,37
Statistik Ekonomi,2024,kelola,4,37
Statistik Ekonomi,2025,kelola,4,37
Statistik Demografi dan Sosial,2020,covid,5,36
Statistik Demografi dan Sosial,2021,covid,10,36
Statistik Demografi dan Sosial,2022,covid,10,36
Statistik Demografi dan Sosial,2023,covid,5,36
Statistik Ekonomi,2023,covid,5,36
Statistik Lingkungan Hidup dan Multi-domain,2020,covid,1,36
Statistik Ekonomi,2015,konstan,3,36
Statistik Ekonomi,2016,konstan,3,36
Statistik Ekonomi,2017,konstan,3,36
Statistik Ekonomi,2018,konstan,3,36
Statistik Ekonomi,2019,konstan,3,36
Statistik Ekonomi,2020,konstan,3,36
Statistik Ekonomi,2021,konstan,3,36
Statistik Ekonomi,2022,konstan,3,36
Statistik Ekonomi,2023,konstan,3,36
Statistik Ekonomi,2024,konstan,4,36
Statistik Ekonomi,2025,konstan,3,36
Statistik Lingkungan Hidup dan Multi-domain,2016,konstan,1,36
Statistik Lingkungan Hidup dan Multi-domain,2017,konstan,1,36
Statistik Ekonomi,2015,plastik,4,36
Statistik Ekonomi,2016,plastik,12,36
Statistik Ekonomi,2017,plastik,6,36
Statistik Ekonomi,2018,plastik,8,36
Statistik Ekonomi,2019,plastik,2,36
Statistik Ekonomi,2023,plastik,2,36
Statistik Ekonomi,2025,plastik,2,36
Statistik Ekonomi,2015,struktur,3,36
Statistik Ekonomi,2016,struktur,4,36
Statistik Ekonomi,2017,struktur,4,36
Statistik Ekonomi,2018,struktur,4,36
Statistik Ekonomi,2019,struktur,5,36
Statistik Ekonomi,2020,struktur,5,36
Statistik Ekonomi,2021,struktur,3,36
Statistik Ekonomi,2022,struktur,2,36
Statistik Ekonomi,2023,struktur,3,36
Statistik Ekonomi,2024,struktur,1,36
Statistik Ekonomi,2025,struktur,2,36
Statistik Ekonomi,2024,wisnas,21,36
Statistik Ekonomi,2025,wisnas,15,36
Statistik Demografi dan Sosial,2015,lembaga,2,35
Statistik Demografi dan Sosial,2016,lembaga,2,35
Statistik Demografi dan Sosial,2017,lembaga,4,35
Statistik Demografi dan Sosial,2018,lembaga,2,35
Statistik Demografi dan Sosial,2019,lembaga,1,35
Statistik Demografi dan Sosial,2020,lembaga,1,35
Statistik Ekonomi,2015,lembaga,1,35
Statistik Ekonomi,2016,lembaga,3,35
Statistik Ekonomi,2017,lembaga,3,35
Statistik Ekonomi,2018,lembaga,3,35
Statistik Ekonomi,2019,lembaga,4,35
Statistik Ekonomi,2020,lembaga,2,35
Statistik Ekonomi,2021,lembaga,1,35
Statistik Ekonomi,2023,lembaga,1,35
Statistik Ekonomi,2024,lembaga,4,35
Statistik Ekonomi,2025,lembaga,1,35
Statistik Demografi dan Sosial,2020,umur,2,35
Statistik Demografi dan Sosial,2022,umur,3,35
Statistik Demografi dan Sosial,2023,umur,6,35
Statistik Demografi dan Sosial,2024,umur,3,35
Statistik Lingkungan Hidup dan Multi-domain,2020,umur,1,35
Statistik Lingkungan Hidup dan Multi-domain,2021,umur,4,35
Statistik Lingkungan Hidup dan Multi-domain,2022,umur,5,35
Statistik Lingkungan Hidup dan Multi-domain,2023,umur,5,35
Statistik Lingkungan Hidup dan Multi-domain,2024,umur,3,35
Statistik Lingkungan Hidup dan Multi-domain,2025,umur,3,35
Statistik Ekonomi,2015,besaran,3,34
Statistik Ekonomi,2016,besaran,3,34
Statistik Ekonomi,2017,besaran,3,34
Statistik Ekonomi,2018,besaran,3,34
Statistik Ekonomi,2019,besaran,3,34
Statistik Ekonomi,2020,besaran,3,34
Statistik Ekonomi,2021,besaran,3,34
Statistik Ekonomi,2022,besaran,3,34
Statistik Ekonomi,2023,besaran,4,34
Statistik Ekonomi,2024,besaran,3,34
Statistik Ekonomi,2025,besaran,3,34
Statistik Ekonomi,2015,dorong,7,34
Statistik Ekonomi,2016,dorong,6,34
Statistik Ekonomi,2017,dorong,7,34
Statistik Ekonomi,2018,dorong,5,34
Statistik Ekonomi,2019,dorong,6,34
Statistik Ekonomi,2020,dorong,2,34
Statistik Ekonomi,2021,dorong,1,34
Statistik Ekonomi,2020,fondasi,2,34
Statistik Ekonomi,2021,fondasi,2,34
Statistik Ekonomi,2022,fondasi,6,34
Statistik Ekonomi,2023,fondasi,11,34
Statistik Ekonomi,2024,fondasi,12,34
Statistik Ekonomi,2025,fondasi,1,34
Statistik Demografi dan Sosial,2015,komoditi,2,34
Statistik Demografi dan Sosial,2016,komoditi,2,34
Statistik Ekonomi,2015,komoditi,1,34
Statistik Lingkungan Hidup dan Multi-domain,2015,komoditi,4,34
Statistik Lingkungan Hidup dan Multi-domain,2016,komoditi,8,34
Statistik Lingkungan Hidup dan Multi-domain,2017,komoditi,9,34
Statistik Lingkungan Hidup dan Multi-domain,2018,komoditi,8,34
Statistik Ekonomi,2015,pandan,4,34
Statistik Ekonomi,2016,pandan,4,34
Statistik Ekonomi,2017,pandan,1,34
Statistik Ekonomi,2019,pandan,4,34
Statistik Ekonomi,2020,pandan,3,34
Statistik Ekonomi,2021,pandan,1,34
Statistik Ekonomi,2022,pandan,9,34
Statistik Ekonomi,2023,pandan,4,34
Statistik Ekonomi,2024,pandan,3,34
Statistik Ekonomi,2025,pandan,1,34
Statistik Ekonomi,2015,pecah,5,34
Statistik Ekonomi,2019,pecah,1,34
Statistik Ekonomi,2020,pecah,1,34
Statistik Ekonomi,2024,pecah,6,34
Statistik Ekonomi,2025,pecah,21,34
Statistik Demografi dan Sosial,2015,bengkulu,1,33
Statistik Demografi dan Sosial,2016,bengkulu,1,33
Statistik Demografi dan Sosial,2018,bengkulu,1,33
Statistik Demografi dan Sosial,2019,bengkulu,1,33
Statistik Demografi dan Sosial,2020,bengkulu,1,33
Statistik Demografi dan Sosial,2021,bengkulu,1,33
Statistik Ekonomi,2015,bengkulu,4,33
Statistik Ekonomi,2016,bengkulu,3,33
Statistik Ekonomi,2017,bengkulu,4,33
Statistik Ekonomi,2018,bengkulu,2,33
Statistik Ekonomi,2019,bengkulu,1,33
Statistik Ekonomi,2021,bengkulu,3,33
Statistik Ekonomi,2022,bengkulu,2,33
Statistik Ekonomi,2023,bengkulu,1,33
Statistik Ekonomi,2024,bengkulu,3,33
Statistik Ekonomi,2025,bengkulu,4,33
Statistik Demografi dan Sosial,2015,skala,3,33
Statistik Demografi dan Sosial,2016,skala,3,33
Statistik Demografi dan Sosial,2017,skala,2,33
Statistik Demografi dan Sosial,2018,skala,2,33
Statistik Demografi dan Sosial,2019,skala,2,33
Statistik Demografi dan Sosial,2020,skala,2,33
Statistik Demografi dan Sosial,2021,skala,1,33
Statistik Demografi dan Sosial,2022,skala,1,33
Statistik Demografi dan Sosial,2024,skala,1,33
Statistik Ekonomi,2016,skala,2,33
Statistik Ekonomi,2017,skala,1,33
Statistik Ekonomi,2018,skala,1,33
Statistik Ekonomi,2020,skala,2,33
Statistik Ekonomi,2021,skala,2,33
Statistik Lingkungan Hidup dan Multi-domain,2015,skala,3,33
Statistik Lingkungan Hidup dan Multi-domain,2017,skala,3,33
Tidak Berkategori,2017,skala,1,33
Tidak Berkategori,2023,skala,1,33
Statistik Ekonomi,2022,nonbintang,12,32
Statistik Ekonomi,2023,nonbintang,10,32
Statistik Ekonomi,2024,nonbintang,9,32
Tidak Berkategori,2023,nonbintang,1,32
Statistik Demografi dan Sosial,2016,gorontalo,3,31
Statistik Ekonomi,2015,gorontalo,1,31
Statistik Ekonomi,2016,gorontalo,2,31
Statistik Ekonomi,2017,gorontalo,1,31
Statistik Ekonomi,2018,gorontalo,2,31
Statistik Ekonomi,2019,gorontalo,6,31
Statistik Ekonomi,2020,gorontalo,1,31
Statistik Ekonomi,2021,gorontalo,3,31
Statistik Ekonomi,2022,gorontalo,1,31
Statistik Ekonomi,2023,gorontalo,1,31
Statistik Ekonomi,2024,gorontalo,4,31
Statistik Ekonomi,2025,gorontalo,6,31
Statistik Demografi dan Sosial,2016,jambi,2,31
Statistik Demografi dan Sosial,2020,jambi,2,31
Statistik Ekonomi,2015,jambi,1,31
Statistik Ekonomi,2016,jambi,4,31
Statistik Ekonomi,2017,jambi,8,31
Statistik Ekonomi,2018,jambi,3,31
Statistik Ekonomi,2019,jambi,6,31
Statistik Ekonomi,2020,jambi,3,31
Statistik Ekonomi,2021,jambi,1,31
Statistik Ekonomi,2023,jambi,1,31
Statistik Ekonomi,2015,lnprt,2,31
Statistik Ekonomi,2016,lnprt,4,31
Statistik Ekonomi,2017,lnprt,2,31
Statistik Ekonomi,2018,lnprt,4,31
Statistik Ekonomi,2019,lnprt,6,31
Statistik Ekonomi,2020,lnprt,2,31
Statistik Ekonomi,2021,lnprt,1,31
Statistik Ekonomi,2023,lnprt,2,31
Statistik Ekonomi,2024,lnprt,7,31
Statistik Ekonomi,2025,lnprt,1,31
Statistik Ekonomi,2015,diperoleh,2,30
Statistik Ekonomi,2016,diperoleh,4,30
Statistik Ekonomi,2017,diperoleh,3,30
Statistik Ekonomi,2022,diperoleh,9,30
Statistik Ekonomi,2023,diperoleh,10,30
Statistik Ekonomi,2024,diperoleh,2,30
Statistik Ekonomi,2019,elektrik,1,30
Statistik Ekonomi,2020,elektrik,6,30
Statistik Ekonomi,2021,elektrik,6,30
Statistik Ekonomi,2022,elektrik,2,30
Statistik Ekonomi,2023,elektrik,9,30
Statistik Ekonomi,2024,elektrik,6,30
Statistik Ekonomi,2015,india,3,30
Statistik Ekonomi,2017,india,4,30
Statistik Ekonomi,2018,india,1,30
Statistik Ekonomi,2021,india,1,30
Statistik Ekonomi,2022,india,6,30
Statistik Ekonomi,2023,india,7,30
Statistik Ekonomi,2024,india,8,30
Statistik Demografi dan Sosial,2016,kecuali,1,30
Statistik Ekonomi,2015,kecuali,8,30
Statistik Ekonomi,2016,kecuali,10,30
Statistik Ekonomi,2017,kecuali,6,30
Statistik Ekonomi,2018,kecuali,3,30
Statistik Ekonomi,2019,kecuali,1,30
Statistik Ekonomi,2021,kecuali,1,30
Statistik Ekonomi,2015,kertas,4,30
Statistik Ekonomi,2016,kertas,12,30
Statistik Ekonomi,2017,kertas,12,30
Statistik Ekonomi,2018,kertas,2,30
Statistik Demografi dan Sosial,2023,puluh,1,30
Statistik Ekonomi,2020,puluh,4,30
Statistik Ekonomi,2021,puluh,4,30
Statistik Ekonomi,2024,puluh,20,30
Tidak Berkategori,2023,puluh,1,30
Statistik Ekonomi,2015,split,5,30
Statistik Ekonomi,2016,split,2,30
Statistik Ekonomi,2019,split,1,30
Statistik Ekonomi,2020,split,4,30
Statistik Ekonomi,2021,split,3,30
Statistik Ekonomi,2022,split,3,30
Statistik Ekonomi,2023,split,4,30
Statistik Ekonomi,2024,split,8,30
Statistik Ekonomi,2017,subindeks,8,30
Statistik Ekonomi,2018,subindeks,8,30
Statistik Ekonomi,2020,subindeks,7,30
Statistik Ekonomi,2021,subindeks,7,30
Statistik Ekonomi,2015,aluminium,2,29
Statistik Ekonomi,2016,aluminium,2,29
Statistik Ekonomi,2017,aluminium,5,29
Statistik Ekonomi,2018,aluminium,5,29
Statistik Ekonomi,2019,aluminium,3,29
Statistik Ekonomi,2020,aluminium,1,29
Statistik Ekonomi,2021,aluminium,2,29
Statistik Ekonomi,2022,aluminium,1,29
Statistik Ekonomi,2025,aluminium,8,29
Statistik Ekonomi,2017,andil,3,29
Statistik Ekonomi,2018,andil,12,29
Statistik Ekonomi,2019,andil,13,29
Statistik Ekonomi,2020,andil,1,29
Statistik Ekonomi,2015,kira,4,29
Statistik Ekonomi,2016,kira,4,29
Statistik Ekonomi,2017,kira,7,29
Statistik Ekonomi,2018,kira,6,29
Statistik Ekonomi,2019,kira,7,29
Statistik Ekonomi,2020,kira,1,29
Statistik Ekonomi,2015,optik,1,29
Statistik Ekonomi,2016,optik,11,29
Statistik Ekonomi,2017,optik,8,29
Statistik Ekonomi,2018,optik,3,29
Statistik Ekonomi,2019,optik,2,29
Statistik Ekonomi,2020,optik,1,29
Statistik Ekonomi,2024,optik,3,29
Statistik Demografi dan Sosial,2016,pergudangan,1,29
Statistik Demografi dan Sosial,2017,pergudangan,1,29
Statistik Demografi dan Sosial,2021,pergudangan,1,29
Statistik Ekonomi,2015,pergudangan,1,29
Statistik Ekonomi,2016,pergudangan,1,29
Statistik Ekonomi,2017,pergudangan,1,29
Statistik Ekonomi,2020,pergudangan,6,29
Statistik Ekonomi,2021,pergudangan,4,29
Statistik Ekonomi,2022,pergudangan,4,29
Statistik Ekonomi,2023,pergudangan,7,29
Statistik Ekonomi,2024,pergudangan,2,29
Statistik Demografi dan Sosial,2017,giat,2,28
Statistik Demografi dan Sosial,2018,giat,2,28
Statistik Demografi dan Sosial,2019,giat,2,28
Statistik Demografi dan Sosial,2020,giat,2,28
Statistik Demografi dan Sosial,2021,giat,2,28
Statistik Demografi dan Sosial,2022,giat,2,28
Statistik Demografi dan Sosial,2023,giat,2,28
Statistik Demografi dan Sosial,2024,giat,2,28
Statistik Demografi dan Sosial,2025,giat,1,28
Statistik Ekonomi,2016,giat,1,28
Statistik Ekonomi,2017,giat,1,28
Statistik Ekonomi,2021,giat,3,28
Statistik Ekonomi,2022,giat,4,28
Statistik Ekonomi,2023,giat,2,28
Statistik Ekonomi,2015,pariwisata,1,28
Statistik Ekonomi,2021,pariwisata,2,28
Statistik Ekonomi,2022,pariwisata,11,28
Statistik Ekonomi,2023,pariwisata,13,28
Statistik Ekonomi,2024,pariwisata,1,28
Statistik Ekonomi,2015,pasar,11,28
Statistik Ekonomi,2016,pasar,12,28
Statistik Ekonomi,2017,pasar,3,28
Statistik Lingkungan Hidup dan Multi-domain,2015,pasar,1,28
Statistik Lingkungan Hidup dan Multi-domain,2025,pasar,1,28
Statistik Demografi dan Sosial,2015,pola,1,28
Statistik Demografi dan Sosial,2016,pola,6,28
Statistik Demografi dan Sosial,2018,pola,5,28
Statistik Demografi dan Sosial,2019,pola,4,28
Statistik Demografi dan Sosial,2020,pola,8,28
Statistik Demografi dan Sosial,2021,pola,4,28
Statistik Ekonomi,2015,rawit,3,28
Statistik Ekonomi,2018,rawit,6,28
Statistik Ekonomi,2019,rawit,6,28
Statistik Ekonomi,2021,rawit,7,28
Statistik Ekonomi,2022,rawit,5,28
Statistik Ekonomi,2023,rawit,1,28
Statistik Ekonomi,2024,submedium,6,28
Statistik Ekonomi,2025,submedium,22,28
Statistik Demografi dan Sosial,2020,total,3,28
Statistik Demografi dan Sosial,2021,total,1,28
Statistik Demografi dan Sosial,2023,total,1,28
Statistik Ekonomi,2018,total,1,28
Statistik Ekonomi,2023,total,1,28
Statistik Ekonomi,2024,total,7,28
Statistik Ekonomi,2025,total,14,28
Statistik Ekonomi,2017,dominan,3,27
Statistik Ekonomi,2018,dominan,12,27
Statistik Ekonomi,2019,dominan,11,27
Statistik Ekonomi,2020,dominan,1,27
Statistik Ekonomi,2015,kerak,2,27
Statistik Ekonomi,2016,kerak,4,27
Statistik Ekonomi,2017,kerak,7,27
Statistik Ekonomi,2018,kerak,8,27
Statistik Ekonomi,2019,kerak,6,27
Statistik Demografi dan Sosial,2025,layan,2,27
Statistik Ekonomi,2016,layan,2,27
Statistik Ekonomi,2017,layan,3,27
Statistik Ekonomi,2018,layan,5,27
Statistik Ekonomi,2019,layan,4,27
Statistik Ekonomi,2020,layan,2,27
Statistik Ekonomi,2021,layan,1,27
Statistik Ekonomi,2022,layan,2,27
Statistik Ekonomi,2023,layan,1,27
Statistik Ekonomi,2024,layan,4,27
Statistik Ekonomi,2025,layan,1,27
Statistik Ekonomi,2020,mulia,10,27
Statistik Ekonomi,2021,mulia,1,27
Statistik Ekonomi,2022,mulia,7,27
Statistik Ekonomi,2023,mulia,3,27
Statistik Ekonomi,2024,mulia,6,27
Statistik Demografi dan Sosial,2019,catat,1,26
Statistik Demografi dan Sosial,2021,catat,2,26
Statistik Ekonomi,2015,catat,6,26
Statistik Ekonomi,2021,catat,2,26
Statistik Ekonomi,2023,catat,3,26
Statistik Ekonomi,2024,catat,6,26
Statistik Ekonomi,2025,catat,4,26
Statistik Lingkungan Hidup dan Multi-domain,2015,catat,1,26
Statistik Lingkungan Hidup dan Multi-domain,2018,catat,1,26
Statistik Ekonomi,2015,farmasi,4,26
Statistik Ekonomi,2016,farmasi,10,26
Statistik Ekonomi,2017,farmasi,6,26
Statistik Ekonomi,2020,farmasi,1,26
Statistik Ekonomi,2021,farmasi,4,26
Statistik Ekonomi,2022,farmasi,1,26
Statistik Ekonomi,2015,komputer,1,26
Statistik Ekonomi,2016,komputer,11,26
Statistik Ekonomi,2017,komputer,8,26
Statistik Ekonomi,2018,komputer,3,26
Statistik Ekonomi,2019,komputer,2,26
Statistik Ekonomi,2020,komputer,1,26
Statistik Ekonomi,2017,kuat,3,26
Statistik Ekonomi,2018,kuat,11,26
Statistik Ekonomi,2019,kuat,12,26
Statistik Ekonomi,2023,malaysia,7,26
Statistik Ekonomi,2024,malaysia,18,26
Tidak Berkategori,2023,malaysia,1,26
Statistik Lingkungan Hidup dan Multi-domain,2016,manusia,4,26
Statistik Lingkungan Hidup dan Multi-domain,2017,manusia,3,26
Statistik Lingkungan Hidup dan Multi-domain,2018,manusia,3,26
Statistik Lingkungan Hidup dan Multi-domain,2019,manusia,3,26
Statistik Lingkungan Hidup dan Multi-domain,2020,manusia,6,26
Statistik Lingkungan Hidup dan Multi-domain,2021,manusia,1,26
Statistik Lingkungan Hidup dan Multi-domain,2022,manusia,1,26
Statistik Lingkungan Hidup dan Multi-domain,2023,manusia,2,26
Statistik Lingkungan Hidup dan Multi-domain,2024,manusia,2,26
Statistik Lingkungan Hidup dan Multi-domain,2025,manusia,1,26
Statistik Ekonomi,2015,pangsa,11,26
Statistik Ekonomi,2016,pangsa,12,26
Statistik Ekonomi,2017,pangsa,3,26
Statistik Ekonomi,2022,reduksi,6,26
Statistik Ekonomi,2023,reduksi,12,26
Statistik Ekonomi,2024,reduksi,8,26
Statistik Demografi dan Sosial,2018,sapi,5,26
Statistik Demografi dan Sosial,2019,sapi,4,26
Statistik Demografi dan Sosial,2020,sapi,4,26
Statistik Ekonomi,2019,sapi,1,26
Statistik Ekonomi,2021,sapi,6,26
Statistik Ekonomi,2022,sapi,2,26
Statistik Lingkungan Hidup dan Multi-domain,2017,sapi,2,26
Statistik Lingkungan Hidup dan Multi-domain,2018,sapi,1,26
Tidak Berkategori,2023,sapi,1,26
Statistik Ekonomi,2015,tanah,5,26
Statistik Ekonomi,2016,tanah,6,26
Statistik Ekonomi,2017,tanah,5,26
Statistik Ekonomi,2018,tanah,5,26
Statistik Ekonomi,2019,tanah,4,26
Statistik Ekonomi,2023,tanah,1,26
Statistik Ekonomi,2015,tual,3,26
Statistik Ekonomi,2017,tual,6,26
Statistik Ekonomi,2018,tual,4,26
Statistik Ekonomi,2019,tual,7,26
Statistik Ekonomi,2020,tual,2,26
Statistik Ekonomi,2021,tual,1,26
Statistik Ekonomi,2022,tual,1,26
Statistik Ekonomi,2023,tual,2,26
Statistik Demografi dan Sosial,2015,data,1,25
Statistik Demografi dan Sosial,2016,data,1,25
Statistik Demografi dan Sosial,2017,data,1,25
Statistik Demografi dan Sosial,2018,data,1,25
Statistik Demografi dan Sosial,2019,data,1,25
Statistik Demografi dan Sosial,2020,data,3,25
Statistik Ekonomi,2015,data,2,25
Statistik Ekonomi,2016,data,4,25
Statistik Ekonomi,2017,data,3,25
Statistik Lingkungan Hidup dan Multi-domain,2015,data,2,25
Statistik Lingkungan Hidup dan Multi-domain,2017,data,1,25
Statistik Lingkungan Hidup dan Multi-domain,2018,data,2,25
Statistik Lingkungan Hidup dan Multi-domain,2023,data,3,25
Statistik Ekonomi,2016,kendara,3,25
Statistik Ekonomi,2017,kendara,2,25
Statistik Ekonomi,2018,kendara,5,25
Statistik Ekonomi,2019,kendara,1,25
Statistik Ekonomi,2020,kendara,6,25
Statistik Ekonomi,2021,kendara,2,25
Statistik Ekonomi,2023,kendara,1,25
Statistik Ekonomi,2024,kendara,4,25
Statistik Lingkungan Hidup dan Multi-domain,2015,kendara,1,25
Statistik Ekonomi,2020,mekanis,4,25
Statistik Ekonomi,2021,mekanis,5,25
Statistik Ekonomi,2022,mekanis,6,25
Statistik Ekonomi,2023,mekanis,3,25
Statistik Ekonomi,2024,mekanis,7,25
Statistik Ekonomi,2015,merauke,4,25
Statistik Ekonomi,2016,merauke,3,25
Statistik Ekonomi,2017,merauke,3,25
Statistik Ekonomi,2018,merauke,4,25
Statistik Ekonomi,2019,merauke,4,25
Statistik Ekonomi,2022,merauke,4,25
Statistik Ekonomi,2023,merauke,3,25
Statistik Demografi dan Sosial,2016,persepsi,2,25
Statistik Demografi dan Sosial,2017,persepsi,2,25
Statistik Demografi dan Sosial,2018,persepsi,3,25
Statistik Demografi dan Sosial,2019,persepsi,3,25
Statistik Demografi dan Sosial,2020,persepsi,3,25
Statistik Demografi dan Sosial,2021,persepsi,3,25
Statistik Demografi dan Sosial,2022,persepsi,3,25
Statistik Demografi dan Sosial,2024,persepsi,3,25
Tidak Berkategori,2023,persepsi,3,25
Statistik Ekonomi,2020,rangka,6,25
Statistik Ekonomi,2021,rangka,10,25
Statistik Ekonomi,2022,rangka,2,25
Statistik Ekonomi,2025,rangka,7,25
Statistik Demografi dan Sosial,2025,reparasi,1,25
Statistik Ekonomi,2015,reparasi,1,25
Statistik Ekonomi,2016,reparasi,11,25
Statistik Ekonomi,2017,reparasi,7,25
Statistik Ekonomi,2018,reparasi,1,25
Statistik Ekonomi,2019,reparasi,4,25
Statistik Demografi dan Sosial,2015,berpendidikan,2,24
Statistik Demografi dan Sosial,2016,berpendidikan,1,24
Statistik Demografi dan Sosial,2017,berpendidikan,1,24
Statistik Demografi dan Sosial,2018,berpendidikan,1,24
Statistik Demografi dan Sosial,2019,berpendidikan,3,24
Statistik Demografi dan Sosial,2020,berpendidikan,3,24
Statistik Demografi dan Sosial,2021,berpendidikan,1,24
Statistik Demografi dan Sosial,2022,berpendidikan,3,24
Statistik Demografi dan Sosial,2023,berpendidikan,4,24
Statistik Demografi dan Sosial,2024,berpendidikan,3,24
Tidak Berkategori,2023,berpendidikan,2,24
Statistik Ekonomi,2015,pemasangan,1,24
Statistik Ekonomi,2016,pemasangan,11,24
Statistik Ekonomi,2017,pemasangan,7,24
Statistik Ekonomi,2018,pemasangan,1,24
Statistik Ekonomi,2019,pemasangan,4,24
Statistik Ekonomi,2015,semester,2,24
Statistik Ekonomi,2016,semester,2,24
Statistik Ekonomi,2017,semester,2,24
Statistik Ekonomi,2018,semester,2,24
Statistik Ekonomi,2019,semester,2,24
Statistik Ekonomi,2020,semester,2,24
Statistik Ekonomi,2021,semester,2,24
Statistik Ekonomi,2023,semester,4,24
Statistik Ekonomi,2024,semester,3,24
Statistik Ekonomi,2025,semester,3,24
Statistik Demografi dan Sosial,2015,banten,1,23
Statistik Ekonomi,2015,banten,1,23
Statistik Ekonomi,2016,banten,9,23
Statistik Ekonomi,2017,banten,3,23
Statistik Ekonomi,2018,banten,1,23
Statistik Ekonomi,2019,banten,1,23
Statistik Ekonomi,2020,banten,1,23
Statistik Ekonomi,2022,banten,1,23
Statistik Ekonomi,2023,banten,1,23
Statistik Ekonomi,2024,banten,4,23
Statistik Ekonomi,2015,kedelai,11,23
Statistik Ekonomi,2016,kedelai,7,23
Statistik Ekonomi,2020,kedelai,1,23
Statistik Ekonomi,2021,kedelai,1,23
Statistik Ekonomi,2022,kedelai,2,23
Statistik Ekonomi,2023,kedelai,1,23
Statistik Ekonomi,2015,kulit,2,23
Statistik Ekonomi,2016,kulit,6,23
Statistik Ekonomi,2017,kulit,6,23
Statistik Ekonomi,2018,kulit,6,23
Statistik Ekonomi,2019,kulit,2,23
Statistik Ekonomi,2025,kulit,1,23
Statistik Demografi dan Sosial,2015,perilaku,2,23
Statistik Demografi dan Sosial,2016,perilaku,3,23
Statistik Demografi dan Sosial,2017,perilaku,2,23
Statistik Demografi dan Sosial,2018,perilaku,3,23
Statistik Demografi dan Sosial,2019,perilaku,3,23
Statistik Demografi dan Sosial,2020,perilaku,3,23
Statistik Demografi dan Sosial,2021,perilaku,2,23
Statistik Demografi dan Sosial,2022,perilaku,2,23
Statistik Demografi dan Sosial,2024,perilaku,2,23
Tidak Berkategori,2023,perilaku,1,23
Statistik Ekonomi,2015,bank,2,22
Statistik Ekonomi,2016,bank,4,22
Statistik Ekonomi,2017,bank,3,22
Statistik Lingkungan Hidup dan Multi-domain,2019,bank,2,22
Statistik Lingkungan Hidup dan Multi-domain,2020,bank,2,22
Statistik Lingkungan Hidup dan Multi-domain,2021,bank,2,22
Statistik Lingkungan Hidup dan Multi-domain,2022,bank,2,22
Statistik Lingkungan Hidup dan Multi-domain,2023,bank,2,22
Statistik Lingkungan Hidup dan Multi-domain,2024,bank,1,22
Statistik Lingkungan Hidup dan Multi-domain,2025,bank,2,22
Statistik Lingkungan Hidup dan Multi-domain,2016,bawah,5,22
Statistik Lingkungan Hidup dan Multi-domain,2017,bawah,2,22
Statistik Lingkungan Hidup dan Multi-domain,2018,bawah,2,22
Statistik Lingkungan Hidup dan Multi-domain,2019,bawah,2,22
Statistik Lingkungan Hidup dan Multi-domain,2020,bawah,2,22
Statistik Lingkungan Hidup dan Multi-domain,2021,bawah,2,22
Statistik Lingkungan Hidup dan Multi-domain,2022,bawah,2,22
Statistik Lingkungan Hidup dan Multi-domain,2023,bawah,2,22
Statistik Lingkungan Hidup dan Multi-domain,2024,bawah,1,22
Statistik Lingkungan Hidup dan Multi-domain,2025,bawah,2,22
Statistik Demografi dan Sosial,2015,kinerja,1,22
Statistik Demografi dan Sosial,2016,kinerja,1,22
Statistik Demografi dan Sosial,2017,kinerja,1,22
Statistik Demografi dan Sosial,2018,kinerja,1,22
Statistik Demografi dan Sosial,2019,kinerja,1,22
Statistik Demografi dan Sosial,2020,kinerja,1,22
Statistik Ekonomi,2015,kinerja,1,22
Statistik Ekonomi,2020,kinerja,2,22
Statistik Ekonomi,2021,kinerja,2,22
Statistik Ekonomi,2022,kinerja,3,22
Statistik Ekonomi,2023,kinerja,3,22
Statistik Ekonomi,2024,kinerja,1,22
Statistik Ekonomi,2025,kinerja,4,22
Statistik Demografi dan Sosial,2016,laki,2,22
Statistik Demografi dan Sosial,2017,laki,2,22
Statistik Demografi dan Sosial,2018,laki,2,22
Statistik Demografi dan Sosial,2019,laki,2,22
Statistik Demografi dan Sosial,2020,laki,2,22
Statistik Demografi dan Sosial,2022,laki,2,22
Statistik Demografi dan Sosial,2023,laki,4,22
Statistik Demografi dan Sosial,2024,laki,2,22
Tidak Berkategori,2023,laki,4,22
Statistik Ekonomi,2020,pangan,2,22
Statistik Ekonomi,2021,pangan,2,22
Statistik Ekonomi,2022,pangan,2,22
Statistik Ekonomi,2023,pangan,3,22
Statistik Ekonomi,2024,pangan,2,22
Statistik Ekonomi,2025,pangan,11,22
Statistik Ekonomi,2021,peran,1,22
Statistik Ekonomi,2022,peran,2,22
Statistik Ekonomi,2023,peran,2,22
Statistik Ekonomi,2024,peran,3,22
Statistik Lingkungan Hidup dan Multi-domain,2015,peran,2,22
Statistik Lingkungan Hidup dan Multi-domain,2016,peran,4,22
Statistik Lingkungan Hidup dan Multi-domain,2017,peran,4,22
Statistik Lingkungan Hidup dan Multi-domain,2018,peran,4,22
Statistik Ekonomi,2015,sosial,1,22
Statistik Ekonomi,2016,sosial,2,22
Statistik Ekonomi,2017,sosial,3,22
Statistik Ekonomi,2021,sosial,3,22
Statistik Ekonomi,2022,sosial,5,22
Statistik Ekonomi,2023,sosial,3,22
Statistik Ekonomi,2024,sosial,3,22
Statistik Ekonomi,2025,sosial,1,22
Statistik Lingkungan Hidup dan Multi-domain,2015,sosial,1,22
Statistik Demografi dan Sosial,2020,bentuk,1,21
Statistik Ekonomi,2016,bentuk,1,21
Statistik Ekonomi,2017,bentuk,1,21
Statistik Ekonomi,2018,bentuk,1,21
Statistik Ekonomi,2019,bentuk,1,21
Statistik Ekonomi,2020,bentuk,1,21
Statistik Ekonomi,2023,bentuk,1,21
Statistik Ekonomi,2024,bentuk,1,21
Statistik Ekonomi,2025,bentuk,8,21
Statistik Lingkungan Hidup dan Multi-domain,2016,bentuk,1,21
Statistik Lingkungan Hidup dan Multi-domain,2017,bentuk,1,21
Statistik Lingkungan Hidup dan Multi-domain,2022,bentuk,1,21
Statistik Lingkungan Hidup dan Multi-domain,2023,bentuk,1,21
Statistik Lingkungan Hidup dan Multi-domain,2024,bentuk,1,21
Statistik Ekonomi,2016,cetak,6,21
Statistik Ekonomi,2017,cetak,2,21
Statistik Ekonomi,2018,cetak,1,21
Statistik Ekonomi,2019,cetak,1,21
Statistik Ekonomi,2020,cetak,1,21
Statistik Ekonomi,2025,cetak,10,21
Statistik Demografi dan Sosial,2025,kepuasan,3,21
Statistik Ekonomi,2017,kepuasan,2,21
Statistik Ekonomi,2018,kepuasan,6,21
Statistik Ekonomi,2019,kepuasan,4,21
Statistik Ekonomi,2022,kepuasan,1,21
Statistik Lingkungan Hidup dan Multi-domain,2015,kepuasan,2,21
Statistik Lingkungan Hidup dan Multi-domain,2017,kepuasan,3,21
Statistik Ekonomi,2015,pesawat,1,21
Statistik Ekonomi,2016,pesawat,2,21
Statistik Ekonomi,2017,pesawat,3,21
Statistik Ekonomi,2018,pesawat,8,21
Statistik Ekonomi,2019,pesawat,7,21
Statistik Demografi dan Sosial,2016,slta,2,21
Statistik Demografi dan Sosial,2017,slta,2,21
Statistik Demografi dan Sosial,2018,slta,2,21
Statistik Demografi dan Sosial,2019,slta,2,21
Statistik Demografi dan Sosial,2020,slta,3,21
Statistik Demografi dan Sosial,2021,slta,3,21
Statistik Demografi dan Sosial,2024,slta,3,21
Statistik Lingkungan Hidup dan Multi-domain,2015,slta,1,21
Tidak Berkategori,2023,slta,3,21
Statistik Demografi dan Sosial,2016,tpak,2,21
Statistik Demografi dan Sosial,2017,tpak,1,21
Statistik Demografi dan Sosial,2018,tpak,2,21
Statistik Demografi dan Sosial,2019,tpak,4,21
Statistik Demografi dan Sosial,2020,tpak,2,21
Statistik Demografi dan Sosial,2021,tpak,2,21
Statistik Demografi dan Sosial,2022,tpak,2,21
Statistik Demografi dan Sosial,2023,tpak,2,21
Statistik Demografi dan Sosial,2024,tpak,2,21
Statistik Demografi dan Sosial,2025,tpak,2,21
Statistik Ekonomi,2015,tradisional,4,21
Statistik Ekonomi,2016,tradisional,10,21
Statistik Ekonomi,2017,tradisional,6,21
Statistik Ekonomi,2020,tradisional,1,21
Statistik Ekonomi,2015,ytdl,3,21
Statistik Ekonomi,2016,ytdl,8,21
Statistik Ekonomi,2017,ytdl,9,21
Statistik Ekonomi,2018,ytdl,1,21
Statistik Ekonomi,2016,benda,12,20
Statistik Ekonomi,2017,benda,2,20
Statistik Ekonomi,2018,benda,4,20
Statistik Ekonomi,2019,benda,2,20
Statistik Ekonomi,2022,bensin,4,20
Statistik Ekonomi,2023,bensin,9,20
Statistik Lingkungan Hidup dan Multi-domain,2015,bensin,1,20
Statistik Lingkungan Hidup dan Multi-domain,2016,bensin,2,20
Statistik Lingkungan Hidup dan Multi-domain,2017,bensin,2,20
Statistik Lingkungan Hidup dan Multi-domain,2018,bensin,2,20
Statistik Ekonomi,2016,hewani,1,20
Statistik Ekonomi,2017,hewani,3,20
Statistik Ekonomi,2019,hewani,1,20
Statistik Ekonomi,2020,hewani,1,20
Statistik Ekonomi,2021,hewani,2,20
Statistik Ekonomi,2022,hewani,1,20
Statistik Ekonomi,2023,hewani,3,20
Statistik Ekonomi,2024,hewani,7,20
Statistik Ekonomi,2025,hewani,1,20
Statistik Demografi dan Sosial,2015,kurang,4,20
Statistik Demografi dan Sosial,2017,kurang,1,20
Statistik Demografi dan Sosial,2018,kurang,2,20
Statistik Demografi dan Sosial,2019,kurang,3,20
Statistik Ekonomi,2020,kurang,1,20
Statistik Lingkungan Hidup dan Multi-domain,2015,kurang,4,20
Statistik Lingkungan Hidup dan Multi-domain,2016,kurang,2,20
Statistik Lingkungan Hidup dan Multi-domain,2017,kurang,1,20
Statistik Lingkungan Hidup dan Multi-domain,2018,kurang,2,20
Statistik Lingkungan Hidup dan Multi-domain,2016,lahir,1,20
Statistik Lingkungan Hidup dan Multi-domain,2017,lahir,1,20
Statistik Lingkungan Hidup dan Multi-domain,2018,lahir,2,20
Statistik Lingkungan Hidup dan Multi-domain,2019,lahir,2,20
Statistik Lingkungan Hidup dan Multi-domain,2020,lahir,4,20
Statistik Lingkungan Hidup dan Multi-domain,2021,lahir,2,20
Statistik Lingkungan Hidup dan Multi-domain,2022,lahir,2,20
Statistik Lingkungan Hidup dan Multi-domain,2023,lahir,3,20
Statistik Lingkungan Hidup dan Multi-domain,2024,lahir,2,20
Statistik Lingkungan Hidup dan Multi-domain,2025,lahir,1,20
Statistik Ekonomi,2015,manokwari,3,20
Statistik Ekonomi,2016,manokwari,1,20
Statistik Ekonomi,2017,manokwari,2,20
Statistik Ekonomi,2020,manokwari,3,20
Statistik Ekonomi,2021,manokwari,3,20
Statistik Ekonomi,2022,manokwari,2,20
Statistik Ekonomi,2023,manokwari,4,20
Statistik Ekonomi,2025,manokwari,2,20
Statistik Demografi dan Sosial,2017,paruh,4,20
Statistik Demografi dan Sosial,2018,paruh,3,20
Statistik Demografi dan Sosial,2019,paruh,2,20
Statistik Demografi dan Sosial,2020,paruh,3,20
Statistik Demografi dan Sosial,2021,paruh,2,20
Statistik Demografi dan Sosial,2022,paruh,2,20
Statistik Demografi dan Sosial,2023,paruh,2,20
Statistik Demografi dan Sosial,2024,paruh,2,20
Statistik Ekonomi,2017,pipa,4,20
Statistik Ekonomi,2018,pipa,4,20
Statistik Ekonomi,2019,pipa,2,20
Statistik Ekonomi,2020,pipa,1,20
Statistik Ekonomi,2021,pipa,6,20
Statistik Ekonomi,2022,pipa,3,20
Statistik Demografi dan Sosial,2015,terigu,9,20
Statistik Ekonomi,2020,terigu,1,20
Statistik Ekonomi,2021,terigu,1,20
Statistik Ekonomi,2022,terigu,5,20
Statistik Ekonomi,2023,terigu,4,20
Statistik Ekonomi,2018,dirinci,1,19
Statistik Ekonomi,2019,dirinci,1,19
Statistik Lingkungan Hidup dan Multi-domain,2017,dirinci,2,19
Statistik Lingkungan Hidup dan Multi-domain,2018,dirinci,2,19
Statistik Lingkungan Hidup dan Multi-domain,2019,dirinci,2,19
Statistik Lingkungan Hidup dan Multi-domain,2020,dirinci,2,19
Statistik Lingkungan Hidup dan Multi-domain,2021,dirinci,2,19
Statistik Lingkungan Hidup dan Multi-domain,2022,dirinci,2,19
Statistik Lingkungan Hidup dan Multi-domain,2023,dirinci,2,19
Statistik Lingkungan Hidup dan Multi-domain,2024,dirinci,1,19
Statistik Lingkungan Hidup dan Multi-domain,2025,dirinci,2,19
Statistik Lingkungan Hidup dan Multi-domain,2018,harap,2,19
Statistik Lingkungan Hidup dan Multi-domain,2019,harap,2,19
Statistik Lingkungan Hidup dan Multi-domain,2020,harap,4,19
Statistik Lingkungan Hidup dan Multi-domain,2021,harap,2,19
Statistik Lingkungan Hidup dan Multi-domain,2022,harap,2,19
Statistik Lingkungan Hidup dan Multi-domain,2023,harap,3,19
Statistik Lingkungan Hidup dan Multi-domain,2024,harap,2,19
Statistik Lingkungan Hidup dan Multi-domain,2025,harap,2,19
Statistik Demografi dan Sosial,2025,jemaah,5,19
Statistik Ekonomi,2017,jemaah,2,19
Statistik Ekonomi,2018,jemaah,6,19
Statistik Ekonomi,2019,jemaah,5,19
Statistik Ekonomi,2022,jemaah,1,19
Statistik Demografi dan Sosial,2019,lampung,1,19
Statistik Ekonomi,2016,lampung,3,19
Statistik Ekonomi,2017,lampung,7,19
Statistik Ekonomi,2018,lampung,4,19
Statistik Ekonomi,2023,lampung,2,19
Statistik Ekonomi,2025,lampung,2,19
Statistik Ekonomi,2015,manado,2,19
Statistik Ekonomi,2016,manado,2,19
Statistik Ekonomi,2017,manado,5,19
Statistik Ekonomi,2019,manado,7,19
Statistik Ekonomi,2020,manado,2,19
Statistik Ekonomi,2023,manado,1,19
Statistik Ekonomi,2023,nusantara,1,19
Statistik Ekonomi,2024,nusantara,6,19
Statistik Ekonomi,2025,nusantara,10,19
Tidak Berkategori,2023,nusantara,2,19
Statistik Demografi dan Sosial,2015,pengaruh,1,19
Statistik Demografi dan Sosial,2016,pengaruh,1,19
Statistik Demografi dan Sosial,2017,pengaruh,1,19
Statistik Demografi dan Sosial,2018,pengaruh,1,19
Statistik Demografi dan Sosial,2019,pengaruh,1,19
Statistik Demografi dan Sosial,2020,pengaruh,1,19
Statistik Lingkungan Hidup dan Multi-domain,2015,pengaruh,1,19
Statistik Lingkungan Hidup dan Multi-domain,2016,pengaruh,2,19
Statistik Lingkungan Hidup dan Multi-domain,2017,pengaruh,2,19
Statistik Lingkungan Hidup dan Multi-domain,2018,pengaruh,4,19
Statistik Lingkungan Hidup dan Multi-domain,2020,pengaruh,1,19
Tidak Berkategori,2023,pengaruh,3,19
Statistik Ekonomi,2016,bata,4,18
Statistik Ekonomi,2017,bata,4,18
Statistik Ekonomi,2018,bata,2,18
Statistik Ekonomi,2019,bata,1,18
Statistik Ekonomi,2020,bata,2,18
Statistik Ekonomi,2025,bata,5,18
Statistik Demografi dan Sosial,2016,berperilaku,2,18
Statistik Demografi dan Sosial,2017,berperilaku,2,18
Statistik Demografi dan Sosial,2018,berperilaku,2,18
Statistik Demografi dan Sosial,2019,berperilaku,2,18
Statistik Demografi dan Sosial,2020,berperilaku,2,18
Statistik Demografi dan Sosial,2021,berperilaku,2,18
Statistik Demografi dan Sosial,2022,berperilaku,2,18
Statistik Demografi dan Sosial,2024,berperilaku,2,18
Tidak Berkategori,2023,berperilaku,2,18
Statistik Demografi dan Sosial,2016,dekat,2,18
Statistik Demografi dan Sosial,2017,dekat,2,18
Statistik Demografi dan Sosial,2018,dekat,2,18
Statistik Demografi dan Sosial,2019,dekat,1,18
Statistik Demografi dan Sosial,2020,dekat,2,18
Statistik Demografi dan Sosial,2021,dekat,2,18
Statistik Demografi dan Sosial,2022,dekat,2,18
Statistik Demografi dan Sosial,2024,dekat,2,18
Statistik Ekonomi,2018,dekat,1,18
Tidak Berkategori,2023,dekat,2,18
Statistik Ekonomi,2020,gabung,4,18
Statistik Ekonomi,2021,gabung,5,18
Statistik Ekonomi,2022,gabung,4,18
Statistik Ekonomi,2023,gabung,4,18
Statistik Ekonomi,2024,gabung,1,18
Statistik Ekonomi,2015,kapal,3,18
Statistik Ekonomi,2016,kapal,3,18
Statistik Ekonomi,2017,kapal,3,18
Statistik Ekonomi,2018,kapal,4,18
Statistik Ekonomi,2019,kapal,2,18
Statistik Ekonomi,2020,kapal,1,18
Statistik Ekonomi,2021,kapal,1,18
Statistik Ekonomi,2023,kapal,1,18
Statistik Demografi dan Sosial,2016,perempuan,1,18
Statistik Demografi dan Sosial,2017,perempuan,1,18
Statistik Demografi dan Sosial,2018,perempuan,1,18
Statistik Demografi dan Sosial,2019,perempuan,1,18
Statistik Demografi dan Sosial,2020,perempuan,1,18
Statistik Demografi dan Sosial,2022,perempuan,1,18
Statistik Demografi dan Sosial,2023,perempuan,2,18
Statistik Demografi dan Sosial,2024,perempuan,1,18
Statistik Lingkungan Hidup dan Multi-domain,2017,perempuan,6,18
Tidak Berkategori,2023,perempuan,3,18
Statistik Ekonomi,2016,standar,2,18
Statistik Ekonomi,2017,standar,2,18
Statistik Ekonomi,2018,standar,2,18
Statistik Ekonomi,2020,standar,1,18
Statistik Ekonomi,2021,standar,1,18
Statistik Lingkungan Hidup dan Multi-domain,2021,standar,2,18
Statistik Lingkungan Hidup dan Multi-domain,2022,standar,3,18
Statistik Lingkungan Hidup dan Multi-domain,2023,standar,3,18
Statistik Lingkungan Hidup dan Multi-domain,2024,standar,2,18
Statistik Ekonomi,2017,bara,2,17
Statistik Ekonomi,2018,bara,7,17
Statistik Ekonomi,2019,bara,2,17
Statistik Ekonomi,2021,bara,3,17
Statistik Ekonomi,2022,bara,3,17
Statistik Ekonomi,2015,genteng,2,17
Statistik Ekonomi,2016,genteng,3,17
Statistik Ekonomi,2017,genteng,4,17
Statistik Ekonomi,2018,genteng,1,17
Statistik Ekonomi,2019,genteng,5,17
Statistik Ekonomi,2020,genteng,1,17
Statistik Ekonomi,2025,genteng,1,17
Statistik Demografi dan Sosial,2025,haji,6,17
Statistik Ekonomi,2017,haji,2,17
Statistik Ekonomi,2018,haji,4,17
Statistik Ekonomi,2019,haji,4,17
Statistik Ekonomi,2022,haji,1,17
Statistik Ekonomi,2015,jayapura,1,17
Statistik Ekonomi,2016,jayapura,1,17
Statistik Ekonomi,2018,jayapura,6,17
Statistik Ekonomi,2019,jayapura,1,17
Statistik Ekonomi,2021,jayapura,3,17
Statistik Ekonomi,2022,jayapura,3,17
Statistik Ekonomi,2023,jayapura,2,17
Statistik Ekonomi,2016,kawat,1,17
Statistik Ekonomi,2017,kawat,4,17
Statistik Ekonomi,2018,kawat,5,17
Statistik Ekonomi,2020,kawat,2,17
Statistik Ekonomi,2021,kawat,2,17
Statistik Ekonomi,2025,kawat,3,17
Statistik Ekonomi,2015,produktivitas,11,17
Statistik Ekonomi,2016,produktivitas,6,17
Statistik Demografi dan Sosial,2015,tahun,2,17
Statistik Demografi dan Sosial,2017,tahun,4,17
Statistik Demografi dan Sosial,2018,tahun,4,17
Statistik Demografi dan Sosial,2019,tahun,2,17
Statistik Demografi dan Sosial,2020,tahun,5,17
Statistik Demografi dan Sosial,2015,tambah,6,17
Statistik Demografi dan Sosial,2017,tambah,3,17
Statistik Demografi dan Sosial,2018,tambah,2,17
Statistik Demografi dan Sosial,2019,tambah,1,17
Statistik Demografi dan Sosial,2020,tambah,2,17
Statistik Demografi dan Sosial,2021,tambah,1,17
Statistik Lingkungan Hidup dan Multi-domain,2015,tambah,1,17
Statistik Lingkungan Hidup dan Multi-domain,2017,tambah,1,17
Statistik Ekonomi,2016,teknologi,5,17
Statistik Ekonomi,2017,teknologi,3,17
Statistik Ekonomi,2018,teknologi,3,17
Statistik Ekonomi,2020,teknologi,3,17
Statistik Ekonomi,2021,teknologi,3,17
Statistik Ekonomi,2015,terapung,3,17
Statistik Ekonomi,2016,terapung,3,17
Statistik Ekonomi,2017,terapung,3,17
Statistik Ekonomi,2018,terapung,3,17
Statistik Ekonomi,2019,terapung,2,17
Statistik Ekonomi,2020,terapung,1,17
Statistik Ekonomi,2021,terapung,1,17
Statistik Ekonomi,2023,terapung,1,17
Statistik Ekonomi,2015,urug,5,17
Statistik Ekonomi,2016,urug,6,17
Statistik Ekonomi,2017,urug,5,17
Statistik Ekonomi,2018,urug,1,17
Statistik Demografi dan Sosial,2015,aspek,1,16
Statistik Demografi dan Sosial,2016,aspek,1,16
Statistik Demografi dan Sosial,2017,aspek,2,16
Statistik Demografi dan Sosial,2018,aspek,2,16
Statistik Demografi dan Sosial,2019,aspek,4,16
Statistik Demografi dan Sosial,2020,aspek,4,16
Statistik Lingkungan Hidup dan Multi-domain,2015,aspek,2,16
Statistik Ekonomi,2015,kendari,1,16
Statistik Ekonomi,2016,kendari,3,16
Statistik Ekonomi,2019,kendari,2,16
Statistik Ekonomi,2020,kendari,3,16
Statistik Ekonomi,2021,kendari,3,16
Statistik Ekonomi,2022,kendari,4,16
Statistik Demografi dan Sosial,2016,partisipasi,2,16
Statistik Demografi dan Sosial,2017,partisipasi,1,16
Statistik Demografi dan Sosial,2018,partisipasi,1,16
Statistik Demografi dan Sosial,2019,partisipasi,1,16
Statistik Demografi dan Sosial,2020,partisipasi,2,16
Statistik Demografi dan Sosial,2021,partisipasi,2,16
Statistik Demografi dan Sosial,2022,partisipasi,2,16
Statistik Demografi dan Sosial,2023,partisipasi,2,16
Statistik Demografi dan Sosial,2024,partisipasi,2,16
Statistik Demografi dan Sosial,2025,partisipasi,1,16
Statistik Demografi dan Sosial,2017,sekolah,1,16
Statistik Demografi dan Sosial,2018,sekolah,2,16
Statistik Demografi dan Sosial,2019,sekolah,1,16
Statistik Demografi dan Sosial,2020,sekolah,1,16
Statistik Lingkungan Hidup dan Multi-domain,2020,sekolah,1,16
Statistik Lingkungan Hidup dan Multi-domain,2021,sekolah,2,16
Statistik Lingkungan Hidup dan Multi-domain,2022,sekolah,2,16
Statistik Lingkungan Hidup dan Multi-domain,2023,sekolah,2,16
Statistik Lingkungan Hidup dan Multi-domain,2024,sekolah,2,16
Statistik Lingkungan Hidup dan Multi-domain,2025,sekolah,2,16
Statistik Ekonomi,2019,terak,1,16
Statistik Ekonomi,2020,terak,4,16
Statistik Ekonomi,2021,terak,3,16
Statistik Ekonomi,2022,terak,3,16
Statistik Ekonomi,2023,terak,3,16
Statistik Ekonomi,2024,terak,2,16
Statistik Demografi dan Sosial,2019,administrasi,1,15
Statistik Ekonomi,2015,administrasi,1,15
Statistik Ekonomi,2016,administrasi,1,15
Statistik Ekonomi,2017,administrasi,2,15
Statistik Ekonomi,2022,administrasi,1,15
Statistik Ekonomi,2023,administrasi,2,15
Statistik Ekonomi,2024,administrasi,3,15
Statistik Ekonomi,2025,administrasi,1,15
Statistik Lingkungan Hidup dan Multi-domain,2015,administrasi,2,15
Statistik Lingkungan Hidup dan Multi-domain,2018,administrasi,1,15
Statistik Demografi dan Sosial,2016,cenderung,2,15
Statistik Demografi dan Sosial,2018,cenderung,1,15
Statistik Demografi dan Sosial,2019,cenderung,1,15
Statistik Demografi dan Sosial,2020,cenderung,1,15
Statistik Demografi dan Sosial,2021,cenderung,1,15
Statistik Demografi dan Sosial,2022,cenderung,1,15
Statistik Demografi dan Sosial,2024,cenderung,1,15
Statistik Ekonomi,2019,cenderung,2,15
Statistik Ekonomi,2020,cenderung,1,15
Statistik Lingkungan Hidup dan Multi-domain,2015,cenderung,1,15
Statistik Lingkungan Hidup dan Multi-domain,2016,cenderung,1,15
Statistik Lingkungan Hidup dan Multi-domain,2017,cenderung,1,15
Tidak Berkategori,2023,cenderung,1,15
Statistik Demografi dan Sosial,2016,distributor,4,15
Statistik Demografi dan Sosial,2018,distributor,1,15
Statistik Demografi dan Sosial,2019,distributor,4,15
Statistik Demografi dan Sosial,2020,distributor,3,15
Statistik Demografi dan Sosial,2021,distributor,3,15
Statistik Demografi dan Sosial,2015,garam,9,15
Statistik Ekonomi,2023,garam,6,15
Statistik Demografi dan Sosial,2017,informal,3,15
Statistik Demografi dan Sosial,2018,informal,3,15
Statistik Demografi dan Sosial,2019,informal,3,15
Statistik Demografi dan Sosial,2020,informal,2,15
Statistik Demografi dan Sosial,2021,informal,2,15
Statistik Demografi dan Sosial,2022,informal,1,15
Statistik Demografi dan Sosial,2023,informal,1,15
Statistik Ekonomi,2015,kerikil,1,15
Statistik Ekonomi,2016,kerikil,7,15
Statistik Ekonomi,2017,kerikil,2,15
Statistik Ekonomi,2019,kerikil,2,15
Statistik Ekonomi,2024,kerikil,1,15
Statistik Ekonomi,2025,kerikil,2,15
Statistik Ekonomi,2015,kuintal,9,15
Statistik Ekonomi,2016,kuintal,6,15
Statistik Ekonomi,2017,masingmasing,1,15
Statistik Ekonomi,2018,masingmasing,2,15
Statistik Ekonomi,2019,masingmasing,1,15
Statistik Ekonomi,2020,masingmasing,2,15
Statistik Ekonomi,2021,masingmasing,7,15
Statistik Ekonomi,2023,masingmasing,1,15
Statistik Ekonomi,2024,masingmasing,1,15
Statistik Ekonomi,2018,nonprofit,3,15
Statistik Ekonomi,2019,nonprofit,3,15
Statistik Ekonomi,2020,nonprofit,2,15
Statistik Ekonomi,2021,nonprofit,1,15
Statistik Ekonomi,2023,nonprofit,1,15
Statistik Ekonomi,2024,nonprofit,4,15
Statistik Ekonomi,2025,nonprofit,1,15
Statistik Ekonomi,2016,serealia,4,15
Statistik Ekonomi,2017,serealia,1,15
Statistik Ekonomi,2019,serealia,2,15
Statistik Ekonomi,2021,serealia,1,15
Statistik Ekonomi,2022,serealia,3,15
Statistik Ekonomi,2023,serealia,2,15
Statistik Ekonomi,2024,serealia,2,15
Statistik Ekonomi,2015,sibolga,1,15
Statistik Ekonomi,2016,sibolga,5,15
Statistik Ekonomi,2019,sibolga,4,15
Statistik Ekonomi,2020,sibolga,3,15
Statistik Ekonomi,2022,sibolga,2,15
Statistik Ekonomi,2016,elektronika,8,14
Statistik Ekonomi,2017,elektronika,6,14
Statistik Lingkungan Hidup dan Multi-domain,2024,gender,5,14
Statistik Lingkungan Hidup dan Multi-domain,2025,gender,5,14
Tidak Berkategori,2023,gender,4,14
Statistik Ekonomi,2024,gunung,6,14
Statistik Ekonomi,2025,gunung,8,14
Statistik Demografi dan Sosial,2021,lambat,1,14
Statistik Ekonomi,2015,lambat,7,14
Statistik Ekonomi,2016,lambat,3,14
Statistik Ekonomi,2020,lambat,1,14
Statistik Ekonomi,2023,lambat,1,14
Statistik Ekonomi,2025,lambat,1,14
Statistik Ekonomi,2016,lantai,2,14
Statistik Ekonomi,2019,lantai,2,14
Statistik Ekonomi,2020,lantai,2,14
Statistik Ekonomi,2023,lantai,2,14
Statistik Ekonomi,2024,lantai,4,14
Statistik Ekonomi,2025,lantai,2,14
Statistik Demografi dan Sosial,2019,pemerintahan,1,14
Statistik Ekonomi,2015,pemerintahan,1,14
Statistik Ekonomi,2016,pemerintahan,1,14
Statistik Ekonomi,2017,pemerintahan,2,14
Statistik Ekonomi,2022,pemerintahan,1,14
Statistik Ekonomi,2023,pemerintahan,2,14
Statistik Ekonomi,2024,pemerintahan,3,14
Statistik Ekonomi,2025,pemerintahan,1,14
Statistik Lingkungan Hidup dan Multi-domain,2015,pemerintahan,1,14
Statistik Lingkungan Hidup dan Multi-domain,2018,pemerintahan,1,14
Statistik Ekonomi,2015,sirtu,1,14
Statistik Ekonomi,2016,sirtu,7,14
Statistik Ekonomi,2017,sirtu,2,14
Statistik Ekonomi,2019,sirtu,2,14
Statistik Ekonomi,2025,sirtu,2,14
Statistik Ekonomi,2015,sorong,1,14
Statistik Ekonomi,2016,sorong,3,14
Statistik Ekonomi,2018,sorong,3,14
Statistik Ekonomi,2019,sorong,1,14
Statistik Ekonomi,2021,sorong,3,14
Statistik Ekonomi,2023,sorong,2,14
Statistik Ekonomi,2025,sorong,1,14
Statistik Ekonomi,2015,subround,4,14
Statistik Ekonomi,2016,subround,4,14
Statistik Ekonomi,2021,subround,6,14
Statistik Ekonomi,2018,tepung,2,14
Statistik Ekonomi,2020,tepung,1,14
Statistik Ekonomi,2021,tepung,2,14
Statistik Ekonomi,2022,tepung,5,14
Statistik Ekonomi,2023,tepung,4,14
Statistik Demografi dan Sosial,2018,tngkat,2,14
Statistik Ekonomi,2018,tngkat,9,14
Statistik Ekonomi,2019,tngkat,2,14
Statistik Ekonomi,2021,tngkat,1,14
Statistik Ekonomi,2018,tomat,3,14
Statistik Ekonomi,2019,tomat,6,14
Statistik Ekonomi,2020,tomat,3,14
Statistik Ekonomi,2021,tomat,2,14
Statistik Ekonomi,2016,batako,1,13
Statistik Ekonomi,2017,batako,1,13
Statistik Ekonomi,2019,batako,5,13
Statistik Ekonomi,2020,batako,1,13
Statistik Ekonomi,2025,batako,5,13
Statistik Ekonomi,2017,buah,4,13
Statistik Ekonomi,2018,buah,2,13
Statistik Ekonomi,2019,buah,2,13
Statistik Ekonomi,2020,buah,2,13
Statistik Ekonomi,2025,buah,3,13
Statistik Lingkungan Hidup dan Multi-domain,2019,dunia,2,13
Statistik Lingkungan Hidup dan Multi-domain,2020,dunia,2,13
Statistik Lingkungan Hidup dan Multi-domain,2021,dunia,2,13
Statistik Lingkungan Hidup dan Multi-domain,2022,dunia,2,13
Statistik Lingkungan Hidup dan Multi-domain,2023,dunia,2,13
Statistik Lingkungan Hidup dan Multi-domain,2024,dunia,1,13
Statistik Lingkungan Hidup dan Multi-domain,2025,dunia,2,13
Statistik Ekonomi,2020,jahe,2,13
Statistik Ekonomi,2023,jahe,1,13
Statistik Ekonomi,2024,jahe,10,13
Statistik Ekonomi,2018,konversi,1,13
Statistik Ekonomi,2020,konversi,2,13
Statistik Ekonomi,2021,konversi,2,13
Statistik Ekonomi,2022,konversi,1,13
Statistik Ekonomi,2023,konversi,1,13
Statistik Ekonomi,2024,konversi,1,13
Statistik Ekonomi,2025,konversi,5,13
Statistik Ekonomi,2017,paku,4,13
Statistik Ekonomi,2018,paku,5,13
Statistik Ekonomi,2019,paku,1,13
Statistik Ekonomi,2020,paku,1,13
Statistik Ekonomi,2021,paku,2,13
Statistik Ekonomi,2016,reproduksi,6,13
Statistik Ekonomi,2017,reproduksi,2,13
Statistik Ekonomi,2018,reproduksi,1,13
Statistik Ekonomi,2019,reproduksi,1,13
Statistik Ekonomi,2020,reproduksi,1,13
Tidak Berkategori,2023,reproduksi,2,13
Statistik Ekonomi,2023,soekarno,6,13
Statistik Ekonomi,2024,soekarno,6,13
Tidak Berkategori,2023,soekarno,1,13
Statistik Ekonomi,2015,tangki,4,13
Statistik Ekonomi,2016,tangki,1,13
Statistik Ekonomi,2017,tangki,2,13
Statistik Ekonomi,2018,tangki,4,13
Statistik Ekonomi,2019,tangki,2,13
Statistik Demografi dan Sosial,2016,yogyakarta,1,13
Statistik Demografi dan Sosial,2018,yogyakarta,1,13
Statistik Demografi dan Sosial,2021,yogyakarta,1,13
Statistik Ekonomi,2015,yogyakarta,2,13
Statistik Ekonomi,2016,yogyakarta,4,13
Statistik Ekonomi,2017,yogyakarta,1,13
Statistik Ekonomi,2019,yogyakarta,1,13
Statistik Ekonomi,2020,yogyakarta,1,13
Statistik Ekonomi,2021,yogyakarta,1,13
Statistik Lingkungan Hidup dan Multi-domain,2016,anak,2,12
Statistik Lingkungan Hidup dan Multi-domain,2017,anak,2,12
Statistik Lingkungan Hidup dan Multi-domain,2018,anak,2,12
Statistik Lingkungan Hidup dan Multi-domain,2019,anak,2,12
Statistik Lingkungan Hidup dan Multi-domain,2020,anak,4,12
Statistik Lingkungan Hidup dan Multi-domain,2019,anggota,2,12
Statistik Lingkungan Hidup dan Multi-domain,2020,anggota,2,12
Statistik Lingkungan Hidup dan Multi-domain,2021,anggota,2,12
Statistik Lingkungan Hidup dan Multi-domain,2022,anggota,2,12
Statistik Lingkungan Hidup dan Multi-domain,2023,anggota,2,12
Statistik Lingkungan Hidup dan Multi-domain,2024,anggota,1,12
Statistik Lingkungan Hidup dan Multi-domain,2025,anggota,1,12
Statistik Ekonomi,2019,armuzna,5,12
Statistik Ekonomi,2022,armuzna,7,12
Statistik Ekonomi,2018,cermin,4,12
Statistik Ekonomi,2019,cermin,2,12
Statistik Ekonomi,2020,cermin,3,12
Statistik Ekonomi,2021,cermin,3,12
Statistik Ekonomi,2015,elektronik,1,12
Statistik Ekonomi,2016,elektronik,3,12
Statistik Ekonomi,2017,elektronik,2,12
Statistik Ekonomi,2018,elektronik,3,12
Statistik Ekonomi,2019,elektronik,2,12
Statistik Ekonomi,2020,elektronik,1,12
Statistik Ekonomi,2023,hatta,6,12
Statistik Ekonomi,2024,hatta,5,12
Tidak Berkategori,2023,hatta,1,12
Statistik Lingkungan Hidup dan Multi-domain,2019,komposisi,2,12
Statistik Lingkungan Hidup dan Multi-domain,2020,komposisi,2,12
Statistik Lingkungan Hidup dan Multi-domain,2021,komposisi,2,12
Statistik Lingkungan Hidup dan Multi-domain,2022,komposisi,2,12
Statistik Lingkungan Hidup dan Multi-domain,2023,komposisi,2,12
Statistik Lingkungan Hidup dan Multi-domain,2024,komposisi,1,12
Statistik Lingkungan Hidup dan Multi-domain,2025,komposisi,1,12
Statistik Ekonomi,2024,minahasa,9,12
Statistik Ekonomi,2025,minahasa,3,12
Statistik Demografi dan Sosial,2015,review,2,12
Statistik Demografi dan Sosial,2016,review,2,12
Statistik Demografi dan Sosial,2017,review,2,12
Statistik Demografi dan Sosial,2018,review,2,12
Statistik Demografi dan Sosial,2019,review,2,12
Statistik Demografi dan Sosial,2020,review,2,12
Statistik Ekonomi,2017,signifikan,1,12
Statistik Ekonomi,2018,signifikan,1,12
Statistik Ekonomi,2019,signifikan,1,12
Statistik Ekonomi,2020,signifikan,1,12
Statistik Ekonomi,2021,signifikan,3,12
Statistik Ekonomi,2022,signifikan,2,12
Statistik Ekonomi,2023,signifikan,1,12
Statistik Lingkungan Hidup dan Multi-domain,2024,signifikan,2,12
Statistik Demografi dan Sosial,2015,tenaga,2,12
Statistik Demografi dan Sosial,2016,tenaga,3,12
Statistik Demografi dan Sosial,2018,tenaga,1,12
Statistik Demografi dan Sosial,2019,tenaga,1,12
Statistik Demografi dan Sosial,2023,tenaga,1,12
Statistik Lingkungan Hidup dan Multi-domain,2025,tenaga,1,12
Tidak Berkategori,2017,tenaga,3,12
Statistik Ekonomi,2017,arab,1,11
Statistik Ekonomi,2018,arab,1,11
Statistik Ekonomi,2019,arab,1,11
Statistik Ekonomi,2024,arab,8,11
Statistik Demografi dan Sosial,2025,badan,1,11
Statistik Ekonomi,2015,badan,2,11
Statistik Ekonomi,2016,badan,4,11
Statistik Ekonomi,2017,badan,3,11
Statistik Ekonomi,2024,badan,1,11
Statistik Lingkungan Hidup dan Multi-domain,2015,bahagia,5,11
Statistik Lingkungan Hidup dan Multi-domain,2017,bahagia,6,11
Statistik Demografi dan Sosial,2023,bayi,1,11
Statistik Lingkungan Hidup dan Multi-domain,2016,bayi,1,11
Statistik Lingkungan Hidup dan Multi-domain,2017,bayi,1,11
Statistik Lingkungan Hidup dan Multi-domain,2018,bayi,1,11
Statistik Lingkungan Hidup dan Multi-domain,2019,bayi,1,11
Statistik Lingkungan Hidup dan Multi-domain,2020,bayi,2,11
Statistik Lingkungan Hidup dan Multi-domain,2021,bayi,1,11
Statistik Lingkungan Hidup dan Multi-domain,2022,bayi,1,11
Statistik Lingkungan Hidup dan Multi-domain,2023,bayi,1,11
Statistik Lingkungan Hidup dan Multi-domain,2024,bayi,1,11
Statistik Ekonomi,2015,furnitur,1,11
Statistik Ekonomi,2016,furnitur,5,11
Statistik Ekonomi,2017,furnitur,3,11
Statistik Ekonomi,2018,furnitur,1,11
Statistik Ekonomi,2019,furnitur,1,11
Statistik Ekonomi,2020,gelondong,1,11
Statistik Ekonomi,2025,gelondong,10,11
Statistik Ekonomi,2020,gunungsitoli,2,11
Statistik Ekonomi,2021,gunungsitoli,3,11
Statistik Ekonomi,2022,gunungsitoli,4,11
Statistik Ekonomi,2023,gunungsitoli,2,11
Statistik Ekonomi,2015,jamin,1,11
Statistik Ekonomi,2016,jamin,1,11
Statistik Ekonomi,2017,jamin,2,11
Statistik Ekonomi,2022,jamin,1,11
Statistik Ekonomi,2023,jamin,2,11
Statistik Ekonomi,2024,jamin,3,11
Statistik Ekonomi,2025,jamin,1,11
Statistik Ekonomi,2023,kopi,2,11
Statistik Ekonomi,2024,kopi,5,11
Statistik Ekonomi,2025,kopi,1,11
Statistik Lingkungan Hidup dan Multi-domain,2015,kopi,1,11
Statistik Lingkungan Hidup dan Multi-domain,2017,kopi,2,11
Statistik Lingkungan Hidup dan Multi-domain,2021,layak,3,11
Statistik Lingkungan Hidup dan Multi-domain,2022,layak,3,11
Statistik Lingkungan Hidup dan Multi-domain,2023,layak,3,11
Statistik Lingkungan Hidup dan Multi-domain,2024,layak,2,11
Statistik Lingkungan Hidup dan Multi-domain,2015,lurah,10,11
Statistik Lingkungan Hidup dan Multi-domain,2018,lurah,1,11
Statistik Ekonomi,2016,media,6,11
Statistik Ekonomi,2017,media,2,11
Statistik Ekonomi,2018,media,1,11
Statistik Ekonomi,2019,media,1,11
Statistik Ekonomi,2020,media,1,11
Statistik Ekonomi,2015,pasang,2,11
Statistik Ekonomi,2016,pasang,1,11
Statistik Ekonomi,2018,pasang,1,11
Statistik Ekonomi,2019,pasang,2,11
Statistik Ekonomi,2020,pasang,2,11
Statistik Ekonomi,2021,pasang,2,11
Statistik Ekonomi,2022,pasang,1,11
Statistik Ekonomi,2016,rekam,6,11
Statistik Ekonomi,2017,rekam,2,11
Statistik Ekonomi,2018,rekam,1,11
Statistik Ekonomi,2019,rekam,1,11
Statistik Ekonomi,2020,rekam,1,11
Statistik Demografi dan Sosial,2019,sakernas,2,11
Statistik Demografi dan Sosial,2020,sakernas,2,11
Statistik Demografi dan Sosial,2022,sakernas,1,11
Statistik Demografi dan Sosial,2023,sakernas,2,11
Statistik Demografi dan Sosial,2024,sakernas,2,11
Statistik Demografi dan Sosial,2025,sakernas,2,11
Statistik Ekonomi,2017,saudi,1,11
Statistik Ekonomi,2018,saudi,1,11
Statistik Ekonomi,2019,saudi,1,11
Statistik Ekonomi,2024,saudi,8,11
Statistik Ekonomi,2025,seksi,11,11
Statistik Ekonomi,2015,tahan,1,11
Statistik Ekonomi,2016,tahan,1,11
Statistik Ekonomi,2017,tahan,2,11
Statistik Ekonomi,2022,tahan,1,11
Statistik Ekonomi,2023,tahan,2,11
Statistik Ekonomi,2024,tahan,3,11
Statistik Ekonomi,2025,tahan,1,11
Statistik Ekonomi,2015,wajib,1,11
Statistik Ekonomi,2016,wajib,1,11
Statistik Ekonomi,2017,wajib,2,11
Statistik Ekonomi,2022,wajib,1,11
Statistik Ekonomi,2023,wajib,2,11
Statistik Ekonomi,2024,wajib,3,11
Statistik Ekonomi,2025,wajib,1,11
Statistik Ekonomi,2015,ambon,2,10
Statistik Ekonomi,2017,ambon,1,10
Statistik Ekonomi,2019,ambon,2,10
Statistik Ekonomi,2021,ambon,2,10
Statistik Ekonomi,2022,ambon,1,10
Statistik Ekonomi,2023,ambon,2,10
Statistik Ekonomi,2017,baut,4,10
Statistik Ekonomi,2018,baut,5,10
Statistik Ekonomi,2019,baut,1,10
Statistik Demografi dan Sosial,2015,bubuk,9,10
Statistik Lingkungan Hidup dan Multi-domain,2017,bubuk,1,10
Statistik Ekonomi,2017,infrastruktur,2,10
Statistik Ekonomi,2018,infrastruktur,2,10
Statistik Ekonomi,2020,infrastruktur,2,10
Statistik Ekonomi,2021,infrastruktur,2,10
Statistik Lingkungan Hidup dan Multi-domain,2015,infrastruktur,1,10
Statistik Lingkungan Hidup dan Multi-domain,2018,infrastruktur,1,10
Statistik Ekonomi,2020,instan,1,10
Statistik Ekonomi,2022,instan,1,10
Statistik Lingkungan Hidup dan Multi-domain,2015,instan,1,10
Statistik Lingkungan Hidup dan Multi-domain,2016,instan,2,10
Statistik Lingkungan Hidup dan Multi-domain,2017,instan,3,10
Statistik Lingkungan Hidup dan Multi-domain,2018,instan,2,10
Statistik Ekonomi,2015,kapasitas,4,10
Statistik Ekonomi,2016,kapasitas,3,10
Statistik Ekonomi,2017,kapasitas,3,10
Statistik Demografi dan Sosial,2016,kini,1,10
Statistik Ekonomi,2015,kini,2,10
Statistik Ekonomi,2016,kini,4,10
Statistik Ekonomi,2017,kini,3,10
Statistik Ekonomi,2023,kotabaru,10,10
Statistik Ekonomi,2016,kupang,1,10
Statistik Ekonomi,2019,kupang,2,10
Statistik Ekonomi,2020,kupang,2,10
Statistik Ekonomi,2021,kupang,2,10
Statistik Ekonomi,2022,kupang,2,10
Statistik Ekonomi,2025,kupang,1,10
Statistik Ekonomi,2024,malam,8,10
Statistik Ekonomi,2025,malam,2,10
Statistik Ekonomi,2018,pare,4,10
Statistik Ekonomi,2019,pare,4,10
Statistik Ekonomi,2020,pare,2,10
Statistik Demografi dan Sosial,2016,permisif,1,10
Statistik Demografi dan Sosial,2017,permisif,1,10
Statistik Demografi dan Sosial,2018,permisif,2,10
Statistik Demografi dan Sosial,2019,permisif,1,10
Statistik Demografi dan Sosial,2020,permisif,1,10
Statistik Demografi dan Sosial,2021,permisif,1,10
Statistik Demografi dan Sosial,2022,permisif,1,10
Statistik Demografi dan Sosial,2024,permisif,1,10
Tidak Berkategori,2023,permisif,1,10
Statistik Lingkungan Hidup dan Multi-domain,2015,podes,6,10
Statistik Lingkungan Hidup dan Multi-domain,2018,podes,4,10
Statistik Demografi dan Sosial,2025,pusat,1,10
Statistik Ekonomi,2015,pusat,2,10
Statistik Ekonomi,2016,pusat,4,10
Statistik Ekonomi,2017,pusat,3,10
Statistik Demografi dan Sosial,2021,sensus,2,10
Statistik Demografi dan Sosial,2023,sensus,1,10
Tidak Berkategori,2016,sensus,3,10
Tidak Berkategori,2017,sensus,3,10
Tidak Berkategori,2023,sensus,1,10
Statistik Demografi dan Sosial,2025,statistik,1,10
Statistik Ekonomi,2015,statistik,2,10
Statistik Ekonomi,2016,statistik,4,10
Statistik Ekonomi,2017,statistik,3,10
Statistik Demografi dan Sosial,2015,susu,9,10
Statistik Ekonomi,2018,susu,1,10
Statistik Demografi dan Sosial,2018,tertnggi,1,10
Statistik Ekonomi,2017,tertnggi,7,10
Statistik Ekonomi,2018,tertnggi,2,10
Statistik Ekonomi,2015,anyam,2,9
Statistik Ekonomi,2016,anyam,3,9
Statistik Ekonomi,2017,anyam,3,9
Statistik Ekonomi,2018,anyam,1,9
Statistik Ekonomi,2017,assesoriesnya,4,9
Statistik Ekonomi,2018,assesoriesnya,3,9
Statistik Ekonomi,2019,assesoriesnya,2,9
Statistik Ekonomi,2015,bambu,2,9
Statistik Ekonomi,2016,bambu,3,9
Statistik Ekonomi,2017,bambu,3,9
Statistik Ekonomi,2018,bambu,1,9
Statistik Ekonomi,2015,dingin,5,9
Statistik Ekonomi,2016,dingin,1,9
Statistik Ekonomi,2018,dingin,1,9
Statistik Ekonomi,2019,dingin,2,9
Statistik Lingkungan Hidup dan Multi-domain,2016,disesuaikan,1,9
Statistik Lingkungan Hidup dan Multi-domain,2020,disesuaikan,3,9
Statistik Lingkungan Hidup dan Multi-domain,2021,disesuaikan,1,9
Statistik Lingkungan Hidup dan Multi-domain,2022,disesuaikan,1,9
Statistik Lingkungan Hidup dan Multi-domain,2023,disesuaikan,1,9
Statistik Lingkungan Hidup dan Multi-domain,2024,disesuaikan,1,9
Statistik Lingkungan Hidup dan Multi-domain,2025,disesuaikan,1,9
Statistik Ekonomi,2015,gabus,2,9
Statistik Ekonomi,2016,gabus,3,9
Statistik Ekonomi,2017,gabus,3,9
Statistik Ekonomi,2018,gabus,1,9
Statistik Demografi dan Sosial,2020,jelas,1,9
Statistik Ekonomi,2015,jelas,2,9
Statistik Ekonomi,2016,jelas,3,9
Statistik Ekonomi,2017,jelas,3,9
Statistik Demografi dan Sosial,2021,komuter,2,9
Statistik Demografi dan Sosial,2022,komuter,3,9
Statistik Demografi dan Sosial,2023,komuter,2,9
Statistik Demografi dan Sosial,2024,komuter,2,9
Statistik Ekonomi,2015,meulaboh,1,9
Statistik Ekonomi,2017,meulaboh,1,9
Statistik Ekonomi,2018,meulaboh,1,9
Statistik Ekonomi,2019,meulaboh,1,9
Statistik Ekonomi,2020,meulaboh,4,9
Statistik Ekonomi,2021,meulaboh,1,9
Statistik Ekonomi,2015,pangkalpinang,4,9
Statistik Ekonomi,2016,pangkalpinang,1,9
Statistik Ekonomi,2017,pangkalpinang,1,9
Statistik Ekonomi,2018,pangkalpinang,2,9
Statistik Ekonomi,2020,pangkalpinang,1,9
Statistik Demografi dan Sosial,2015,penuh,2,9
Statistik Demografi dan Sosial,2017,penuh,1,9
Statistik Demografi dan Sosial,2018,penuh,2,9
Statistik Demografi dan Sosial,2019,penuh,2,9
Statistik Demografi dan Sosial,2020,penuh,2,9
Statistik Ekonomi,2015,pimpin,2,9
Statistik Ekonomi,2016,pimpin,4,9
Statistik Ekonomi,2017,pimpin,3,9
Statistik Ekonomi,2016,pontianak,2,9
Statistik Ekonomi,2017,pontianak,1,9
Statistik Ekonomi,2020,pontianak,1,9
Statistik Ekonomi,2021,pontianak,2,9
Statistik Ekonomi,2022,pontianak,1,9
Statistik Ekonomi,2025,pontianak,2,9
Statistik Ekonomi,2015,responden,2,9
Statistik Ekonomi,2016,responden,4,9
Statistik Ekonomi,2017,responden,3,9
Statistik Ekonomi,2015,rotan,2,9
Statistik Ekonomi,2016,rotan,3,9
Statistik Ekonomi,2017,rotan,3,9
Statistik Ekonomi,2018,rotan,1,9
Statistik Ekonomi,2015,ruang,5,9
Statistik Ekonomi,2016,ruang,1,9
Statistik Ekonomi,2018,ruang,1,9
Statistik Ekonomi,2019,ruang,2,9
Statistik Ekonomi,2015,sampel,2,9
Statistik Ekonomi,2016,sampel,4,9
Statistik Ekonomi,2017,sampel,3,9
Statistik Demografi dan Sosial,2016,sembilan,1,9
Statistik Ekonomi,2020,sembilan,1,9
Statistik Ekonomi,2024,sembilan,3,9
Statistik Ekonomi,2025,sembilan,4,9
Statistik Demografi dan Sosial,2015,sumber,1,9
Statistik Demografi dan Sosial,2016,sumber,1,9
Statistik Demografi dan Sosial,2017,sumber,1,9
Statistik Demografi dan Sosial,2018,sumber,1,9
Statistik Demografi dan Sosial,2019,sumber,1,9
Statistik Demografi dan Sosial,2020,sumber,1,9
Statistik Lingkungan Hidup dan Multi-domain,2023,sumber,3,9
Statistik Lingkungan Hidup dan Multi-domain,2021,tahu,2,9
Statistik Lingkungan Hidup dan Multi-domain,2022,tahu,2,9
Statistik Lingkungan Hidup dan Multi-domain,2023,tahu,3,9
Statistik Lingkungan Hidup dan Multi-domain,2024,tahu,2,9
Statistik Ekonomi,2020,timika,4,9
Statistik Ekonomi,2021,timika,2,9
Statistik Ekonomi,2022,timika,1,9
Statistik Ekonomi,2023,timika,2,9
Statistik Ekonomi,2019,tipis,1,9
Statistik Ekonomi,2021,tipis,2,9
Statistik Ekonomi,2022,tipis,3,9
Statistik Ekonomi,2023,tipis,3,9
Statistik Ekonomi,2017,ahli,2,8
Statistik Ekonomi,2018,ahli,2,8
Statistik Ekonomi,2020,ahli,2,8
Statistik Ekonomi,2021,ahli,2,8
Statistik Ekonomi,2017,akses,2,8
Statistik Ekonomi,2018,akses,2,8
Statistik Ekonomi,2020,akses,2,8
Statistik Ekonomi,2021,akses,2,8
Statistik Ekonomi,2018,ampas,1,8
Statistik Ekonomi,2020,ampas,1,8
Statistik Ekonomi,2021,ampas,1,8
Statistik Ekonomi,2023,ampas,5,8
Statistik Demografi dan Sosial,2018,asuransi,1,8
Statistik Ekonomi,2015,asuransi,1,8
Statistik Ekonomi,2016,asuransi,3,8
Statistik Ekonomi,2017,asuransi,2,8
Statistik Ekonomi,2020,asuransi,1,8
Statistik Demografi dan Sosial,2015,bebas,1,8
Statistik Demografi dan Sosial,2016,bebas,1,8
Statistik Demografi dan Sosial,2017,bebas,2,8
Statistik Demografi dan Sosial,2018,bebas,2,8
Statistik Demografi dan Sosial,2019,bebas,1,8
Statistik Demografi dan Sosial,2020,bebas,1,8
Statistik Ekonomi,2018,beku,5,8
Statistik Ekonomi,2019,beku,2,8
Statistik Ekonomi,2021,beku,1,8
Statistik Ekonomi,2015,biji,4,8
Statistik Ekonomi,2016,biji,2,8
Statistik Ekonomi,2024,biji,2,8
Statistik Ekonomi,2017,cabe,2,8
Statistik Ekonomi,2018,cabe,4,8
Statistik Ekonomi,2025,cabe,2,8
Statistik Ekonomi,2023,cumulative,2,8
Statistik Ekonomi,2024,cumulative,6,8
Statistik Ekonomi,2015,december,6,8
Statistik Ekonomi,2018,december,2,8
Statistik Demografi dan Sosial,2019,formal,2,8
Statistik Demografi dan Sosial,2020,formal,1,8
Statistik Demografi dan Sosial,2022,formal,1,8
Statistik Demografi dan Sosial,2023,formal,1,8
Statistik Demografi dan Sosial,2024,formal,2,8
Statistik Lingkungan Hidup dan Multi-domain,2021,formal,1,8
Statistik Demografi dan Sosial,2025,ikjhi,2,8
Statistik Ekonomi,2017,ikjhi,2,8
Statistik Ekonomi,2018,ikjhi,1,8
Statistik Ekonomi,2019,ikjhi,2,8
Statistik Ekonomi,2022,ikjhi,1,8
Statistik Ekonomi,2015,kaca,2,8
Statistik Ekonomi,2016,kaca,1,8
Statistik Ekonomi,2017,kaca,2,8
Statistik Ekonomi,2018,kaca,2,8
Statistik Ekonomi,2021,kaca,1,8
Statistik Ekonomi,2015,kloset,4,8
Statistik Ekonomi,2016,kloset,2,8
Statistik Ekonomi,2019,kloset,2,8
Statistik Ekonomi,2015,lembar,2,8
Statistik Ekonomi,2016,lembar,1,8
Statistik Ekonomi,2017,lembar,2,8
Statistik Ekonomi,2018,lembar,2,8
Statistik Ekonomi,2021,lembar,1,8
Statistik Ekonomi,2015,medan,1,8
Statistik Ekonomi,2018,medan,5,8
Statistik Ekonomi,2019,medan,2,8
Statistik Ekonomi,2024,minat,8,8
Statistik Ekonomi,2019,negatif,7,8
Statistik Ekonomi,2022,negatif,1,8
Statistik Ekonomi,2017,palopo,2,8
Statistik Ekonomi,2019,palopo,3,8
Statistik Ekonomi,2020,palopo,1,8
Statistik Ekonomi,2021,palopo,1,8
Statistik Ekonomi,2025,palopo,1,8
Statistik Ekonomi,2015,pilih,2,8
Statistik Ekonomi,2016,pilih,4,8
Statistik Ekonomi,2017,pilih,2,8
Statistik Ekonomi,2015,pmtb,1,8
Statistik Ekonomi,2023,pmtb,1,8
Statistik Ekonomi,2024,pmtb,6,8
Statistik Demografi dan Sosial,2015,politik,1,8
Statistik Demografi dan Sosial,2016,politik,1,8
Statistik Demografi dan Sosial,2017,politik,2,8
Statistik Demografi dan Sosial,2018,politik,2,8
Statistik Demografi dan Sosial,2019,politik,1,8
Statistik Demografi dan Sosial,2020,politik,1,8
Statistik Ekonomi,2015,prediksi,3,8
Statistik Ekonomi,2016,prediksi,3,8
Statistik Ekonomi,2017,prediksi,2,8
Statistik Ekonomi,2015,profit,1,8
Statistik Ekonomi,2016,profit,3,8
Statistik Ekonomi,2017,profit,3,8
Statistik Ekonomi,2019,profit,1,8
Statistik Ekonomi,2015,prospek,2,8
Statistik Ekonomi,2016,prospek,3,8
Statistik Ekonomi,2017,prospek,3,8
Statistik Ekonomi,2015,raga,4,8
Statistik Ekonomi,2017,raga,3,8
Statistik Ekonomi,2018,raga,1,8
Statistik Ekonomi,2015,singkawang,2,8
Statistik Ekonomi,2016,singkawang,2,8
Statistik Ekonomi,2018,singkawang,1,8
Statistik Ekonomi,2020,singkawang,2,8
Statistik Ekonomi,2021,singkawang,1,8
Statistik Demografi dan Sosial,2015,sipil,1,8
Statistik Demografi dan Sosial,2016,sipil,1,8
Statistik Demografi dan Sosial,2017,sipil,2,8
Statistik Demografi dan Sosial,2018,sipil,2,8
Statistik Demografi dan Sosial,2019,sipil,1,8
Statistik Demografi dan Sosial,2020,sipil,1,8
Statistik Ekonomi,2021,tajam,5,8
Statistik Ekonomi,2022,tajam,3,8
Statistik Ekonomi,2016,tangerang,1,8
Statistik Ekonomi,2018,tangerang,3,8
Statistik Ekonomi,2019,tangerang,1,8
Statistik Ekonomi,2020,tangerang,1,8
Statistik Ekonomi,2021,tangerang,1,8
Statistik Ekonomi,2022,tangerang,1,8
Statistik Ekonomi,2015,ternate,1,8
Statistik Ekonomi,2017,ternate,1,8
Statistik Ekonomi,2018,ternate,1,8
Statistik Ekonomi,2019,ternate,1,8
Statistik Ekonomi,2020,ternate,1,8
Statistik Ekonomi,2022,ternate,2,8
Statistik Ekonomi,2025,ternate,1,8
Statistik Ekonomi,2024,toli,4,8
Statistik Ekonomi,2025,toli,4,8
Statistik Demografi dan Sosial,2018,tujuh,1,8
Statistik Demografi dan Sosial,2023,tujuh,1,8
Statistik Ekonomi,2015,tujuh,1,8
Statistik Ekonomi,2016,tujuh,1,8
Statistik Ekonomi,2017,tujuh,4,8
Statistik Ekonomi,2018,uruk,4,8
Statistik Ekonomi,2019,uruk,4,8
Statistik Ekonomi,2015,wastafel,4,8
Statistik Ekonomi,2016,wastafel,2,8
Statistik Ekonomi,2019,wastafel,2,8
Statistik Demografi dan Sosial,2022,antikorupsi,2,7
Statistik Demografi dan Sosial,2024,antikorupsi,2,7
Tidak Berkategori,2023,antikorupsi,3,7
Statistik Ekonomi,2017,armina,3,7
Statistik Ekonomi,2018,armina,4,7
Statistik Ekonomi,2015,bukittinggi,1,7
Statistik Ekonomi,2016,bukittinggi,1,7
Statistik Ekonomi,2020,bukittinggi,2,7
Statistik Ekonomi,2022,bukittinggi,3,7
Statistik Ekonomi,2025,danau,7,7
Statistik Ekonomi,2015,dibandingtpk,7,7
Statistik Ekonomi,2017,jatuh,7,7
Statistik Ekonomi,2025,jendela,7,7
Statistik Ekonomi,2024,kakao,5,7
Statistik Ekonomi,2025,kakao,2,7
Statistik Demografi dan Sosial,2017,komposit,1,7
Statistik Demografi dan Sosial,2018,komposit,1,7
Statistik Demografi dan Sosial,2019,komposit,1,7
Statistik Demografi dan Sosial,2020,komposit,1,7
Statistik Lingkungan Hidup dan Multi-domain,2015,komposit,2,7
Statistik Lingkungan Hidup dan Multi-domain,2017,komposit,1,7
Statistik Ekonomi,2018,kumulatf,6,7
Statistik Ekonomi,2019,kumulatf,1,7
Statistik Ekonomi,2025,kusen,7,7
Statistik Ekonomi,2016,mamuju,1,7
Statistik Ekonomi,2017,mamuju,1,7
Statistik Ekonomi,2021,mamuju,4,7
Statistik Ekonomi,2024,mamuju,1,7
Statistik Ekonomi,2015,musim,2,7
Statistik Ekonomi,2016,musim,1,7
Statistik Ekonomi,2017,musim,1,7
Statistik Ekonomi,2018,musim,1,7
Statistik Ekonomi,2019,musim,1,7
Statistik Ekonomi,2020,musim,1,7
Statistik Ekonomi,2015,nikel,1,7
Statistik Ekonomi,2022,nikel,1,7
Statistik Ekonomi,2023,nikel,2,7
Statistik Ekonomi,2024,nikel,2,7
Statistik Ekonomi,2025,nikel,1,7
Statistik Ekonomi,2020,putih,4,7
Statistik Ekonomi,2023,putih,3,7
Statistik Ekonomi,2018,rasa,4,7
Statistik Ekonomi,2019,rasa,3,7
Statistik Demografi dan Sosial,2023,real,1,7
Statistik Ekonomi,2015,real,4,7
Statistik Ekonomi,2017,real,1,7
Statistik Ekonomi,2024,real,1,7
Statistik Demografi dan Sosial,2020,revisi,4,7
Statistik Demografi dan Sosial,2021,revisi,1,7
Statistik Lingkungan Hidup dan Multi-domain,2017,revisi,1,7
Statistik Lingkungan Hidup dan Multi-domain,2022,revisi,1,7
Statistik Ekonomi,2025,seberang,7,7
Statistik Ekonomi,2021,selor,2,7
Statistik Ekonomi,2022,selor,5,7
Statistik Ekonomi,2015,stabil,1,7
Statistik Ekonomi,2019,stabil,2,7
Statistik Ekonomi,2021,stabil,1,7
Statistik Ekonomi,2024,stabil,1,7
Statistik Ekonomi,2025,stabil,1,7
Statistik Lingkungan Hidup dan Multi-domain,2024,stabil,1,7
Statistik Ekonomi,2015,sumenep,1,7
Statistik Ekonomi,2016,sumenep,1,7
Statistik Ekonomi,2018,sumenep,1,7
Statistik Ekonomi,2021,sumenep,2,7
Statistik Ekonomi,2024,sumenep,2,7
Statistik Ekonomi,2025,sungai,7,7
Statistik Ekonomi,2015,tarakan,1,7
Statistik Ekonomi,2016,tarakan,1,7
Statistik Ekonomi,2018,tarakan,3,7
Statistik Ekonomi,2021,tarakan,1,7
Statistik Ekonomi,2022,tarakan,1,7
Statistik Ekonomi,2015,tekstil,1,7
Statistik Ekonomi,2016,tekstil,3,7
Statistik Ekonomi,2017,tekstil,2,7
Statistik Ekonomi,2025,tekstil,1,7
Statistik Demografi dan Sosial,2017,tengah,1,7
Statistik Demografi dan Sosial,2018,tengah,2,7
Statistik Demografi dan Sosial,2019,tengah,1,7
Statistik Demografi dan Sosial,2020,tengah,1,7
Statistik Demografi dan Sosial,2022,tengah,1,7
Tidak Berkategori,2017,tengah,1,7
Tidak Berkategori,2023,unit,7,7
Statistik Demografi dan Sosial,2023,aktivitas,1,6
Statistik Demografi dan Sosial,2024,aktivitas,1,6
Statistik Ekonomi,2015,aktivitas,1,6
Statistik Ekonomi,2018,aktivitas,1,6
Statistik Ekonomi,2023,aktivitas,2,6
Statistik Ekonomi,2017,batam,1,6
Statistik Ekonomi,2019,batam,2,6
Statistik Ekonomi,2020,batam,3,6
Statistik Ekonomi,2017,bekasi,1,6
Statistik Ekonomi,2019,bekasi,1,6
Statistik Ekonomi,2020,bekasi,3,6
Statistik Ekonomi,2022,bekasi,1,6
Statistik Lingkungan Hidup dan Multi-domain,2015,camat,5,6
Statistik Lingkungan Hidup dan Multi-domain,2018,camat,1,6
Statistik Demografi dan Sosial,2020,dampak,1,6
Statistik Demografi dan Sosial,2021,dampak,2,6
Statistik Demografi dan Sosial,2022,dampak,2,6
Statistik Demografi dan Sosial,2023,dampak,1,6
Statistik Ekonomi,2022,daripada,1,6
Statistik Ekonomi,2023,daripada,2,6
Statistik Ekonomi,2024,daripada,2,6
Statistik Ekonomi,2025,daripada,1,6
Statistik Ekonomi,2016,digital,1,6
Statistik Ekonomi,2017,digital,1,6
Statistik Ekonomi,2018,digital,2,6
Statistik Ekonomi,2020,digital,1,6
Statistik Ekonomi,2021,digital,1,6
Statistik Demografi dan Sosial,2015,discussion,1,6
Statistik Demografi dan Sosial,2016,discussion,1,6
Statistik Demografi dan Sosial,2017,discussion,1,6
Statistik Demografi dan Sosial,2018,discussion,1,6
Statistik Demografi dan Sosial,2019,discussion,1,6
Statistik Demografi dan Sosial,2020,discussion,1,6
Statistik Demografi dan Sosial,2015,dokumen,1,6
Statistik Demografi dan Sosial,2016,dokumen,1,6
Statistik Demografi dan Sosial,2017,dokumen,1,6
Statistik Demografi dan Sosial,2018,dokumen,1,6
Statistik Demografi dan Sosial,2019,dokumen,1,6
Statistik Demografi dan Sosial,2020,dokumen,1,6
Statistik Ekonomi,2020,drastis,2,6
Statistik Ekonomi,2021,drastis,2,6
Statistik Ekonomi,2022,drastis,1,6
Statistik Ekonomi,2024,drastis,1,6
Statistik Ekonomi,2015,efek,1,6
Statistik Ekonomi,2016,efek,1,6
Statistik Ekonomi,2017,efek,1,6
Statistik Ekonomi,2018,efek,1,6
Statistik Ekonomi,2019,efek,1,6
Statistik Ekonomi,2020,efek,1,6
Statistik Ekonomi,2015,enam,1,6
Statistik Ekonomi,2016,enam,2,6
Statistik Ekonomi,2017,enam,2,6
Statistik Ekonomi,2018,enam,1,6
Statistik Demografi dan Sosial,2023,estat,1,6
Statistik Ekonomi,2015,estat,4,6
Statistik Ekonomi,2017,estat,1,6
Statistik Demografi dan Sosial,2015,focus,1,6
Statistik Demografi dan Sosial,2016,focus,1,6
Statistik Demografi dan Sosial,2017,focus,1,6
Statistik Demografi dan Sosial,2018,focus,1,6
Statistik Demografi dan Sosial,2019,focus,1,6
Statistik Demografi dan Sosial,2020,focus,1,6
Statistik Demografi dan Sosial,2015,group,1,6
Statistik Demografi dan Sosial,2016,group,1,6
Statistik Demografi dan Sosial,2017,group,1,6
Statistik Demografi dan Sosial,2018,group,1,6
Statistik Demografi dan Sosial,2019,group,1,6
Statistik Demografi dan Sosial,2020,group,1,6
Statistik Demografi dan Sosial,2015,hitung,1,6
Statistik Demografi dan Sosial,2016,hitung,1,6
Statistik Demografi dan Sosial,2017,hitung,1,6
Statistik Demografi dan Sosial,2018,hitung,1,6
Statistik Demografi dan Sosial,2019,hitung,1,6
Statistik Demografi dan Sosial,2020,hitung,1,6
Statistik Ekonomi,2025,jayawijaya,6,6
Statistik Demografi dan Sosial,2015,kabar,1,6
Statistik Demografi dan Sosial,2016,kabar,1,6
Statistik Demografi dan Sosial,2017,kabar,1,6
Statistik Demografi dan Sosial,2018,kabar,1,6
Statistik Demografi dan Sosial,2019,kabar,1,6
Statistik Demografi dan Sosial,2020,kabar,1,6
Statistik Demografi dan Sosial,2018,kepul,1,6
Statistik Demografi dan Sosial,2019,kepul,1,6
Statistik Demografi dan Sosial,2020,kepul,4,6
Statistik Ekonomi,2018,ketganya,6,6
Statistik Ekonomi,2021,korea,6,6
Statistik Ekonomi,2020,kotamobagu,1,6
Statistik Ekonomi,2021,kotamobagu,3,6
Statistik Ekonomi,2022,kotamobagu,2,6
Statistik Ekonomi,2018,kubis,1,6
Statistik Ekonomi,2020,kubis,2,6
Statistik Ekonomi,2021,kubis,2,6
Statistik Ekonomi,2022,kubis,1,6
Statistik Demografi dan Sosial,2015,lokal,1,6
Statistik Demografi dan Sosial,2016,lokal,1,6
Statistik Demografi dan Sosial,2017,lokal,1,6
Statistik Demografi dan Sosial,2018,lokal,1,6
Statistik Demografi dan Sosial,2019,lokal,1,6
Statistik Demografi dan Sosial,2020,lokal,1,6
Statistik Lingkungan Hidup dan Multi-domain,2015,mandi,1,6
Statistik Lingkungan Hidup dan Multi-domain,2016,mandi,2,6
Statistik Lingkungan Hidup dan Multi-domain,2017,mandi,1,6
Statistik Lingkungan Hidup dan Multi-domain,2018,mandi,2,6
Statistik Demografi dan Sosial,2016,margin,1,6
Statistik Demografi dan Sosial,2018,margin,1,6
Statistik Demografi dan Sosial,2019,margin,1,6
Statistik Demografi dan Sosial,2020,margin,2,6
Statistik Demografi dan Sosial,2021,margin,1,6
Statistik Demografi dan Sosial,2015,metodologi,1,6
Statistik Demografi dan Sosial,2016,metodologi,1,6
Statistik Demografi dan Sosial,2017,metodologi,1,6
Statistik Demografi dan Sosial,2018,metodologi,1,6
Statistik Demografi dan Sosial,2019,metodologi,1,6
Statistik Demografi dan Sosial,2020,metodologi,1,6
Statistik Ekonomi,2015,minus,2,6
Statistik Ekonomi,2016,minus,2,6
Statistik Ekonomi,2017,minus,2,6
Statistik Ekonomi,2025,muko,6,6
Statistik Ekonomi,2015,neto,1,6
Statistik Ekonomi,2016,neto,1,6
Statistik Ekonomi,2017,neto,1,6
Statistik Ekonomi,2018,neto,1,6
Statistik Ekonomi,2024,neto,2,6
Statistik Ekonomi,2015,padang,2,6
Statistik Ekonomi,2016,padang,2,6
Statistik Ekonomi,2017,padang,1,6
Statistik Ekonomi,2018,padang,1,6
Statistik Ekonomi,2015,padangsidimpuan,2,6
Statistik Ekonomi,2017,padangsidimpuan,1,6
Statistik Ekonomi,2018,padangsidimpuan,1,6
Statistik Ekonomi,2020,padangsidimpuan,2,6
Statistik Ekonomi,2015,palu,2,6
Statistik Ekonomi,2017,palu,1,6
Statistik Ekonomi,2018,palu,2,6
Statistik Ekonomi,2021,palu,1,6
Statistik Demografi dan Sosial,2015,panjang,1,6
Statistik Demografi dan Sosial,2016,panjang,2,6
Statistik Demografi dan Sosial,2018,panjang,1,6
Statistik Demografi dan Sosial,2019,panjang,1,6
Statistik Demografi dan Sosial,2020,panjang,1,6
Statistik Ekonomi,2015,pematangsiantar,1,6
Statistik Ekonomi,2017,pematangsiantar,1,6
Statistik Ekonomi,2018,pematangsiantar,2,6
Statistik Ekonomi,2019,pematangsiantar,2,6
Statistik Demografi dan Sosial,2015,pendek,1,6
Statistik Demografi dan Sosial,2016,pendek,2,6
Statistik Demografi dan Sosial,2018,pendek,1,6
Statistik Demografi dan Sosial,2019,pendek,1,6
Statistik Demografi dan Sosial,2020,pendek,1,6
Statistik Demografi dan Sosial,2020,pengurangan,1,6
Statistik Demografi dan Sosial,2021,pengurangan,2,6
Statistik Demografi dan Sosial,2022,pengurangan,2,6
Statistik Demografi dan Sosial,2023,pengurangan,1,6
Statistik Demografi dan Sosial,2015,perda,1,6
Statistik Demografi dan Sosial,2016,perda,1,6
Statistik Demografi dan Sosial,2017,perda,1,6
Statistik Demografi dan Sosial,2018,perda,1,6
Statistik Demografi dan Sosial,2019,perda,1,6
Statistik Demografi dan Sosial,2020,perda,1,6
Statistik Demografi dan Sosial,2015,pergub,1,6
Statistik Demografi dan Sosial,2016,pergub,1,6
Statistik Demografi dan Sosial,2017,pergub,1,6
Statistik Demografi dan Sosial,2018,pergub,1,6
Statistik Demografi dan Sosial,2019,pergub,1,6
Statistik Demografi dan Sosial,2020,pergub,1,6
Statistik Ekonomi,2020,pinang,1,6
Statistik Ekonomi,2021,pinang,1,6
Statistik Ekonomi,2023,pinang,2,6
Statistik Ekonomi,2025,pinang,2,6
Statistik Ekonomi,2016,reguler,6,6
Statistik Ekonomi,2016,singaraja,2,6
Statistik Ekonomi,2017,singaraja,3,6
Statistik Ekonomi,2019,singaraja,1,6
Statistik Demografi dan Sosial,2015,surat,1,6
Statistik Demografi dan Sosial,2016,surat,1,6
Statistik Demografi dan Sosial,2017,surat,1,6
Statistik Demografi dan Sosial,2018,surat,1,6
Statistik Demografi dan Sosial,2019,surat,1,6
Statistik Demografi dan Sosial,2020,surat,1,6
Statistik Ekonomi,2024,timor,6,6
Statistik Demografi dan Sosial,2018,universitas,1,6
Statistik Demografi dan Sosial,2019,universitas,1,6
Statistik Demografi dan Sosial,2020,universitas,1,6
Statistik Demografi dan Sosial,2022,universitas,1,6
Statistik Demografi dan Sosial,2023,universitas,2,6
Statistik Demografi dan Sosial,2015,wawancara,1,6
Statistik Demografi dan Sosial,2016,wawancara,1,6
Statistik Demografi dan Sosial,2017,wawancara,1,6
Statistik Demografi dan Sosial,2018,wawancara,1,6
Statistik Demografi dan Sosial,2019,wawancara,1,6
Statistik Demografi dan Sosial,2020,wawancara,1,6
Statistik Ekonomi,2020,wortel,2,6
Statistik Ekonomi,2021,wortel,3,6
Statistik Ekonomi,2023,wortel,1,6
Statistik Ekonomi,2024,adhb,5,5
Statistik Ekonomi,2020,balok,1,5
Statistik Ekonomi,2021,balok,1,5
Statistik Ekonomi,2025,balok,3,5
Statistik Ekonomi,2018,bandar,3,5
Statistik Ekonomi,2025,bandar,2,5
Statistik Ekonomi,2016,banyuwangi,1,5
Statistik Ekonomi,2018,banyuwangi,1,5
Statistik Ekonomi,2020,banyuwangi,2,5
Statistik Ekonomi,2021,banyuwangi,1,5
Statistik Ekonomi,2020,baubau,3,5
Statistik Ekonomi,2021,baubau,2,5
Statistik Ekonomi,2016,depok,1,5
Statistik Ekonomi,2017,depok,1,5
Statistik Ekonomi,2018,depok,1,5
Statistik Ekonomi,2020,depok,1,5
Statistik Ekonomi,2022,depok,1,5
Statistik Lingkungan Hidup dan Multi-domain,2018,diploma,1,5
Statistik Lingkungan Hidup dan Multi-domain,2019,diploma,1,5
Statistik Lingkungan Hidup dan Multi-domain,2020,diploma,2,5
Statistik Lingkungan Hidup dan Multi-domain,2021,diploma,1,5
Statistik Demografi dan Sosial,2017,juru,1,5
Statistik Demografi dan Sosial,2018,juru,2,5
Statistik Demografi dan Sosial,2019,juru,1,5
Statistik Demografi dan Sosial,2020,juru,1,5
Statistik Ekonomi,2020,kacang,1,5
Statistik Ekonomi,2021,kacang,1,5
Statistik Ekonomi,2022,kacang,2,5
Statistik Ekonomi,2023,kacang,1,5
Statistik Demografi dan Sosial,2017,karyawan,2,5
Statistik Demografi dan Sosial,2019,karyawan,1,5
Statistik Demografi dan Sosial,2020,karyawan,1,5
Statistik Ekonomi,2015,karyawan,1,5
Statistik Ekonomi,2017,katering,1,5
Statistik Ekonomi,2018,katering,2,5
Statistik Ekonomi,2019,katering,2,5
Statistik Demografi dan Sosial,2016,ketenagakerjaan,2,5
Statistik Demografi dan Sosial,2020,ketenagakerjaan,2,5
Statistik Demografi dan Sosial,2023,ketenagakerjaan,1,5
Statistik Ekonomi,2016,kombinasi,1,5
Statistik Ekonomi,2017,kombinasi,1,5
Statistik Ekonomi,2018,kombinasi,1,5
Statistik Ekonomi,2020,kombinasi,1,5
Statistik Ekonomi,2021,kombinasi,1,5
Statistik Ekonomi,2020,luwuk,2,5
Statistik Ekonomi,2021,luwuk,1,5
Statistik Ekonomi,2025,luwuk,2,5
Statistik Lingkungan Hidup dan Multi-domain,2016,maju,1,5
Statistik Lingkungan Hidup dan Multi-domain,2017,maju,1,5
Statistik Lingkungan Hidup dan Multi-domain,2018,maju,1,5
Statistik Lingkungan Hidup dan Multi-domain,2019,maju,1,5
Statistik Lingkungan Hidup dan Multi-domain,2020,maju,1,5
Statistik Demografi dan Sosial,2025,memuaskan,2,5
Statistik Ekonomi,2017,memuaskan,1,5
Statistik Ekonomi,2018,memuaskan,1,5
Statistik Ekonomi,2019,memuaskan,1,5
Statistik Ekonomi,2017,nggi,5,5
Statistik Ekonomi,2023,pandemi,4,5
Statistik Lingkungan Hidup dan Multi-domain,2020,pandemi,1,5
Statistik Ekonomi,2018,pekanbaru,1,5
Statistik Ekonomi,2020,pekanbaru,2,5
Statistik Ekonomi,2021,pekanbaru,1,5
Statistik Ekonomi,2022,pekanbaru,1,5
Statistik Ekonomi,2020,pupuk,1,5
Statistik Ekonomi,2021,pupuk,3,5
Statistik Ekonomi,2022,pupuk,1,5
Statistik Demografi dan Sosial,2015,rasio,2,5
Statistik Demografi dan Sosial,2016,rasio,2,5
Tidak Berkategori,2023,rasio,1,5
Statistik Ekonomi,2025,rongga,5,5
Statistik Ekonomi,2017,sampit,1,5
Statistik Ekonomi,2019,sampit,1,5
Statistik Ekonomi,2021,sampit,3,5
Statistik Ekonomi,2016,senjang,1,5
Statistik Ekonomi,2017,senjang,1,5
Statistik Ekonomi,2018,senjang,1,5
Statistik Ekonomi,2020,senjang,1,5
Statistik Ekonomi,2021,senjang,1,5
Statistik Ekonomi,2025,sigaret,5,5
Statistik Demografi dan Sosial,2016,sltp,1,5
Statistik Demografi dan Sosial,2017,sltp,1,5
Statistik Demografi dan Sosial,2018,sltp,1,5
Statistik Demografi dan Sosial,2019,sltp,1,5
Statistik Lingkungan Hidup dan Multi-domain,2015,sltp,1,5
Statistik Demografi dan Sosial,2016,strategis,1,5
Statistik Demografi dan Sosial,2019,strategis,1,5
Statistik Demografi dan Sosial,2020,strategis,1,5
Statistik Demografi dan Sosial,2021,strategis,2,5
Statistik Demografi dan Sosial,2018,tamat,1,5
Statistik Lingkungan Hidup dan Multi-domain,2020,tamat,3,5
Statistik Lingkungan Hidup dan Multi-domain,2021,tamat,1,5
Statistik Ekonomi,2018,tara,1,5
Statistik Lingkungan Hidup dan Multi-domain,2020,tara,3,5
Statistik Lingkungan Hidup dan Multi-domain,2021,tara,1,5
Statistik Ekonomi,2017,tembilahan,3,5
Statistik Ekonomi,2020,tembilahan,1,5
Statistik Ekonomi,2021,tembilahan,1,5
Statistik Lingkungan Hidup dan Multi-domain,2016,tempuh,1,5
Statistik Lingkungan Hidup dan Multi-domain,2017,tempuh,1,5
Statistik Lingkungan Hidup dan Multi-domain,2018,tempuh,1,5
Statistik Lingkungan Hidup dan Multi-domain,2019,tempuh,1,5
Statistik Lingkungan Hidup dan Multi-domain,2020,tempuh,1,5
Statistik Ekonomi,2017,tenda,2,5
Statistik Ekonomi,2018,tenda,1,5
Statistik Ekonomi,2019,tenda,1,5
Statistik Ekonomi,2022,tenda,1,5
Statistik Ekonomi,2023,wisata,5,5
