brs_id,tanggal,tahun,kode_csa,domain,divisi,subjek,judul,cuplikan,n_kata
1209,2015-12-15,2015,2.4.6,Statistik Ekonomi,Statistik Sektoral,"Perbankan, Asuransi dan Finansial","November 2015 Rupiah Terdepresiasi 0,63 Persen Terhadap Dolar Amerika","November 2015 Rupiah Terdepresiasi 0,63 Persen Terhadap Dolar Amerika Rupiah terdepresiasi 0,63 persen terhadap dolar Amerika pada November 2015. Level terendah rata-rata nasional kurs tengah eceran rupiah terhadap dolar Amerika terjadi pada minggu ketiga November 2015 yaitu Rp13.686,26 per dolar...",229
1208,2015-12-15,2015,2.8,Statistik Ekonomi,Biaya Tenaga Kerja,Biaya Tenaga Kerja,"Upah nominal harian buruh tani nasional November 2015 naik sebesar 0,17%","Upah nominal harian buruh tani nasional November 2015 naik sebesar 0,17% Upah nominal harian buruh tani nasional pada November 2015 naik sebesar 0,17 persen dibanding upahburuh tani Oktober 2015, yaitu dari Rp 46.800,00 menjadi Rp46.881,00 per hari. Upah riil mengalami penurunan sebesar 0,25 pers...",78
1207,2015-12-15,2015,2.6,Statistik Ekonomi,Perdagangan Internasional,Perdagangan Internasional dan Neraca Pembayaran,"Ekspor November 2015 Mencapai US$11,16 Miliar","Ekspor November 2015 Mencapai US$11,16 Miliar Nilai ekspor Indonesia November 2015 mencapai US$11,16 miliar atau menurun 7,91 persen dibanding ekspor Oktober 2015. Demikian juga dibanding November 2014 menurun 17,58 persen. Ekspor nonmigas November 2015 mencapai US$9,58 miliar, turun 10,81 persen...",223
1206,2015-12-01,2015,2.4.5,Statistik Ekonomi,Statistik Sektoral,Pariwisata,"Jumlah Kunjungan Wisatawan Mancanegara Oktober 2015 Mencapai 825,8 Ribu Kunjungan, Naik 2,11 Persen Dibanding Kunjungan Oktober 2014","Jumlah Kunjungan Wisatawan Mancanegara Oktober 2015 Mencapai 825,8 Ribu Kunjungan, Naik 2,11 Persen Dibanding Kunjungan Oktober 2014 Jumlah kunjungan wisatawan mancanegara (wisman) ke Indonesia pada Oktober 2015 mencapai 825,8 ribu kunjungan atau naik 2,11 persen dibandingkan jumlah kunjungan wis...",210
1205,2015-12-01,2015,2.7,Statistik Ekonomi,Harga,Harga-Harga,"Nilai Tukar Petani (NTP) November 2015 Sebesar 102,95 Atau Naik 0,48 Persen","Nilai Tukar Petani (NTP) November 2015 Sebesar 102,95 Atau Naik 0,48 Persen NTP nasional November 2015 sebesar 102,95 atau naik 0,48 persen dibanding NTP bulan sebelumnya. Kenaikan NTP dikarenakan Indeks Harga yang Diterima Petani (It) naik sebesar 0,85 persen lebih besar dibandingkan kenaikan In...",124
1204,2015-12-01,2015,2.7,Statistik Ekonomi,Harga,Harga-Harga,"November 2015 Harga Grosir Naik 1,03 Persen","November 2015 Harga Grosir Naik 1,03 Persen Pada November 2015 Indeks Harga Perdagangan Besar (IHPB) Umum Nonmigas atau indeks harga grosir/agen naik sebesar 1,03 persen terhadap bulan sebelumnya. Kenaikan IHPB tertinggi terjadi pada Sektor Pertanian sebesar 5,58 persen. IHPB Bahan Bangunan/Konst...",110
1203,2015-12-01,2015,2.7,Statistik Ekonomi,Harga,Harga-Harga,"November 2015 terjadi inflasi 0,21 persen","November 2015 terjadi inflasi 0,21 persen Pada November 2015 terjadi inflasi sebesar 0,21 persen dengan Indeks Harga Konsumen (IHK) sebesar 121,82. Dari 82 kota IHK, tercatat 69 kota mengalami inflasi dan 13 kota mengalami deflasi. Inflasi tertinggi terjadi di Merauke 2,35 persen dengan IHK 127,3...",207
1199,2015-11-16,2015,2.4.6,Statistik Ekonomi,Statistik Sektoral,"Perbankan, Asuransi dan Finansial","Oktober 2015 Rupiah Terapresiasi 7,13 Persen Terhadap Dolar Amerika","Oktober 2015 Rupiah Terapresiasi 7,13 Persen Terhadap Dolar Amerika Rupiah terapresiasi 7,13 persen terhadap dolar Amerika pada Oktober 2015. Level tertinggi rata-rata nasional kurs tengah eceran rupiah terhadap dolar Amerika terjadi pada minggu kedua Oktober 2015 yaitu Rp13.363,89 per dolar Amer...",228
1198,2015-11-16,2015,2.8,Statistik Ekonomi,Biaya Tenaga Kerja,Biaya Tenaga Kerja,"Upah nominal harian buruh tani nasional Oktober 2015 naik sebesar 0,13%","Upah nominal harian buruh tani nasional Oktober 2015 naik sebesar 0,13% Upah nominal harian buruh tani nasional pada Oktober 2015 naik sebesar 0,13 persen dibanding upah buruh tani September 2015, yaitu dari Rp46.739,00 menjadi Rp46.800,00 per hari. Upah riil mengalami kenaikan sebesar 0,17 perse...",76
1197,2015-11-16,2015,2.6,Statistik Ekonomi,Perdagangan Internasional,Perdagangan Internasional dan Neraca Pembayaran,"Ekspor Oktober 2015 Mencapai US$12,08 Miliar","Ekspor Oktober 2015 Mencapai US$12,08 Miliar Nilai ekspor Indonesia Oktober 2015 mencapai US$12,08 miliar atau menurun 4,00 persen dibanding ekspor September 2015. Demikian juga dibanding Oktober 2014 menurun 20,98 persen. Ekspor nonmigas Oktober 2015 mencapai US$10,71 miliar, turun 3,86 persen d...",439
1202,2015-11-05,2015,2.7,Statistik Ekonomi,Harga,Harga-Harga,"Triwulan III-2015 Harga Produsen Mengalami Inflasi 0,28%","Triwulan III-2015 Harga Produsen Mengalami Inflasi 0,28% Indeks Harga Produsen (IHP) triwulan III-2015 naik 0,28 persen terhadap triwulan II-2015 (q-to-q) dan naik 2,06 persen terhadap triwulan III-2014 (y-on-y). IHP Sektor Pertanian triwulan III-2015 naik 2,24 persen terhadap triwulan II-2015 (q...",116
1201,2015-11-05,2015,2.3,Statistik Ekonomi,Statistik Bisnis,Statistik Bisnis,Kondisi Bisnis dan Ekonomi Konsumen Meningkat,Kondisi Bisnis dan Ekonomi Konsumen Meningkat Penjelasan Umum Indeks Tendensi Bisnis (ITB) adalah indikator perkembangan ekonomi usaha terkini yang datanya diperoleh dari Survei Tendensi Bisnis (STB) yang dilakukan oleh Badan Pusat Statistik bekerja sama dengan Bank Indonesia. ITB merupakan indek...,310
1200,2015-11-05,2015,2.1,Statistik Ekonomi,Statistik Makroekonomi,Neraca Ekonomi,"Ekonomi Indonesia Triwulan III-2015 Tumbuh 4,73 Persen Meningkat Dibanding Triwulan II-2015","Ekonomi Indonesia Triwulan III-2015 Tumbuh 4,73 Persen Meningkat Dibanding Triwulan II-2015 Perekonomian Indonesia yang diukur berdasarkan besaran Produk Domestik Bruto (PDB) atas dasar harga berlaku triwulan III-2015 mencapai Rp2.982,6 triliun dan atas dasar harga konstan 2010 mencapai Rp2.311,2...",250
1196,2015-11-05,2015,1.2,Statistik Demografi dan Sosial,Ketenagakerjaan,Tenaga Kerja,"Agustus 2015: Tingkat Pengangguran Terbuka (TPT) Sebesar 6,18 Persen","Agustus 2015: Tingkat Pengangguran Terbuka (TPT) Sebesar 6,18 Persen Angkatan kerja Indonesia pada Agustus 2015 sebanyak 122,4 juta orang, berkurang sebanyak 5,9 juta orang dibanding Februari 2015 dan bertambah sebanyak 510 ribu orang dibanding Agustus 2014. Penduduk bekerja pada Agustus 2015 seb...",186
1195,2015-11-02,2015,2.4.1,Statistik Ekonomi,Statistik Sektoral,"Pertanian, Kehutanan, Perikanan","Produksi Padi diperkirakan naik 5,85% dari produksi tahun 2014","Produksi Padi diperkirakan naik 5,85% dari produksi tahun 2014 PADI Produksi padi tahun 2015 diperkirakan sebanyak 74,99 juta ton gabah kering giling (GKG) atau mengalami kenaikan sebanyak 4,15 juta ton (5,85 persen) dibandingkan tahun 2014. Kenaikan produksi diperkirakan terjadi karena kenaikan ...",149
1193,2015-11-02,2015,2.4.3,Statistik Ekonomi,Statistik Sektoral,"Pertambangan, Manufaktur, Konstruksi","Pertumbuhan produksi IBS naik sebesar 4,22% dan IMK naik 6,87% pada QIII-2015 dari QIII-2014","Pertumbuhan produksi IBS naik sebesar 4,22% dan IMK naik 6,87% pada QIII-2015 dari QIII-2014 Pertumbuhan produksi industri manufaktur besar dan sedang triwulan III tahun 2015 naik sebesar 4,22 persen (y-on-y) terhadap triwulan III tahun 2014. Kenaikan tersebut terutama disebabkan naiknya produksi...",303
1192,2015-11-02,2015,2.4.5,Statistik Ekonomi,Statistik Sektoral,Pariwisata,"Wisman September 2015 Mencapai 869,2 Ribu. Naik 9,84% dibanding September 2014","Wisman September 2015 Mencapai 869,2 Ribu. Naik 9,84% dibanding September 2014 Jumlah kunjungan wisatawan mancanegara (wisman) ke Indonesia pada September 2015 mencapai 869,2 ribu kunjungan atau naik 9,84 persen dibandingkan jumlah kunjungan wisman September 2014 yang tercatat sebanyak 791,3 ribu...",208
1191,2015-11-02,2015,2.7,Statistik Ekonomi,Harga,Harga-Harga,"Nilai Tukar Petani (NTP) Oktober 2015 Sebesar 102,46 Atau Naik 0,13 Persen","Nilai Tukar Petani (NTP) Oktober 2015 Sebesar 102,46 Atau Naik 0,13 Persen NTP nasional Oktober 2015 sebesar 102,46 atau naik 0,13 persen dibanding NTP bulan sebelumnya. Kenaikan NTP dikarenakan Indeks Harga yang Diterima Petani (It) naik sebesar 0,13 persen lebih besar dibandingkan kenaikan Inde...",121
1190,2015-11-02,2015,2.7,Statistik Ekonomi,Harga,Harga-Harga,"Oktober 2015 harga grosir turun 0,33%","Oktober 2015 harga grosir turun 0,33% Pada Oktober 2015 Indeks Harga Perdagangan Besar (IHPB) Umum Nonmigas atau indeks harga grosir/agen turun sebesar 0,33 persen terhadap bulan sebelumnya. Penurunan IHPB tertinggi terjadi pada Kelompok Barang Ekspor Nonmigas sebesar 1,98 persen. IHPB Bahan Bang...",110
1189,2015-11-02,2015,2.7,Statistik Ekonomi,Harga,Harga-Harga,"Oktober 2015 terjadi deflasi 0,08 persen","Oktober 2015 terjadi deflasi 0,08 persen Pada Oktober 2015 terjadi deflasi sebesar 0,08 persen dengan Indeks Harga Konsumen (IHK) sebesar 121,57. Dari 82 kota IHK, tercatat 44 kota mengalami deflasi dan 38 kota mengalami Inflasi. Deflasi tertinggi terjadi di Tanjung Pandan 1,95 persen dengan IHK ...",207
1188,2015-10-15,2015,2.4.6,Statistik Ekonomi,Statistik Sektoral,"Perbankan, Asuransi dan Finansial","Rupiah terdepresiasi 4,02 persen terhadap dolar Amerika pada September 2015","Rupiah terdepresiasi 4,02 persen terhadap dolar Amerika pada September 2015 Rupiah terdepresiasi 4,02 persen terhadap dolar Amerika pada September 2015. Level terendah rata-rata kurs tengah eceran rupiah terhadap dolar Amerika di 34 provinsi terjadi pada minggu kelima September 2015 yaitu Rp14.61...",237
1187,2015-10-15,2015,2.8,Statistik Ekonomi,Biaya Tenaga Kerja,Biaya Tenaga Kerja,"Upah Nominal harian Buruh Tani September 2015 Naik 0,23 Persen","Upah Nominal harian Buruh Tani September 2015 Naik 0,23 Persen Upah nominal harian buruh tani nasional pada September 2015 naik sebesar 0,23 persen dibanding upah buruh tani Agustus 2015, yaitu dari Rp46.629,00 menjadi Rp46.739,00 per hari. Upah riil mengalami kenaikan sebesar 0,26 persen1). Upah...",75
1186,2015-10-15,2015,2.6,Statistik Ekonomi,Perdagangan Internasional,Perdagangan Internasional dan Neraca Pembayaran,"Ekspor September Mencapai US$ 12,5 Miliar","Ekspor September Mencapai US$ 12,5 Miliar Nilai ekspor Indonesia September 2015 mencapai US$12,5 miliar atau menurun 1,55 persen dibanding ekspor Agustus 2015. Demikian juga dibanding September 2014 menurun 17,98 persen. Ekspor nonmigas September 2015 mencapai US$11,1 miliar, turun 1,06 persen di...",219
1185,2015-10-01,2015,2.4.5,Statistik Ekonomi,Statistik Sektoral,Pariwisata,"Kunjungan Wisatawan Mancanegara Agustus 2015 Mencapai 850,5 Ribu Kunjungan, Naik 2,87% dari Agustus 2014","Kunjungan Wisatawan Mancanegara Agustus 2015 Mencapai 850,5 Ribu Kunjungan, Naik 2,87% dari Agustus 2014 Jumlah kunjungan wisatawan mancanegara (wisman) ke Indonesia pada Agustus 2015 mencapai 850,5 ribu kunjungan atau naik 2,87 persen dibandingkan jumlah kunjungan wisman Agustus 2014 yang tercat...",211
1184,2015-10-01,2015,2.7,Statistik Ekonomi,Harga,Harga-Harga,"Nilai Tukar Petani (NTP) September 2015 Sebesar 102,33 Atau Naik 1,04 Persen","Nilai Tukar Petani (NTP) September 2015 Sebesar 102,33 Atau Naik 1,04 Persen NTP nasional September 2015 sebesar 102,33 atau naik 1,04 persen dibanding NTP bulan sebelumnya. Kenaikan NTP dikarenakan Indeks Harga yang Diterima Petani (It) naik sebesar 1,09 persen lebih besar dibandingkan kenaikan ...",123
1183,2015-10-01,2015,2.7,Statistik Ekonomi,Harga,Harga-Harga,"September 2015 harga grosir turun 0,05%","September 2015 harga grosir turun 0,05% Pada September 2015 Indeks Harga Perdagangan Besar (IHPB) Umum Nonmigas atau indeks harga grosir/agen turun sebesar 0,05 persen terhadap bulan sebelumnya. Penurunan IHPB terbesar terjadi pada Kelompok Barang Ekspor Nonmigas sebesar 1,24 persen. IHPB Bahan B...",100
1182,2015-10-01,2015,2.7,Statistik Ekonomi,Harga,Harga-Harga,"September 2015 terjadi deflasi 0,05 persen","September 2015 terjadi deflasi 0,05 persen Pada September 2015 terjadi deflasi sebesar 0,05 persen dengan Indeks Harga Konsumen (IHK) sebesar 121,67. Dari 82 kota IHK, tercatat 36 kota mengalami deflasi dan 46 kota mengalami Inflasi. Deflasi tertinggi terjadi di Sibolga 1,85 persen dengan IHK 120...",207
1181,2015-09-15,2015,2.4.6,Statistik Ekonomi,Statistik Sektoral,"Perbankan, Asuransi dan Finansial","Agustus 2015 Rupiah Terdepresiasi 4,69 Persen Terhadap Dolar Amerika","Agustus 2015 Rupiah Terdepresiasi 4,69 Persen Terhadap Dolar Amerika Rupiah terdepresiasi 4,69 persen terhadap dolar Amerika di Agustus 2015. Rupiah terdepresiasi 2,02 persen terhadap dolar Australia di Agustus 2015. Rupiah terdepresiasi 7,71 persen terhadap yen Jepang di Agustus 2015. Rupiah ter...",48
1180,2015-09-15,2015,2.8,Statistik Ekonomi,Biaya Tenaga Kerja,Biaya Tenaga Kerja,"Upah nominal harian buruh tani nasional Agustus 2015 naik sebesar 0,12%","Upah nominal harian buruh tani nasional Agustus 2015 naik sebesar 0,12% Upah nominal harian buruh tani nasional pada Agustus 2015 naik sebesar 0,12 persen dibanding upah buruh tani Juli 2015, yaitu dari Rp46.572,00 menjadi Rp46.629,00 per hari. Upah riil mengalami penurunan sebesar 0,34 persen Up...",76
1179,2015-09-15,2015,2.6,Statistik Ekonomi,Perdagangan Internasional,Perdagangan Internasional dan Neraca Pembayaran,"Ekspor Agustus 2015 Mencapai US$12,70 Miliar","Ekspor Agustus 2015 Mencapai US$12,70 Miliar Nilai ekspor Indonesia Agustus 2015 mencapai US$12,70 miliar atau meningkat 10,79 persen dibanding ekspor Juli 2015. Sementara itu dibanding Agustus 2014 menurun 12,28 persen. Ekspor nonmigas Agustus 2015 mencapai US$11,17 miliar, naik 11,23 persen dib...",426
1158,2015-09-15,2015,3.3.1,Statistik Lingkungan Hidup dan Multi-domain,Statistik Multi-domain,"Kondisi Tempat Tinggal, Kemiskinan, dan Permasalahan Sosial Lintas Sektor","Persentase Penduduk Miskin Maret 2015 Mencapai 11,22 Persen","Persentase Penduduk Miskin Maret 2015 Mencapai 11,22 Persen Pada bulan Maret 2015, jumlah penduduk miskin (penduduk dengan pengeluaran per kapita per bulan di bawah Garis Kemiskinan) di Indonesia mencapai 28,59 juta orang (11,22 persen), bertambah sebesar 0,86 juta orang dibandingkan dengan kondi...",258
1178,2015-09-01,2015,2.4.5,Statistik Ekonomi,Statistik Sektoral,Pariwisata,"Kunjungan wisman Juli 2015 mencapai 814,2 ribu, naik 4,76% dibanding Juli 2014","Kunjungan wisman Juli 2015 mencapai 814,2 ribu, naik 4,76% dibanding Juli 2014 Jumlah kunjungan wisatawan mancanegara (wisman) ke Indonesia pada Juli 2015 mencapai 814,2 ribu kunjungan atau naik 4,76 persen dibandingkan jumlah kunjungan wisman Juli 2014 yang tercatat sebanyak 777,2 ribu kunjungan...",205
1177,2015-09-01,2015,2.7,Statistik Ekonomi,Harga,Harga-Harga,"Nilai Tukar Petani (NTP) Agustus 2015 Sebesar 101,28 Atau Naik 0,31 Persen","Nilai Tukar Petani (NTP) Agustus 2015 Sebesar 101,28 Atau Naik 0,31 Persen NTP nasional Agustus 2015 sebesar 101,28 atau naik 0,31 persen dibanding NTP bulan sebelumnya. Kenaikan NTP dikarenakan Indeks Harga yang Diterima Petani (It) naik sebesar 0,66 persen lebih besar dibandingkan kenaikan Inde...",121
1176,2015-09-01,2015,2.7,Statistik Ekonomi,Harga,Harga-Harga,"Agustus 2015 harga grosir naik 1,65%","Agustus 2015 harga grosir naik 1,65% Pada Agustus 2015, Indeks Harga Perdagangan Besar (IHPB) Umum Nonmigas atau indeks harga grosir/agen naik sebesar 1,65 persen terhadap bulan sebelumnya. Kenaikan IHPB tertinggi terjadi pada Sektor Pertanian sebesar 6,90 persen. IHPB Bahan Bangunan/Konstruksi p...",102
1175,2015-09-01,2015,2.7,Statistik Ekonomi,Harga,Harga-Harga,"Agustus 2015 terjadi inflasi 0,39 persen","Agustus 2015 terjadi inflasi 0,39 persen Pada Agustus 2015 terjadi inflasi sebesar 0,39 persen dengan Indeks Harga Konsumen (IHK) sebesar 121,73. Dari 82 kota IHK, tercatat 59 kota mengalami inflasi dan 23 kota mengalami deflasi. Inflasi tertinggi terjadi di Tanjung Pandan 2,29 persen dengan IHK ...",215
1215,2015-08-18,2015,2.4.6,Statistik Ekonomi,Statistik Sektoral,"Perbankan, Asuransi dan Finansial","Juli 2015 Rupiah Terdepresiasi 1,25 Persen Terhadap Dolar Amerika","Juli 2015 Rupiah Terdepresiasi 1,25 Persen Terhadap Dolar Amerika Rupiah terdepresiasi 1,25 persen terhadap dolar Amerika di Juli 2015. Rupiah mencatat apresiasi 3,93 persen terhadap dolar Australia di Juli 2015. Rupiah terdepresiasi 1,52 persen terhadap yen Jepang di Juli 2015. Rupiah mencatat a...",50
1214,2015-08-18,2015,2.8,Statistik Ekonomi,Biaya Tenaga Kerja,Biaya Tenaga Kerja,"Upah nominal harian buruh tani nasional Juli 2015 naik sebesar 0,24%","Upah nominal harian buruh tani nasional Juli 2015 naik sebesar 0,24% Upah nominal harian buruh tani nasional pada Juli 2015 naik sebesar 0,24 persen dibanding upah buruh tani Juni 2015, yaitu dari Rp46.458,00 menjadi Rp46.572,00 per hari. Upah riil mengalami penurunan sebesar 0,64 persen1). Upah ...",76
1213,2015-08-18,2015,2.6,Statistik Ekonomi,Perdagangan Internasional,Perdagangan Internasional dan Neraca Pembayaran,"Ekspor Juli 2015 Mencapai US$11,41 Miliar","Ekspor Juli 2015 Mencapai US$11,41 Miliar Nilai ekspor Indonesia Juli 2015 mencapai US$11,41 miliar atau mengalami penurunan sebesar 15,53 persen dibanding ekspor Juni 2015. Sementara bila dibanding Juli 2014 mengalami penurunan sebesar 19,23 persen. Ekspor nonmigas Juli 2015 mencapai US$9,99 mil...",436
1028,2015-08-13,2015,1.10,Statistik Demografi dan Sosial,Aktivitas Politik dan Komunitas,Aktivitas Politik dan Komunitas Lainnya,"Indeks Demokrasi Indonesia (IDI) Nasional 2014 sebesar 73,04 naik dibandingkan dengan IDI 2013 sebesar 63,72","Indeks Demokrasi Indonesia (IDI) Nasional 2014 sebesar 73,04 naik dibandingkan dengan IDI 2013 sebesar 63,72 Indeks Demokrasi Indonesia (IDI) 2014 mencapai angka 73,04 dalam skala 0 sampai 100. Angka ini naik 9,32 poin dibandingkan dengan angka IDI 2013 yang sebesar 63,72. Capaian kinerja demokra...",143
1173,2015-08-05,2015,2.3,Statistik Ekonomi,Statistik Bisnis,Statistik Bisnis,Kondisi Bisnis dan Ekonomi Konsumen Meningkat.,"Kondisi Bisnis dan Ekonomi Konsumen Meningkat. <ol type=""A""> <li><b>Penjelasan Umum</b> <p>Indeks Tendensi Bisnis (ITB) adalah indikator perkembangan ekonomi usaha terkini yang datanya diperoleh dari Survei Tendensi Bisnis (STB) yang dilakukan oleh Badan Pusat Statistik bekerja sama dengan Bank I...",298
1172,2015-08-05,2015,2.1,Statistik Ekonomi,Statistik Makroekonomi,Neraca Ekonomi,"Ekonomi Indonesia Triwulan II-2015 Tumbuh 4,67 Persen Sedikit Melambat Dibandingkan Triwulan I-2015","Ekonomi Indonesia Triwulan II-2015 Tumbuh 4,67 Persen Sedikit Melambat Dibandingkan Triwulan I-2015 Perekonomian Indonesia yang diukur berdasarkan besaran Produk Domestik Bruto (PDB) atas dasar harga berlaku triwulan II-2015 mencapai Rp2.866,9 triliun dan atas dasar harga konstan 2010 mencapai Rp...",235
1174,2015-08-03,2015,2.7,Statistik Ekonomi,Harga,Harga-Harga,"Triwulan II-2015 Inflasi Harga Produsen 0,15 Persen","Triwulan II-2015 Inflasi Harga Produsen 0,15 Persen <ul> <li>Indeks Harga Produsen (IHP) triwulan II-2015 naik 0,15 persen terhadap triwulan I-2015 (q-to-q) dan naik 2,16 persen terhadap triwulan II-2014 (y-on-y).</li> <li>IHP Sektor Pertanian triwulan II-2015 turun 1,75 persen terhadap triwulan ...",118
1168,2015-08-03,2015,2.4.1,Statistik Ekonomi,Statistik Sektoral,"Pertanian, Kehutanan, Perikanan","Produksi Cabai Besar 1,075 Juta Ton, Cabai Rawit 0,8 Juta Ton, dan Bawang Merah 1,234 Juta Ton","Produksi Cabai Besar 1,075 Juta Ton, Cabai Rawit 0,8 Juta Ton, dan Bawang Merah 1,234 Juta Ton <ol type=""A""> <li><b>Cabai Besar</b> <ul> <li>Produksi cabai besar segar dengan tangkai tahun 2014 sebesar 1,075 juta ton. Dibandingkan tahun 2013, terjadi kenaikan produksi sebesar 61,73 ribu ton (6,09...",172
1166,2015-08-03,2015,2.4.3,Statistik Ekonomi,Statistik Sektoral,"Pertambangan, Manufaktur, Konstruksi","Pertumbuhan produksi IBS naik sebesar 5,44% dan IMK naik 4,57% pada QII-2015 dari QII-2014","Pertumbuhan produksi IBS naik sebesar 5,44% dan IMK naik 4,57% pada QII-2015 dari QII-2014 - Pertumbuhan produksi industri manufaktur besar dan sedang triwulan II tahun 2015 naik sebesar 5,44 persen (y-on-y) terhadap triwulan II tahun 2014. Kenaikan tersebut terutama disebabkan naiknya produksi i...",318
1165,2015-08-03,2015,2.4.5,Statistik Ekonomi,Statistik Sektoral,Pariwisata,"Wisatawan Mancanegara Juni Mencapai 815,1 Ribu Kunjungan, Turun 4,27 Persen dibanding Juni 2014","Wisatawan Mancanegara Juni Mencapai 815,1 Ribu Kunjungan, Turun 4,27 Persen dibanding Juni 2014 <ul> <li>Jumlah kunjungan wisatawan mancanegara (wisman) ke Indonesia pada Juni 2015 mencapai 815,1 ribu kunjungan atau turun 4,27 persen dibandingkan jumlah kunjungan wisman Juni 2014 yang tercatat se...",208
1164,2015-08-03,2015,2.7,Statistik Ekonomi,Harga,Harga-Harga,"Nilai Tukar Petani (NTP) Juli 2015 Sebesar 100,97 Atau Naik 0,44 Persen","Nilai Tukar Petani (NTP) Juli 2015 Sebesar 100,97 Atau Naik 0,44 Persen NTP nasional Juli 2015 sebesar 100,97 atau naik 0,44 persen dibanding NTP bulan sebelumnya. Kenaikan NTP dikarenakan Indeks Harga yang Diterima Petani (It) naik sebesar 1,12 persen lebih besar dibandingkan kenaikan Indeks Har...",121
1163,2015-08-03,2015,2.7,Statistik Ekonomi,Harga,Harga-Harga,"Juli 2015 harga grosir naik 0,85%","Juli 2015 harga grosir naik 0,85% - Pada Juli 2015 Indeks Harga Perdagangan Besar (IHPB) Umum Nonmigas atau indeks harga grosir/agen naik sebesar 0,85 persen terhadap bulan sebelumnya. Kenaikan IHPB tertinggi terjadi pada Sektor Pertanian sebesar 2,94 persen. - IHPB Bahan Bangunan/Konstruksi pada...",112
1162,2015-08-03,2015,2.7,Statistik Ekonomi,Harga,Harga-Harga,"Juli 2015 terjadi inflasi 0,93 persen","Juli 2015 terjadi inflasi 0,93 persen Pada Juli 2015 terjadi inflasi sebesar 0,93 persen dengan Indeks Harga Konsumen (IHK) sebesar 121,26. Dari 82 kota IHK, tercatat 80 kota mengalami inflasi dan 2 kota mengalami deflasi. Inflasi tertinggi terjadi di Pangkalpinang 3,18 persen dengan IHK 121,65 d...",196
1212,2015-07-15,2015,2.4.6,Statistik Ekonomi,Statistik Sektoral,"Perbankan, Asuransi dan Finansial","Juni 2015 Rupiah Terdepresiasi 0,58 Persen Terhadap Dolar Amerika","Juni 2015 Rupiah Terdepresiasi 0,58 Persen Terhadap Dolar Amerika Rupiah terdepresiasi 0,58 persen terhadap dolar Amerika di Juni 2015. Level terendah rata-rata kurs tengah eceran rupiah terhadap dolar Amerika di 34 provinsi terjadi pada minggu ketiga Juni 2015 yaitu Rp13.306,43 per dolar Amerika...",235
1211,2015-07-15,2015,2.8,Statistik Ekonomi,Biaya Tenaga Kerja,Biaya Tenaga Kerja,"Upah Nominal Harian Buruh Tani Nasional Juni 2015 Naik Sebesar 0,16 Persen","Upah Nominal Harian Buruh Tani Nasional Juni 2015 Naik Sebesar 0,16 Persen Upah nominal harian buruh tani nasional pada Juni 2015 naik sebesar 0,16 persen dibanding upah buruh tani Mei 2015, yaitu dari Rp46.386,00 menjadi Rp46.458,00 per hari. Upah riil mengalami penurunan sebesar 0,66 persen. Up...",76
1210,2015-07-15,2015,2.6,Statistik Ekonomi,Perdagangan Internasional,Perdagangan Internasional dan Neraca Pembayaran,"Ekspor Juni 2015 Mencapai US$13,44 Miliar","Ekspor Juni 2015 Mencapai US$13,44 Miliar Nilai ekspor Indonesia Juni 2015 mencapai US$13,44 miliar atau mengalami peningkatan sebesar 5,91 persen dibanding ekspor Mei 2015. Sementara bila dibanding Juni 2014 mengalami penurunan sebesar 12,78 persen. Ekspor nonmigas Juni 2015 mencapai US$11,98 mi...",434
1157,2015-07-01,2015,2.4.1,Statistik Ekonomi,Statistik Sektoral,"Pertanian, Kehutanan, Perikanan","Produksi padi tahun 2015 diperkirakan naik 6,64%","Produksi padi tahun 2015 diperkirakan naik 6,64% PADI Produksi padi tahun 2014 sebanyak 70,85 juta ton gabah kering giling (GKG) atau mengalami penurunan sebanyak 0,43 juta ton (0,61 persen) dibandingkan tahun 2013 Produksi padi tahun 2015 diperkirakan sebanyak 75,55 juta ton GKG atau mengalami k...",233
1156,2015-07-01,2015,2.4.5,Statistik Ekonomi,Statistik Sektoral,Pariwisata,"Jumlah kunjungan wisatawan mancanegara Mei 2015 mencapai 793,5 ribu, naik 5,47% dari Mei 2014","Jumlah kunjungan wisatawan mancanegara Mei 2015 mencapai 793,5 ribu, naik 5,47% dari Mei 2014 <ul> <li>Jumlah kunjungan wisatawan mancanegara (wisman) ke Indonesia pada Mei 2015 mencapai 793,5 ribu kunjungan atau naik 5,47 persen dibandingkan jumlah kunjungan wisman Mei 2014 yang tercatat sebanya...",208
1155,2015-07-01,2015,2.7,Statistik Ekonomi,Harga,Harga-Harga,"Nilai Tukar Petani (NTP) Juni 2015 Sebesar 100,52 Atau Naik 0,50 Persen","Nilai Tukar Petani (NTP) Juni 2015 Sebesar 100,52 Atau Naik 0,50 Persen NTP nasional Juni 2015 sebesar 100,52 atau naik 0,50 persen dibanding NTP bulan sebelumnya. Kenaikan NTP dikarenakan Indeks Harga yang Diterima Petani (It) naik sebesar 1,15 persen lebih besar dibandingkan kenaikan Indeks Har...",121
1154,2015-07-01,2015,2.7,Statistik Ekonomi,Harga,Harga-Harga,"Juni 2015 harga grosir naik 0,83%","Juni 2015 harga grosir naik 0,83% þ Pada Juni 2015 Indeks Harga Perdagangan Besar (IHPB) Umum Nonmigas atau indeks harga grosir/agen naik sebesar 0,83 persen terhadap bulan sebelumnya. Kenaikan IHPB tertinggi terjadi pada Sektor Pertanian sebesar 4,95 persen. þ IHPB Bahan Bangunan/Konstruksi pada...",108
1153,2015-07-01,2015,2.7,Statistik Ekonomi,Harga,Harga-Harga,"Juni 2015 terjadi inflasi 0,54 persen","Juni 2015 terjadi inflasi 0,54 persen Pada Juni 2015 terjadi inflasi sebesar 0,54 persen dengan Indeks Harga Konsumen (IHK) sebesar 120,14. Dari 82 kota IHK, tercatat 76 kota mengalami inflasi dan 6 kota mengalami deflasi. Inflasi tertinggi terjadi di Sorong 1,90 persen dengan IHK 119,69 dan tere...",199
1160,2015-06-15,2015,2.8,Statistik Ekonomi,Biaya Tenaga Kerja,Biaya Tenaga Kerja,"Upah Nominal Harian Buruh Tani Nasional Mei 2015 Naik Sebesar 0,17 Persen","Upah Nominal Harian Buruh Tani Nasional Mei 2015 Naik Sebesar 0,17 Persen Upah nominal harian buruh tani nasional pada Mei 2015 naik sebesar 0,17 persen dibanding upah buruh tani April 2015, yaitu dari Rp46.306,00 menjadi Rp46.386,00 per hari. Secara riil mengalami penurunan sebesar 0,42 persen U...",77
1152,2015-06-15,2015,2.4.6,Statistik Ekonomi,Statistik Sektoral,"Perbankan, Asuransi dan Finansial","Mei 2015 Rupiah Terdepresiasi 2,06 Persen Terhadap Dolar Amerika","Mei 2015 Rupiah Terdepresiasi 2,06 Persen Terhadap Dolar Amerika <ul> <li>Rupiah terdepresiasi 2,06 persen terhadap dolar Amerika di Mei 2015. Level terendah rata-rata kurs tengah eceran rupiah terhadap dolar Amerika di 34 provinsi terjadi pada minggu keempat Mei 2015 yaitu Rp13.177,66 per dolar ...",237
1150,2015-06-15,2015,2.6,Statistik Ekonomi,Perdagangan Internasional,Perdagangan Internasional dan Neraca Pembayaran,"Ekspor Mei 2015 Mencapai US$12,56 Miliar","Ekspor Mei 2015 Mencapai US$12,56 Miliar Nilai ekspor Indonesia Mei 2015 mencapai US$12,56 miliar atau mengalami penurunan sebesar 4,11 persen dibanding ekspor April 2015. Demikian juga bila dibanding Mei 2014 mengalami penurunan sebesar 15,24 persen. Ekspor nonmigas Mei 2015 mencapai US$11,19 mi...",443
1149,2015-06-01,2015,2.4.5,Statistik Ekonomi,Statistik Sektoral,Pariwisata,"Jumlah kunjungan wisatawan mancanegara April 2015 mencapai 749,9 ribu, naik 3,24% dari April 2014","Jumlah kunjungan wisatawan mancanegara April 2015 mencapai 749,9 ribu, naik 3,24% dari April 2014 <ul><li>Jumlah kunjungan wisatawan mancanegara (wisman) ke Indonesia pada April 2015 mencapai 749,9 ribu kunjungan atau naik 3,24 persen dibandingkan jumlah kunjungan wisman April 2014 yang tercatat ...",209
1148,2015-06-01,2015,2.7,Statistik Ekonomi,Harga,Harga-Harga,"NTP nasional Mei 2015 sebesar 100,02 atau turun 0,12 persen dibanding NTP April 2015","NTP nasional Mei 2015 sebesar 100,02 atau turun 0,12 persen dibanding NTP April 2015 <ul> <li>NTP nasional Mei 2015 sebesar 100,02 atau turun 0,12 persen dibanding NTP bulan sebelumnya. Penurunan NTP dikarenakan Indeks Harga yang Diterima Petani (It) naik sebesar 0,35 persen lebih kecil dibanding...",129
1147,2015-06-01,2015,2.7,Statistik Ekonomi,Harga,Harga-Harga,"Mei 2015 Harga Grosir Naik 1,47%","Mei 2015 Harga Grosir Naik 1,47% Pada Mei 2015 Indeks Harga Perdagangan Besar (IHPB) Umum Nonmigasatau indeks harga grosir/agen naik sebesar 1,47 persen terhadap bulan sebelumnya. Kenaikan IHPB tertinggi terjadi pada Sektor Pertanian sebesar 7,35 persen. IHPB Bahan Bangunan/Konstruksi pada Mei 20...",110
1146,2015-06-01,2015,2.7,Statistik Ekonomi,Harga,Harga-Harga,"Mei terjadi inflasi sebesar 0,50 persen","Mei terjadi inflasi sebesar 0,50 persen <ul><li>Pada Mei terjadi inflasi sebesar 0,50 persen dengan Indeks Harga Konsumen (IHK) sebesar 119,50. Dari 82 kota IHK, tercatat 81 kota mengalami inflasi dan 1 kota mengalami deflasi. Inflasi tertinggi terjadi di Palu 2,24 persen dengan IHK 120,42 dan te...",188
1142,2015-05-15,2015,2.4.6,Statistik Ekonomi,Statistik Sektoral,"Perbankan, Asuransi dan Finansial","April 2015 Rupiah Terapresiasi 0,23 Persen Terhadap Dolar Amerika","April 2015 Rupiah Terapresiasi 0,23 Persen Terhadap Dolar Amerika Rupiah mencatat apresiasi 0,23 persen terhadap dolar Amerika di April 2015. Rupiah terdepresiasi 1,72 persen terhadap dolar Australia di April 2015. Rupiah terdepresiasi 0,33 persen terhadap yen Jepang di April 2015. Rupiah terdepr...",49
1141,2015-05-15,2015,2.8,Statistik Ekonomi,Biaya Tenaga Kerja,Biaya Tenaga Kerja,"Upah Nominal Harian Buruh Tani Nasional April 2015 Naik Sebesar 0,27 Persen","Upah Nominal Harian Buruh Tani Nasional April 2015 Naik Sebesar 0,27 Persen Upah nominal harian buruh tani nasional pada April 2015 naik sebesar 0,27persen dibanding upah buruh tani Maret 2015, yaitu dari Rp46.180,00 menjadiRp46.306,00 per hari. Secara riil mengalami kenaikan sebesar 0,06 persen ...",74
1140,2015-05-15,2015,2.6,Statistik Ekonomi,Perdagangan Internasional,Perdagangan Internasional dan Neraca Pembayaran,"Ekspor April 2015 Mencapai US$13,08 Miliar","Ekspor April 2015 Mencapai US$13,08 Miliar Nilai ekspor Indonesia April 2015 mencapai US$13,08 miliar atau mengalami penurunan sebesar 4,04 persen dibanding ekspor Maret 2015. Demikian juga bila dibanding April 2014 mengalami penurunan sebesar 8,46 persen. Ekspor nonmigas April 2015 mencapai US$1...",437
1144,2015-05-05,2015,2.3,Statistik Ekonomi,Statistik Bisnis,Statistik Bisnis,Indeks Tendensi Bisnis dan Indeks Tendensi Konsumen Triwulan I-2015,"Indeks Tendensi Bisnis dan Indeks Tendensi Konsumen Triwulan I-2015 Indeks Tendensi Bisnis (ITB) pada triwulan I-2015 sebesar 96,30 berarti kondisi bisnis menurun dari triwulan sebelumnya. Pelaku bisnis lebih pesimis jika dibandingkan dengan triwulan IV-2014 (nilai ITB sebesar 104,07). Penurunan ...",118
1143,2015-05-05,2015,2.1,Statistik Ekonomi,Statistik Makroekonomi,Neraca Ekonomi,"Pertumbuhan Ekonomi Indonesia Triwulan I 2015 tumbuh 4,71 Persen","Pertumbuhan Ekonomi Indonesia Triwulan I 2015 tumbuh 4,71 Persen Perekonomian Indonesia yang diukur berdasarkan besaran Produk Domestik Bruto (PDB) atas dasar harga berlaku triwulan I-2015 mencapai Rp2.724,7 triliun dan atas dasar harga konstan 2010 mencapai Rp2.157,5 triliun. Ekonomi Indonesia t...",182
1139,2015-05-05,2015,1.2,Statistik Demografi dan Sosial,Ketenagakerjaan,Tenaga Kerja,"Februari 2015, Tingkat Pengangguran Terbuka (TPT) sebesar 5,81 Persen","Februari 2015, Tingkat Pengangguran Terbuka (TPT) sebesar 5,81 Persen Angkatan kerja Indonesia pada Februari 2015 sebanyak 128,3 juta orang, bertambah sebanyak 6,4 juta orang dibanding Agustus 2014 atau bertambah sebanyak 3,0 juta orang dibanding Februari 2014. Penduduk bekerja pada Februari 2015...",189
1145,2015-05-04,2015,2.7,Statistik Ekonomi,Harga,Harga-Harga,"Triwulan I-2015 Inflasi Harga Produsen 1,09 Persen","Triwulan I-2015 Inflasi Harga Produsen 1,09 Persen <ul> <li> Indeks Harga Produsen (IHP) triwulan I-2015 naik 1,09 persen terhadap triwulan IV-2014 (q-to-q) dan naik 2,41 persen terhadap triwulan I-2014 (y-on-y).</li> <li> IHP Sektor Pertanian triwulan I-2015 naik 1,89 persen terhadap triwulan IV...",124
1137,2015-05-04,2015,2.4.3,Statistik Ekonomi,Statistik Sektoral,"Pertambangan, Manufaktur, Konstruksi","Pertumbuhan Produksi IBS Naik Sebesar 5,05% dan IMK Naik 5,65% pada QI-2015 dari QI-2014","Pertumbuhan Produksi IBS Naik Sebesar 5,05% dan IMK Naik 5,65% pada QI-2015 dari QI-2014 Pertumbuhan produksi industri manufaktur besar dan sedang triwulan I-2015 naik sebesar 5,05 persen (y-on-y) terhadap triwulan I-2014. Kenaikan tersebut terutama disebabkan naiknya produksi industri barang log...",322
1136,2015-05-04,2015,2.4.5,Statistik Ekonomi,Statistik Sektoral,Pariwisata,"Jumlah kunjungan wisatawan mancanegara Maret 2015 mencapai 789,6 ribu, naik 3,13% dari Maret 2014","Jumlah kunjungan wisatawan mancanegara Maret 2015 mencapai 789,6 ribu, naik 3,13% dari Maret 2014 <ul> <li>Jumlah kunjungan wisatawan mancanegara (wisman) ke Indonesia pada Maret 2015 mencapai 789,6 ribu kunjungan atau naik 3,13 persen dibandingkan jumlah kunjungan wisman Maret 2014 yang tercatat...",206
1135,2015-05-04,2015,2.7,Statistik Ekonomi,Harga,Harga-Harga,"NTP nasional April 2015 sebesar 100,14 atau turun 1,37 persen dibanding Maret 2015","NTP nasional April 2015 sebesar 100,14 atau turun 1,37 persen dibanding Maret 2015 <ul> <li>NTP nasional April 2015 sebesar 100,14 atau turun 1,37 persen dibanding NTP bulan sebelumnya. Penurunan NTP dikarenakan Indeks Harga yang Diterima Petani (It) turun sebesar 1,07 persen, sedangkan Indeks Ha...",131
1134,2015-05-04,2015,2.7,Statistik Ekonomi,Harga,Harga-Harga,"April 2015 Harga Grosir Naik 0,17%","April 2015 Harga Grosir Naik 0,17% Pada April 2015 Indeks Harga Perdagangan Besar (IHPB) Umum Nonmigas atau indeks harga grosir/agen naik sebesar 0,17 persen terhadap bulan sebelumnya. Kenaikan IHPB tertinggi terjadi pada Sektor Pertanian sebesar 1,43 persen. IHPB Bahan Bangunan/Konstruksi pada A...",105
1133,2015-05-04,2015,2.7,Statistik Ekonomi,Harga,Harga-Harga,"April 2015 terjadi inflasi 0,36 persen","April 2015 terjadi inflasi 0,36 persen Pada April terjadi inflasi sebesar 0,36 persen dengan Indeks Harga Konsumen (IHK) sebesar 118,91. Dari 82 kota IHK, tercatat 72 kota mengalami inflasi dan 10 kota mengalami deflasi. Inflasi tertinggi terjadi di Tual 1,31 persen dengan IHK 132,54 dan terendah...",213
1132,2015-04-15,2015,2.4.6,Statistik Ekonomi,Statistik Sektoral,"Perbankan, Asuransi dan Finansial","Maret 2015 Rupiah Terdepresiasi 0,76 Persen Terhadap Dolar Amerika","Maret 2015 Rupiah Terdepresiasi 0,76 Persen Terhadap Dolar Amerika Rupiah terdepresiasi 0,76 persen terhadap dolar Amerika di Maret 2015. Rupiah terdepresiasi 0,35 persen terhadap dolar Australia di Maret 2015. Rupiah terdepresiasi 0,18 persen terhadap yen Jepang di Maret 2015. Rupiah terapresias...",48
1131,2015-04-15,2015,2.8,Statistik Ekonomi,Biaya Tenaga Kerja,Biaya Tenaga Kerja,"Upah Nominal Harian Buruh Tani Nasional Maret 2015 Naik Sebesar 0,26 Persen","Upah Nominal Harian Buruh Tani Nasional Maret 2015 Naik Sebesar 0,26 Persen Upah nominal harian buruh tani nasional pada Maret 2015 naik sebesar 0,26 persen dibanding upah buruh tani Februari 2015, yaitu dari Rp46.059,00 menjadi Rp46.180,00 per hari. Secara riil mengalami penurunan sebesar 0,21 p...",106
1130,2015-04-15,2015,2.6,Statistik Ekonomi,Perdagangan Internasional,Perdagangan Internasional dan Neraca Pembayaran,"Ekspor Maret 2015 Mencapai US$13,71 Miliar","Ekspor Maret 2015 Mencapai US$13,71 Miliar Nilai ekspor Indonesia Maret 2015 mencapai US$13,71 miliar atau mengalami peningkatan sebesar 12,63 persen dibanding ekspor Februari 2015. Sementara bila dibanding Maret 2014 mengalami penurunan sebesar 9,75 persen. Ekspor nonmigas Maret 2015 mencapai US...",462
1129,2015-04-01,2015,2.4.5,Statistik Ekonomi,Statistik Sektoral,Pariwisata,Perkembangan Pariwisata Dan Transportasi Nasional Februari 2015,"Perkembangan Pariwisata Dan Transportasi Nasional Februari 2015 Jumlah kunjungan wisatawan mancanegara (wisman) ke Indonesia pada Februari 2015 mencapai 786,7 ribu kunjungan atau naik 11,95 persen dibandingkan jumlah kunjungan wisman Februari 2014, yang tercatat sebanyak 702,7 ribu kunjungan. Dem...",197
1128,2015-04-01,2015,2.7,Statistik Ekonomi,Harga,Harga-Harga,"Nilai Tukar Petani (NTP) Maret 2015 Sebesar 101,53 Atau Turun 0,64 Persen","Nilai Tukar Petani (NTP) Maret 2015 Sebesar 101,53 Atau Turun 0,64 Persen NTP nasional Maret 2015 sebesar 101,53 atau turun 0,64 persen dibanding NTP bulan sebelumnya. Penurunan NTP dikarenakan Indeks Harga yang Diterima Petani (It) turun sebesar 0,23 persen, sedangkan Indeks Harga yang Dibayar P...",121
1127,2015-04-01,2015,2.7,Statistik Ekonomi,Harga,Harga-Harga,"Maret 2015 Harga Grosir Naik 0,88%","Maret 2015 Harga Grosir Naik 0,88% þ Pada Maret 2015 Indeks Harga Perdagangan Besar (IHPB) Umum Nonmigas atau indeks harga grosir/agen naik sebesar 0,88 persen terhadap bulan sebelumnya. Kenaikan IHPB tertinggi terjadi pada Kelompok Barang Ekspor Nonmigas sebesar 1,16 persen. þ IHPB Bahan Banguna...",112
1126,2015-04-01,2015,2.7,Statistik Ekonomi,Harga,Harga-Harga,"Maret 2015 terjadi inflasi 0,17 persen","Maret 2015 terjadi inflasi 0,17 persen Pada Maret terjadi inflasi sebesar 0,17 persen dengan Indeks Harga Konsumen (IHK) sebesar 118,48. Dari 82 kota IHK, tercatat 54 kota mengalami inflasi dan 28 kota mengalami deflasi. Inflasi tertinggi terjadi di Manokwari 0,84 persen dengan IHK 113,44 dan ter...",224
1125,2015-03-16,2015,2.4.6,Statistik Ekonomi,Statistik Sektoral,"Perbankan, Asuransi dan Finansial","Februari 2015 Rupiah Terdepresiasi 2,95 Persen terhadap Dolar Amerika","Februari 2015 Rupiah Terdepresiasi 2,95 Persen terhadap Dolar Amerika Rupiah terdepresiasi 2,95 persen terhadap dolar Amerika di Februari 2015. Rupiah terdepresiasi 1,13 persen terhadap dolar Australia di Februari 2015. Rupiah terdepresiasi 2,25 persen terhadap yen Jepang di Februari 2015. Rupiah...",48
1124,2015-03-16,2015,2.8,Statistik Ekonomi,Biaya Tenaga Kerja,Biaya Tenaga Kerja,"Upah Nominal Harian Buruh Tani Nasional Februari 2015 Naik Sebesar 0,46 Persen","Upah Nominal Harian Buruh Tani Nasional Februari 2015 Naik Sebesar 0,46 Persen Upah nominal harian buruh tani nasional pada Februari 2015 naik sebesar 0,46persen dibanding upah buruh tani Januari 2015, yaitu dari Rp45.846,00 menjadiRp46.059,00 per hari. Secara riil mengalami kenaikan sebesar 1,21...",74
1123,2015-03-16,2015,2.6,Statistik Ekonomi,Perdagangan Internasional,Perdagangan Internasional dan Neraca Pembayaran,"Ekspor Februari 2015 Mencapai US$12,29 Miliar","Ekspor Februari 2015 Mencapai US$12,29 Miliar Nilai ekspor Indonesia Februari 2015 mencapai US$12,29 miliar atau mengalami penurunan sebesar 7,99 persen dibanding ekspor Januari 2015. Demikian juga bila dibanding Februari 2014 mengalami penurunan sebesar 16,02 persen. Ekspor nonmigas Februari 201...",404
1122,2015-03-02,2015,2.4.1,Statistik Ekonomi,Statistik Sektoral,"Pertanian, Kehutanan, Perikanan","Produksi Padi Tahun 2014 (Angka Sementara) Diperkirakan Turun 0,63 Persen","Produksi Padi Tahun 2014 (Angka Sementara) Diperkirakan Turun 0,63 Persen PADI Produksi padi tahun 2014 (ASEM) sebanyak 70,83 juta ton gabah kering giling (GKG) atau mengalami penurunan sebesar 0,45 juta ton (0,63 persen) dibandingkan tahun 2013. Penurunan produksi padi tahun 2014 terjadi di Pula...",271
1121,2015-03-02,2015,2.4.5,Statistik Ekonomi,Statistik Sektoral,Pariwisata,"Pada Januari 2015 Jumlah Kunjungan Wisatawan Mancanegara Turun 3,99 Persen dan Jumlah Penumpang Angkutan Udara Domestik Turun 14,99 Persen","Pada Januari 2015 Jumlah Kunjungan Wisatawan Mancanegara Turun 3,99 Persen dan Jumlah Penumpang Angkutan Udara Domestik Turun 14,99 Persen <ul> <li>Jumlah kunjungan wisatawan mancanegara (wisman) ke Indonesia pada Januari 2015 mencapai 723,0 ribu kunjungan atau turun 3,99 persen dibandingkan juml...",284
1120,2015-03-02,2015,2.7,Statistik Ekonomi,Harga,Harga-Harga,"Nilai Tukar Petani (NTP) Februari 2015 Sebesar 102,19 Atau Naik 0,33 Persen","Nilai Tukar Petani (NTP) Februari 2015 Sebesar 102,19 Atau Naik 0,33 Persen NTP nasional Februari 2015 sebesar 102,19 atau naik 0,33 persen dibanding NTP bulan sebelumnya. Kenaikan NTP dikarenakan penurunan Indeks Harga yang Diterima Petani (It) sebesar 0,23 persen lebih kecil dibandingkan penuru...",127
1119,2015-03-02,2015,2.7,Statistik Ekonomi,Harga,Harga-Harga,"Februari 2015 Harga Grosir 0,84%","Februari 2015 Harga Grosir 0,84% Pada Februari 2015 Indeks Harga Perdagangan Besar (IHPB) Umum Nonmigas atau indeks harga grosir/agen turun sebesar 0,84 persen terhadap bulan sebelumnya. Penurunan IHPB terendah terjadi pada Sektor Pertanian sebesar 4,05 persen. IHPB Bahan Bangunan/Konstruksi pada...",104
1118,2015-03-02,2015,2.7,Statistik Ekonomi,Harga,Harga-Harga,"Februari 2015 terjadi deflasi 0,36 persen","Februari 2015 terjadi deflasi 0,36 persen Pada Februari terjadi deflasi sebesar 0,36 persen dengan Indeks Harga Konsumen (IHK) sebesar 118,28. Dari 82 kota IHK, tercatat 70 kota mengalami deflasi dan 12 kota mengalami inflasi. Deflasi tertinggi terjadi di Bukittinggi 2,35 persen dengan IHK 114,99...",209
1217,2015-02-16,2015,2.6,Statistik Ekonomi,Perdagangan Internasional,Perdagangan Internasional dan Neraca Pembayaran,"Ekspor Januari 2015 Mencapai US$13,30 Miliar","Ekspor Januari 2015 Mencapai US$13,30 Miliar Nilai ekspor Indonesia Januari 2015 mencapai US$13,30 miliar atau mengalami penurunan sebesar 9,03 persen dibanding ekspor Desember 2014. Sementara bila dibanding Januari 2014 mengalami penurunan sebesar 8,09 persen. Ekspor nonmigas Januari 2015 mencap...",335
1216,2015-02-16,2015,3.3.5,Statistik Lingkungan Hidup dan Multi-domain,Statistik Multi-domain,Pembangunan Berkelanjutan,Tipologi Wilayah Hasil Pendataan Potensi Desa (Podes) 2014,"Tipologi Wilayah Hasil Pendataan Potensi Desa (Podes) 2014 Nilai ekspor Indonesia Januari 2015 mencapai US$13,30 miliar atau mengalami penurunan sebesar 9,03 persen dibanding ekspor Desember 2014. Sementara bila dibanding Januari 2014 mengalami penurunan sebesar 8,09 persen. Pendataan Potensi Des...",284
1113,2015-02-16,2015,2.4.6,Statistik Ekonomi,Statistik Sektoral,"Perbankan, Asuransi dan Finansial",Perkembangan Nilai Tukar Eceran Rupiah Januari 2015,"Perkembangan Nilai Tukar Eceran Rupiah Januari 2015 Rata-rata kurs tengah eceran rupiah terhadap dolar Amerika di 15 provinsi, tertinggi terjadi pada minggu pertama Januari 2015 yaitu Rp12.644,66 per dolar Amerika. Sedangkan menurut provinsi, kurs tengah tertinggi terjadi di Provinsi Papua sebesa...",177
1112,2015-02-16,2015,2.8,Statistik Ekonomi,Biaya Tenaga Kerja,Biaya Tenaga Kerja,"Upah Nominal Harian Buruh Tani Nasional Januari 2015 Naik Sebesar 0,78 Persen","Upah Nominal Harian Buruh Tani Nasional Januari 2015 Naik Sebesar 0,78 Persen Upah nominal harian buruh tani nasional pada Januari 2015 naik sebesar 0,78 persen dibanding upah buruh tani Desember 2014, yaitu dari Rp45.491,00 menjadi Rp45.846,00 per hari. Secara riil mengalami kenaikan sebesar 0,8...",76
1117,2015-02-05,2015,3.3.1,Statistik Lingkungan Hidup dan Multi-domain,Statistik Multi-domain,"Kondisi Tempat Tinggal, Kemiskinan, dan Permasalahan Sosial Lintas Sektor","Indeks Kebahagiaan Indonesia 2014 Sebesar 68,28 pada Skala 0-100","Indeks Kebahagiaan Indonesia 2014 Sebesar 68,28 pada Skala 0-100 Indeks Kebahagiaan Indonesia tahun 2014 sebesar 68,28 pada skala 0–100.Indeks kebahagiaan merupakan rata-rata dari angka indeks yang dimiliki oleh setiap individu di Indonesia pada tahun 2014. Semakin tinggi nilai indeks menunjukkan...",119
1116,2015-02-05,2015,2.7,Statistik Ekonomi,Harga,Harga-Harga,"Triwulan IV-2014 Inflasi Harga Produsen 0,53%","Triwulan IV-2014 Inflasi Harga Produsen 0,53% Indeks Harga Produsen (IHP) triwulan IV-2014 naik 0,53 persen terhadap triwulan III-2014 (q-to-q) dan naik 3,18 persen terhadap triwulan IV-2013 (y-on-y). IHP Sektor Pertanian triwulan IV-2014 naik 3,06 persen terhadap triwulan III-2014 (q-to-q), begi...",92
1114,2015-02-05,2015,2.1,Statistik Ekonomi,Statistik Makroekonomi,Neraca Ekonomi,"Pertumbuhan Ekonomi Indonesia Tahun 2014 tumbuh 5,02 Persen, melambat sejak lima tahun terakhir","Pertumbuhan Ekonomi Indonesia Tahun 2014 tumbuh 5,02 Persen, melambat sejak lima tahun terakhir Perekonomian Indonesia tahun 2014 yang diukur berdasarkan Produk Domestik Bruto (PDB) atas dasar harga berlaku mencapai Rp 10 542,7 triliun dan PDB perkapita mencapai Rp41,8 juta atau US$3,531.5. Ekono...",178
1110,2015-02-05,2015,2.3,Statistik Ekonomi,Statistik Bisnis,Statistik Bisnis,"Indeks Tendensi Bisnis (ITB) pada triwulan IV-2014 sebesar 104,07","Indeks Tendensi Bisnis (ITB) pada triwulan IV-2014 sebesar 104,07 <br>Indeks Tendensi Bisnis (ITB) pada triwulan IV-2014 sebesar 104,07 berarti kondisi bisnis meningkat dari triwulan sebelumnya. Tingkat optimisme pelaku bisnis lebih rendah jika dibandingkan dengan triwulan III-2014 (nilai ITB seb...",373
1108,2015-02-02,2015,2.7,Statistik Ekonomi,Harga,Harga-Harga,"Januari 2015 Harga Grosir Naik 0,48%","Januari 2015 Harga Grosir Naik 0,48% Pada Januari 2015 Indeks Harga Perdagangan Besar (IHPB) Umum Nonmigas atau indeks harga grosir/agen naik sebesar 0,48 persen terhadap bulan sebelumnya. Kenaikan IHPB tertinggi terjadi pada Kelompok Barang Ekspor Nonmigas sebesar 2,07 persen. IHPB Bahan Banguna...",110
1106,2015-02-02,2015,2.4.3,Statistik Ekonomi,Statistik Sektoral,"Pertambangan, Manufaktur, Konstruksi","Pertumbuhan Produksi IBS Naik Sebesar 5,44% dan IMK Naik 6,02% pada QIV-2014 dari QIV-2013","Pertumbuhan Produksi IBS Naik Sebesar 5,44% dan IMK Naik 6,02% pada QIV-2014 dari QIV-2013 Pertumbuhan produksi industri manufaktur besar dan sedang 2014 (y-on-y) tahunan naik 4,74 persen dibanding tahun 2013. Kenaikan tersebut terutama disebabkan naiknya produksi industri makanan naik 10,56 pers...",154
1105,2015-02-02,2015,2.7,Statistik Ekonomi,Harga,Harga-Harga,"Nilai Tukar Petani (NTP) Januari 2015 Sebesar 101,86 Atau Naik 0,53 Persen","Nilai Tukar Petani (NTP) Januari 2015 Sebesar 101,86 Atau Naik 0,53 Persen NTP nasional Januari2015 sebesar 101,86 atau naik 0,53 persen dibanding NTP bulan sebelumnya. Kenaikan NTP dikarenakan Indeks Harga yang Diterima Petani (It) naik 0,46 persen, sedangkan Indeks Harga yang Dibayar Petani (Ib...",120
1104,2015-02-02,2015,2.4.5,Statistik Ekonomi,Statistik Sektoral,Pariwisata,"Jumlah Kunjungan Wisatawan Mancanegara Selama Tahun 2014 Mencapai 9,44 Juta Kunjungan, Naik 7,19 Persen Dibanding Kunjungan Selama Tahun 2013","Jumlah Kunjungan Wisatawan Mancanegara Selama Tahun 2014 Mencapai 9,44 Juta Kunjungan, Naik 7,19 Persen Dibanding Kunjungan Selama Tahun 2013 Jumlah Kunjungan Wisatawan Mancanegara Selama Tahun 2014 Mencapai 9,44 Juta Kunjungan, Naik 7,19 Persen Dibanding Kunjungan Selama Tahun 2013 <ul> <li>Juml...",230
1103,2015-02-02,2015,2.6,Statistik Ekonomi,Perdagangan Internasional,Perdagangan Internasional dan Neraca Pembayaran,"Desember 2014, Ekspor meningkat 7,38 Persen dan Impor meningkat 2,80 Persen","Desember 2014, Ekspor meningkat 7,38 Persen dan Impor meningkat 2,80 Persen Nilai ekspor Indonesia Desember 2014 mencapai US$14,62 miliar atau mengalami peningkatan sebesar 7,38 persen dibanding ekspor December 2014. Sementara bila dibanding Desember 2013 mengalami penurunan sebesar 13,83 persen....",408
1102,2015-02-02,2015,2.7,Statistik Ekonomi,Harga,Harga-Harga,"Januari 2015 terjadi deflasi 0,24 persen","Januari 2015 terjadi deflasi 0,24 persen Pada Januari terjadi deflasi sebesar 0,24 persen dengan Indeks Harga Konsumen (IHK) sebesar 118,71. Dari 82 kota IHK, tercatat 51 kota mengalami deflasi dan 31 kota mengalami inflasi. Deflasi tertinggi terjadi di Padang 1,98 persen dengan IHK 123,54 dan te...",212
1109,2015-01-02,2015,1.5,Statistik Demografi dan Sosial,Pendapatan dan Konsumsi,Konsumsi dan Pendapatan,"Marjin Perdagangan Minyak Goreng 3,86 Persen, Terigu 5,92 Persen, Garam 23,74 Persen, Dan Susu Bubuk 13,02 Persen","Marjin Perdagangan Minyak Goreng 3,86 Persen, Terigu 5,92 Persen, Garam 23,74 Persen, Dan Susu Bubuk 13,02 Persen A. Pola Distribusi Perdagangan 2014 <ul><li>Distribusi perdagangan minyak goreng, terigu, garam, dan susu bubuk dari produsen sampai ke konsumen akhir melibatkan dua hingga delapan fu...",251
1101,2015-01-02,2015,2.7,Statistik Ekonomi,Harga,Harga-Harga,"Triwulan III-2014 Inflasi harga Produsen 0,38 Persen","Triwulan III-2014 Inflasi harga Produsen 0,38 Persen Indeks Harga Produsen (IHP) triwulan III-2014 naik 0,38 persen terhadap triwulan II-2014 (q-to-q) dan naik 4,85 persen terhadap triwulan III-2013 (y-on-y)",28
1100,2015-01-02,2015,1.10,Statistik Demografi dan Sosial,Aktivitas Politik dan Komunitas,Aktivitas Politik dan Komunitas Lainnya,"Indeks Perilaku Anti Korupsi (IPAK) Indonesia 2014 Sebesar 3,61 pada Skala 0 sampai 5","Indeks Perilaku Anti Korupsi (IPAK) Indonesia 2014 Sebesar 3,61 pada Skala 0 sampai 5 Indeks Perilaku Anti Korupsi (IPAK) Indonesia 2014 sebesar 3,61 dalam skala 0 sampai 5. Angka ini sedikit lebih rendah dibandingkan capaian 2013 (3,63) namun masih lebih tinggi dibandingkan capaian 2012 (3,55).<...",45
1099,2015-01-02,2015,3.3.1,Statistik Lingkungan Hidup dan Multi-domain,Statistik Multi-domain,"Kondisi Tempat Tinggal, Kemiskinan, dan Permasalahan Sosial Lintas Sektor","Jumlah Penduduk Miskin September 2014 Mencapai 27,73 Juta Orang","Jumlah Penduduk Miskin September 2014 Mencapai 27,73 Juta Orang Pada September 2014, jumlah penduduk miskin (penduduk dengan pengeluaran per kapita per bulan di bawah Garis Kemiskinan) di Indonesia mencapai 27,73 juta orang (10,96 persen), berkurang sebesar 0,55 juta orang dibandingkan dengan pen...",73
1098,2015-01-02,2015,2.7,Statistik Ekonomi,Harga,Harga-Harga,"Desember 2014 Harga Grosir Naik 2,46 Persen","Desember 2014 Harga Grosir Naik 2,46 Persen Pada Desember 2014 Indeks Harga Perdagangan Besar (IHPB) Umum Nonmigas atau indeks harga grosir/agen naik sebesar 2,46 persen terhadap bulan sebelumnya. Kenaikan IHPB tertinggi terjadi pada Sektor Pertanian sebesar 7,73 persen.",38
1097,2015-01-02,2015,2.7,Statistik Ekonomi,Harga,Harga-Harga,"Nilai Tukar Petani (NTP) Desember 2014 Sebesar 101,32 Atau Turun 1,03 Persen","Nilai Tukar Petani (NTP) Desember 2014 Sebesar 101,32 Atau Turun 1,03 Persen Nilai Tukar Petani (NTP) Desember 2014 Sebesar 101,32 Atau Turun 1,03 Persen NTP nasional Desember 2014 sebesar 101,32 atau turun 1,03 persen dibanding NTP bulan sebelumnya. Penurunan NTP dikarenakan Indeks Harga yang Di...",132
1096,2015-01-02,2015,2.4.5,Statistik Ekonomi,Statistik Sektoral,Pariwisata,"Jumlah Kunjungan Wisatawan Mancanegara November 2014 Mencapai 764,5 Ribu Kunjungan, Turun 5,32 Persen Dibanding November 2013","Jumlah Kunjungan Wisatawan Mancanegara November 2014 Mencapai 764,5 Ribu Kunjungan, Turun 5,32 Persen Dibanding November 2013 Jumlah Kunjungan Wisatawan Mancanegara November 2014 Mencapai 764,5 Ribu Kunjungan, Turun 5,32 Persen Dibanding November 2013 Jumlah kunjungan wisatawan mancanegara (wisma...",225
1095,2015-01-02,2015,2.6,Statistik Ekonomi,Perdagangan Internasional,Perdagangan Internasional dan Neraca Pembayaran,"November 2014, Ekspor menurun 11,29 Persen dan Impor menurun 8,39 Perse","November 2014, Ekspor menurun 11,29 Persen dan Impor menurun 8,39 Perse "" Nilai ekspor Indonesia November 2014 mencapai US$13,62 miliar atau mengalami penurunan sebesar 11,29 persen dibanding ekspor Oktober 2014. Demikian juga bila dibanding November 2013 mengalami penurunan sebesar 14,57 persen....",446
1094,2015-01-02,2015,2.7,Statistik Ekonomi,Harga,Harga-Harga,"Inflasi Desember 2014 Sebesar 2,46 Persen","Inflasi Desember 2014 Sebesar 2,46 Persen Pada Desember 2014 terjadi inflasi sebesar 2,46 persen dengan Indeks Harga Konsumen (IHK) sebesar 119,00. Dari 82 kota IHK, tercatat seluruhnya mengalami inflasi. Inflasi tertinggi terjadi di Merauke 4,53 persen dengan IHK 123,90 dan terendah terjadi di M...",169
1026,2015-01-02,2015,3.3.1,Statistik Lingkungan Hidup dan Multi-domain,Statistik Multi-domain,"Kondisi Tempat Tinggal, Kemiskinan, dan Permasalahan Sosial Lintas Sektor","Jumlah Penduduk Miskin September 2014 Mencapai 27,73 Juta Orang","Jumlah Penduduk Miskin September 2014 Mencapai 27,73 Juta Orang Pada September 2014, jumlah penduduk miskin (penduduk dengan pengeluaran per kapita per bulan di bawah Garis Kemiskinan) di Indonesia mencapai 27,73 juta orang (10,96 persen), berkurang sebesar 0,55 juta orang dibandingkan dengan pen...",73
1283,2016-12-15,2016,2.9,Statistik Ekonomi,IPTEK dan Inovasi,"Ilmu Pengetahuan, Teknologi, dan Inovasi","Indeks Pembangunan Teknologi Informasi dan Komunikasi (IP-TIK) Indonesia tahun 2015 sebesar 4,83 pada skala 0 - 10","Indeks Pembangunan Teknologi Informasi dan Komunikasi (IP-TIK) Indonesia tahun 2015 sebesar 4,83 pada skala 0 - 10 Indeks Pembangunan Teknologi Informasi dan Komunikasi (IP-TIK) merupakan suatu ukuran standar yang dapat menggambarkan tingkat pembangunan teknologi informasi dan komunikasi suatu wi...",138
1282,2016-12-15,2016,1.5,Statistik Demografi dan Sosial,Pendapatan dan Konsumsi,Konsumsi dan Pendapatan,Perdagangan Komoditas Strategis 2016,"Perdagangan Komoditas Strategis 2016 A. Pola Distribusi Perdagangan Distribusi perdagangan beras, minyak goreng, gula pasir, dan telur ayam ras dari produsen sampai ke konsumen akhir melibatkan dua hingga delapan fungsi kelembagaan usaha perdagangan. Pola utama distribusi perdagangan di Indonesia...",300
1225,2016-12-15,2016,2.4.6,Statistik Ekonomi,Statistik Sektoral,"Perbankan, Asuransi dan Finansial","November 2016, Rupiah Terdepresiasi 3,90 Persen Terhadap Dolar Amerika","November 2016, Rupiah Terdepresiasi 3,90 Persen Terhadap Dolar Amerika Rupiah terdepresiasi 3,90 persen terhadap dolar Amerika pada November 2016. Level terendah rata-rata nasional kurs tengah eceran rupiah terhadap dolar Amerika terjadi pada minggu kelima November 2016 yang mencapai Rp13.500,32 ...",228
1089,2016-12-15,2016,2.8,Statistik Ekonomi,Biaya Tenaga Kerja,Biaya Tenaga Kerja,"Upah Nominal Harian Buruh Tani Nasional November 2016 Naik Sebesar 0,31 Persen","Upah Nominal Harian Buruh Tani Nasional November 2016 Naik Sebesar 0,31 Persen Upah nominal harian buruh tani nasional pada November 2016 naik sebesar 0,31 persen dibanding upah buruh tani Oktober 2016, yaitu dari Rp48.368,00 menjadi Rp48.517,00 per hari. Upah riil mengalami penurunan sebesar 0,5...",77
1077,2016-12-15,2016,2.6,Statistik Ekonomi,Perdagangan Internasional,Perdagangan Internasional dan Neraca Pembayaran,"Ekspor Indonesia November 2016 mencapai US$13,50 miliar dan impor November 2016 mencapai US$12,66 miliar","Ekspor Indonesia November 2016 mencapai US$13,50 miliar dan impor November 2016 mencapai US$12,66 miliar EKSPOR Nilai ekspor Indonesia November 2016 mencapai US$13,50 miliar atau meningkat 5,91 persen dibanding ekspor Oktober 2016. Demikian juga dibanding November 2015 meningkat 21,34 persen. Eks...",449
1250,2016-12-01,2016,2.7,Statistik Ekonomi,Harga,Harga-Harga,"Nilai Tukar Petani (NTP) November 2016 Sebesar 101,31 Atau Turun 0,40 Persen","Nilai Tukar Petani (NTP) November 2016 Sebesar 101,31 Atau Turun 0,40 Persen NTP nasional November 2016 sebesar 101,31 atau turun 0,40 persen dibanding NTP bulan sebelumnya. Penurunan NTP dikarenakan Indeks Harga yang Diterima Petani (It) naik sebesar 0,27 persen, lebih kecil dari kenaikan Indeks...",124
1065,2016-12-01,2016,2.4.5,Statistik Ekonomi,Statistik Sektoral,Pariwisata,"Jumlah Kunjungan Wisman Oktober 2016 Mencapai 1,04 Juta Kunjungan","Jumlah Kunjungan Wisman Oktober 2016 Mencapai 1,04 Juta Kunjungan Jumlah kunjungan wisatawan mancanegara atau wisman ke Indonesia Oktober 2016 naik 18,55 persen dibanding bulan yang sama tahun sebelumnya, yaitu dari 877,8 ribu kunjungan menjadi 1,04 juta kunjungan. Begitu pula, jika dibandingkan ...",156
1053,2016-12-01,2016,2.7,Statistik Ekonomi,Harga,Harga-Harga,"November 2016 harga grosir naik 0,24%","November 2016 harga grosir naik 0,24% Pada November 2016 Indeks Harga Perdagangan Besar (IHPB) Umum Nonmigas atau indeks harga grosir/agen naik sebesar 0,24 persen terhadap bulan sebelumnya. Kenaikan IHPB tertinggi terjadi pada Sektor Pertanian sebesar 0,62 persen. IHPB Bahan Bangunan/Konstruksi ...",115
1041,2016-12-01,2016,2.7,Statistik Ekonomi,Harga,Harga-Harga,"November 2016 terjadi inflasi 0,47 Persen","November 2016 terjadi inflasi 0,47 Persen Pada November 2016 terjadi inflasi sebesar 0,47 persen dengan Indeks Harga Konsumen (IHK) sebesar 126,18. Dari 82 kota IHK, 78 kota mengalami inflasi dan 4 kota mengalami deflasi. Inflasi tertinggi terjadi di Manado 2,86 persen dengan IHK 127,58 dan teren...",205
1237,2016-11-15,2016,2.4.6,Statistik Ekonomi,Statistik Sektoral,"Perbankan, Asuransi dan Finansial","Oktober 2016 Rupiah Terdepresiasi 0,44 Persen Terhadap Dolar Amerika","Oktober 2016 Rupiah Terdepresiasi 0,44 Persen Terhadap Dolar Amerika Rupiah terdepresiasi 0,44 persen terhadap dolar Amerika pada Oktober 2016. Level terendah rata-rata nasional kurs tengah eceran rupiah terhadap dolar Amerika terjadi pada minggu ketiga Oktober 2016 yang mencapai Rp13.008,52 per ...",229
1088,2016-11-15,2016,2.8,Statistik Ekonomi,Biaya Tenaga Kerja,Biaya Tenaga Kerja,"Upah nominal harian buruh tani nasional Oktober 2016 naik sebesar 0,28%","Upah nominal harian buruh tani nasional Oktober 2016 naik sebesar 0,28% Upah nominal harian buruh tani nasional pada Oktober 2016 naik sebesar 0,28 persen dibanding upah buruh tani September 2016, yaitu dari Rp48.235,00 menjadi Rp48.368,00 per hari. Upah riil mengalami kenaikan sebesar 0,24 perse...",76
1076,2016-11-15,2016,2.6,Statistik Ekonomi,Perdagangan Internasional,Perdagangan Internasional dan Neraca Pembayaran,"Ekspor Indonesia Oktober 2016 mencapai US$12,68 miliar dan impor Oktober 2016 mencapai US$11,47 miliar","Ekspor Indonesia Oktober 2016 mencapai US$12,68 miliar dan impor Oktober 2016 mencapai US$11,47 miliar EKSPOR Nilai ekspor Indonesia Oktober 2016 mencapai US$12,68 miliar atau meningkat 0,88 persen dibanding ekspor September 2016. Demikian juga dibanding Oktober 2015 meningkat 4,60 persen. Ekspor...",447
1270,2016-11-07,2016,2.1,Statistik Ekonomi,Statistik Makroekonomi,Neraca Ekonomi,"Ekonomi Indonesia triwulan III 2016 tumbuh 5,02 persen, melambat dibanding triwulan II 2016","Ekonomi Indonesia triwulan III 2016 tumbuh 5,02 persen, melambat dibanding triwulan II 2016 Perekonomian Indonesia yang diukur berdasarkan besaran Produk Domestik Bruto (PDB) atas dasar harga berlaku triwulan III-2016 mencapai Rp3.216,8 triliun dan atas dasar harga konstan 2010 mencapai Rp2.428,7...",250
1258,2016-11-07,2016,2.3,Statistik Ekonomi,Statistik Bisnis,Statistik Bisnis,Kondisi Bisnis dan Kondisi Ekonomi Konsumen Triwulan III-2016 Meningkat,Kondisi Bisnis dan Kondisi Ekonomi Konsumen Triwulan III-2016 Meningkat A. Penjelasan Umum Indeks Tendensi Bisnis (ITB) adalah indikator perkembangan ekonomi usaha terkini yang datanya diperoleh dari Survei Tendensi Bisnis (STB) yang dilakukan oleh Badan Pusat Statistik bekerja sama dengan Bank I...,291
1230,2016-11-07,2016,1.2,Statistik Demografi dan Sosial,Ketenagakerjaan,Tenaga Kerja,"Agustus 2016: Tingkat Pengangguran Terbuka (TPT) sebesar 5,61 Persen","Agustus 2016: Tingkat Pengangguran Terbuka (TPT) sebesar 5,61 Persen KEADAAN KETENAGAKERJAAN AGUSTUS 2016 DIBANDING AGUSTUS 2015 Pada Agustus 2016, jumlah angkatan kerja sebesar 125,44 juta orang naik sebanyak 3,06 juta orang dibandingkan Agustus 2015. Jumlah penduduk bekerja meningkat sebanyak 3...",120
1262,2016-11-01,2016,2.4.3,Statistik Ekonomi,Statistik Sektoral,"Pertambangan, Manufaktur, Konstruksi","Pertumbuhan produksi IBS naik 5,07 persen dan IMK naik 5,75 persen pada triwulan III tahun 2016 dari triwulan III tahun 2015","Pertumbuhan produksi IBS naik 5,07 persen dan IMK naik 5,75 persen pada triwulan III tahun 2016 dari triwulan III tahun 2015 Industri Manufaktur Besar dan Sedang Pertumbuhan produksi industri manufaktur besar dan sedang triwulan III tahun 2016 naik sebesar 5,07 persen (y-on-y) terhadap triwulan I...",629
1254,2016-11-01,2016,2.7,Statistik Ekonomi,Harga,Harga-Harga,Triwulan III - 2016 Harga Produsen Mengalami Inflasi 0.91 Persen,"Triwulan III - 2016 Harga Produsen Mengalami Inflasi 0.91 Persen Indeks Harga Produsen (IHP) triwulan III-2016 naik 0,91 persen terhadap triwulan II-2016 (q-to-q) dan naik 1,84 persen terhadap triwulan III-2015 (y-on-y). IHP Sektor Pertanian triwulan III-2016 naik 1,06 persen terhadap triwulan II...",140
1249,2016-11-01,2016,2.7,Statistik Ekonomi,Harga,Harga-Harga,"Nilai Tukar Petani (NTP) Oktober 2016 Sebesar 101,71 Atau Turun 0,30 Persen","Nilai Tukar Petani (NTP) Oktober 2016 Sebesar 101,71 Atau Turun 0,30 Persen NTP nasional Oktober 2016 sebesar 101,71 atau turun 0,30 persen dibanding NTP bulan sebelumnya. Penurunan NTP dikarenakan Indeks Harga yang Diterima Petani (It) turun sebesar 0,22 persen, sedangkan Indeks Harga yang Dibay...",124
1064,2016-11-01,2016,2.4.5,Statistik Ekonomi,Statistik Sektoral,Pariwisata,"Jumlah Kunjungan Wisman September 2016 Mencapai 1,01 Juta Kunjungan","Jumlah Kunjungan Wisman September 2016 Mencapai 1,01 Juta Kunjungan Jumlah kunjungan wisatawan mancanegara atau wisman ke Indonesia September 2016 naik 9,40 persen dibanding bulan yang sama tahun sebelumnya, yaitu dari 920,1 ribu kunjungan menjadi 1,01 juta kunjungan. Sementara itu, jika dibandin...",156
1052,2016-11-01,2016,2.7,Statistik Ekonomi,Harga,Harga-Harga,"Oktober 2016 harga grosir turun 0,20%","Oktober 2016 harga grosir turun 0,20% Pada Oktober 2016 Indeks Harga Perdagangan Besar (IHPB) Umum Nonmigas atau indeks harga grosir/agen turun sebesar 0,20 persen terhadap bulan sebelumnya. Penurunan IHPB tertinggi terjadi pada Kelompok Barang Ekspor Nonmigas sebesar 1,32 persen. IHPB Bahan Bang...",106
1040,2016-11-01,2016,2.7,Statistik Ekonomi,Harga,Harga-Harga,"Oktober 2016 terjadi inflasi 0,14 Persen","Oktober 2016 terjadi inflasi 0,14 Persen Pada Oktober 2016 terjadi inflasi sebesar 0,14 persen dengan Indeks Harga Konsumen (IHK) sebesar 125,59. Dari 82 kota IHK, 48 kota mengalami inflasi dan 34 kota mengalami deflasi. Inflasi tertinggi terjadi di Sibolga 1,32 persen dengan IHK 130,83 dan teren...",220
1236,2016-10-17,2016,2.4.6,Statistik Ekonomi,Statistik Sektoral,"Perbankan, Asuransi dan Finansial","September 2016, Rupiah Terapresiasi 2,27 Persen Terhadap Dolar Amerika","September 2016, Rupiah Terapresiasi 2,27 Persen Terhadap Dolar Amerika Rupiah terapresiasi 2,27 persen terhadap dolar Amerika pada September 2016. Level tertinggi rata-rata nasional kurs tengah eceran rupiah terhadap dolar Amerika terjadi pada minggu keempat September 2016 yang mencapai Rp12.937,...",231
1087,2016-10-17,2016,2.8,Statistik Ekonomi,Biaya Tenaga Kerja,Biaya Tenaga Kerja,"Upah nominal harian buruh tani nasional September 2016 naik sebesar 0,24%","Upah nominal harian buruh tani nasional September 2016 naik sebesar 0,24% Upah nominal harian buruh tani nasional pada September 2016 naik sebesar 0,24 persen dibanding upah buruh tani Agustus 2016, yaitu dari Rp48.120,00 menjadi Rp48.235,00 per hari. Upah riil mengalami penurunan sebesar 0,08 pe...",76
1075,2016-10-17,2016,2.6,Statistik Ekonomi,Perdagangan Internasional,Perdagangan Internasional dan Neraca Pembayaran,"Ekspor September 2016 mencapai US$12,51 miliar dan Impor September 2016 sebesar US$11,30 miliar","Ekspor September 2016 mencapai US$12,51 miliar dan Impor September 2016 sebesar US$11,30 miliar EKSPOR Nilai ekspor Indonesia September 2016 mencapai US$12,51 miliar atau menurun 1,84 persen dibanding ekspor Agustus 2016. Demikian juga dibanding September 2015 menurun 0,59 persen. Ekspor nonmigas...",443
1248,2016-10-03,2016,2.7,Statistik Ekonomi,Harga,Harga-Harga,"Nilai Tukar Petani (NTP) September 2016 Sebesar 102,02 Atau Naik 0,45 Persen","Nilai Tukar Petani (NTP) September 2016 Sebesar 102,02 Atau Naik 0,45 Persen NTP nasional September 2016 sebesar 102,02 atau naik 0,45 persen dibanding NTP bulan sebelumnya. Kenaikan NTP dikarenakan Indeks Harga yang Diterima Petani (It) naik sebesar 0,73 persen, lebih besar dari kenaikan Indeks ...",123
1063,2016-10-03,2016,2.4.5,Statistik Ekonomi,Statistik Sektoral,Pariwisata,"Wisatawan Mancanegara bulan Agustus mencapai 1,03 Juta Kunjungan","Wisatawan Mancanegara bulan Agustus mencapai 1,03 Juta Kunjungan Jumlah kunjungan wisatawan mancanegara atau wisman ke Indonesia Agustus 2016 naik 13,19 persen dibanding bulan yang sama tahun sebelumnya, yaitu dari 911,7 ribu kunjungan menjadi 1,03 juta kunjungan. Sementara itu, jika dibandingkan...",155
1051,2016-10-03,2016,2.7,Statistik Ekonomi,Harga,Harga-Harga,"September 2016 harga grosir naik 0,52%","September 2016 harga grosir naik 0,52% Pada September 2016 Indeks Harga Perdagangan Besar (IHPB) Umum Nonmigas atau indeks harga grosir/agen naik sebesar 0,52 persen terhadap bulan sebelumnya. Kenaikan IHPB tertinggi terjadi pada Kelompok Barang Ekspor Nonmigas sebesar 1,97 persen. IHPB Bahan Ban...",111
1039,2016-10-03,2016,2.7,Statistik Ekonomi,Harga,Harga-Harga,"September 2016 terjadi Inflasi 0,22 Persen","September 2016 terjadi Inflasi 0,22 Persen Pada September 2016 terjadi inflasi sebesar 0,22 persen dengan Indeks Harga Konsumen (IHK) sebesar 125,41. Dari 82 kota IHK, 58 kota mengalami inflasi dan 24 kota mengalami deflasi. Inflasi tertinggi terjadi di Sibolga 1,85 persen dengan IHK 129,12 dan t...",213
1235,2016-09-15,2016,2.4.6,Statistik Ekonomi,Statistik Sektoral,"Perbankan, Asuransi dan Finansial","Agustus 2016, Rupiah terdepresiasi 1,00 persen terhadap dolar Amerika","Agustus 2016, Rupiah terdepresiasi 1,00 persen terhadap dolar Amerika Rupiah terdepresiasi 1,00 persen terhadap dolar Amerika pada Agustus 2016. Level terendah rata-rata nasional kurs tengah eceran rupiah terhadap dolar Amerika terjadi pada minggu kelima Agustus 2016 yang mencapai Rp13.237,81 per...",227
1086,2016-09-15,2016,2.8,Statistik Ekonomi,Biaya Tenaga Kerja,Biaya Tenaga Kerja,"Upah Riil Harian Buruh Bangunan Nasional Agustus 2016 Naik Sebesar 0,27 Persen","Upah Riil Harian Buruh Bangunan Nasional Agustus 2016 Naik Sebesar 0,27 Persen Upah nominal harian buruh tani nasional pada Agustus 2016 naik sebesar 0,28 persen dibanding upah buruh tani Juli 2016, yaitu dari Rp47.985,00 menjadi Rp48.120,00 per hari. Upah riil mengalami kenaikan sebesar 0,22 per...",77
1074,2016-09-15,2016,2.6,Statistik Ekonomi,Perdagangan Internasional,Perdagangan Internasional dan Neraca Pembayaran,"Ekspor Indonesia Agustus 2016 mencapai US$12,63 miliar dan impor Agustus 2016 mencapai US$12,34 miliar","Ekspor Indonesia Agustus 2016 mencapai US$12,63 miliar dan impor Agustus 2016 mencapai US$12,34 miliar Ekspor Nilai ekspor Indonesia Agustus 2016 mencapai US$12,63 miliar atau meningkat 32,54 persen dibanding ekspor Juli 2016. Sementara dibanding Agustus 2015 menurun 0,74 persen. Ekspor nonmigas ...",450
1247,2016-09-01,2016,2.7,Statistik Ekonomi,Harga,Harga-Harga,"Nilai Tukar Petani (NTP) Agustus 2016 Sebesar 101,56 Atau Naik 0,17 Persen","Nilai Tukar Petani (NTP) Agustus 2016 Sebesar 101,56 Atau Naik 0,17 Persen NTP nasional Agustus 2016 sebesar 101,56 atau naik 0,17 persen dibanding NTP bulan sebelumnya. Kenaikan NTP dikarenakan Indeks Harga yang Diterima Petani (It) naik sebesar 0,30 persen, lebih besar dari kenaikan Indeks Harg...",130
1062,2016-09-01,2016,2.4.5,Statistik Ekonomi,Statistik Sektoral,Pariwisata,"Wisatawan Mancanegara bulan Juli mencapai 1,03 Juta Kunjungan","Wisatawan Mancanegara bulan Juli mencapai 1,03 Juta Kunjungan Jumlah kunjungan wisatawan mancanegara atau wisman ke Indonesia Juli 2016 naik 17,68 persen dibanding bulan yang sama tahun sebelumnya, yaitu dari 877,6 ribu kunjungan menjadi 1,03 juta kunjungan. Begitu pula, jika dibandingkan dengan ...",155
1050,2016-09-01,2016,2.7,Statistik Ekonomi,Harga,Harga-Harga,"Agustus 2016 harga grosir naik 0,36%","Agustus 2016 harga grosir naik 0,36% Pada Agustus 2016 Indeks Harga Perdagangan Besar (IHPB) Umum Nonmigas atau indeks harga grosir/agen naik sebesar 0,36 persen terhadap bulan sebelumnya. Kenaikan IHPB tertinggi terjadi pada Sektor Pertanian sebesar 2,76 persen. IHPB Bahan Bangunan/Konstruksi pa...",107
1038,2016-09-01,2016,2.7,Statistik Ekonomi,Harga,Harga-Harga,"Agustus 2016 terjadi deflasi 0,02 persen","Agustus 2016 terjadi deflasi 0,02 persen Pada Agustus 2016 terjadi deflasi sebesar 0,02 persen dengan Indeks Harga Konsumen (IHK) sebesar 125,13. Dari 82 kota IHK, 49 kota mengalami deflasi dan 33 kota mengalami inflasi. Deflasi tertinggi terjadi di Kupang 0,87 persen dengan IHK 125,87 dan terend...",218
1281,2016-08-19,2016,-,Tidak Berkategori,Tidak Berkategori,Tidak Berkategori,Hasil Sementara Pendaftaran Usaha Sensus Ekonomi 2016 Tahap Awal,"Hasil Sementara Pendaftaran Usaha Sensus Ekonomi 2016 Tahap Awal Secara nasional, jumlah usaha nonpertanian hasil pendaftaran usaha Sensus Ekonomi 2016 (SE2016) mencapai 26,7 juta usaha, meningkat sebesar 17,6 persen jika dibandingkan jumlah usaha hasil Sensus Ekonomi 2006 yang tercatat sebanyak ...",128
1280,2016-08-19,2016,3.3.1,Statistik Lingkungan Hidup dan Multi-domain,Statistik Multi-domain,"Kondisi Tempat Tinggal, Kemiskinan, dan Permasalahan Sosial Lintas Sektor","Gini Ratio Pada Maret 2016 Sebesar 0,397","Gini Ratio Pada Maret 2016 Sebesar 0,397 Pada Maret 2016, tingkat ketimpangan pengeluaran penduduk Indonesia yang diukur oleh Gini Ratio adalah sebesar 0,397. Angka ini menurun jika dibandingkan dengan Gini Ratio Maret 2015 yang sebesar 0,408 dan Gini Ratio September 2015 yang sebesar 0,402. Gini...",218
1221,2016-08-15,2016,2.4.6,Statistik Ekonomi,Statistik Sektoral,"Perbankan, Asuransi dan Finansial","Juli 2016 Rupiah Terapresiasi 0,55 Persen Terhadap Dolar Amerika","Juli 2016 Rupiah Terapresiasi 0,55 Persen Terhadap Dolar Amerika Rupiah terapresiasi 0,55 persen terhadap dolar Amerika pada Juli 2016. Level tertinggi rata-rata nasional kurs tengah eceran rupiah terhadap dolar Amerika terjadi pada minggu ketiga Juli 2016 yang mencapai Rp13.074,30 per dolar Amer...",228
1085,2016-08-15,2016,2.8,Statistik Ekonomi,Biaya Tenaga Kerja,Biaya Tenaga Kerja,"Upah nominal harian buruh tani nasional Juli 2016 naik sebesar 0,18%","Upah nominal harian buruh tani nasional Juli 2016 naik sebesar 0,18% Upah nominal harian buruh tani nasional pada Juli 2016 naik sebesar 0,18 persen dibanding upah buruh tani Juni 2016, yaitu dari Rp47.898,00 menjadi Rp47.985,00 per hari. Upah riil mengalami penurunan sebesar 0,57 persen Upah nom...",76
1073,2016-08-15,2016,2.6,Statistik Ekonomi,Perdagangan Internasional,Perdagangan Internasional dan Neraca Pembayaran,"Ekspor Juli 2016 Mencapai US$9,51 Miliar dan Impor Juli 2016 sebesar US$8,92 Miliar","Ekspor Juli 2016 Mencapai US$9,51 Miliar dan Impor Juli 2016 sebesar US$8,92 Miliar EKSPOR Nilai ekspor Indonesia Juli 2016 mencapai US$9,51 miliar atau menurun 26,67 persen dibanding ekspor Juni 2016. Demikian juga dibanding Juli 2015 menurun 17,02 persen. Ekspor nonmigas Juli 2016 mencapai US$8...",448
1269,2016-08-05,2016,2.1,Statistik Ekonomi,Statistik Makroekonomi,Neraca Ekonomi,"Ekonomi Indonesia triwulan II 2016 Tumbuh 5,18 Persen Meningkat dibandingkan Triwulan I 2016","Ekonomi Indonesia triwulan II 2016 Tumbuh 5,18 Persen Meningkat dibandingkan Triwulan I 2016 Perekonomian Indonesia yang diukur berdasarkan besaran Produk Domestik Bruto (PDB) atas dasar harga berlaku triwulan II-2016 mencapai Rp3.086,6 triliun dan atas dasar harga konstan 2010 mencapai Rp2.353,2...",245
1257,2016-08-05,2016,2.3,Statistik Ekonomi,Statistik Bisnis,Statistik Bisnis,Kondisi Bisnis dan Kondisi Ekonomi Konsumen Meningkat,Kondisi Bisnis dan Kondisi Ekonomi Konsumen Meningkat Penjelasan Umum Indeks Tendensi Bisnis (ITB) adalah indikator perkembangan ekonomi usaha terkini yang datanya diperoleh dari Survei Tendensi Bisnis (STB) yang dilakukan oleh Badan Pusat Statistik bekerja sama dengan Bank Indonesia. STB dilakuk...,293
1279,2016-08-03,2016,1.10,Statistik Demografi dan Sosial,Aktivitas Politik dan Komunitas,Aktivitas Politik dan Komunitas Lainnya,Indeks Demokrasi Indonesia (IDI) Nasional 2015 relatif tetap jika dibandingkan dengan IDI 2014,"Indeks Demokrasi Indonesia (IDI) Nasional 2015 relatif tetap jika dibandingkan dengan IDI 2014 Indeks Demokrasi Indonesia (IDI) 2015 mencapai angka 72,82 dalam skala 0 sampai 100. Angka ini relatif tetap dibandingkan dengan angka IDI 2014 yang sebesar 73,04. Capaian kinerja demokrasi Indonesia te...",188
1261,2016-08-01,2016,2.4.3,Statistik Ekonomi,Statistik Sektoral,"Pertambangan, Manufaktur, Konstruksi","Pertumbuhan Produksi IBS Naik 5,54 Persen dan IMK Naik 6,56 Persen pada  Triwulan II-2016 dari Triwulan II-2015","Pertumbuhan Produksi IBS Naik 5,54 Persen dan IMK Naik 6,56 Persen pada Triwulan II-2016 dari Triwulan II-2015 INDUSTRI MANUFAKTUR BESAR DAN SEDANG (IBS) Pertumbuhan produksi industri manufaktur besar dan sedang triwulan II-2016 naik sebesar 5,54 persen (y-on-y) terhadap triwulan II-2015. Kenaika...",597
1253,2016-08-01,2016,2.7,Statistik Ekonomi,Harga,Harga-Harga,"Triwulan II-2016 Harga Produsen Mengalami Inflasi 0,18%","Triwulan II-2016 Harga Produsen Mengalami Inflasi 0,18% Indeks Harga Produsen (IHP) triwulan II-2016 naik 0,18 persen terhadap triwulan I-2016 (q-to-q) dan naik 1,19 persen terhadap triwulan II-2015 (y-on-y). IHP Sektor Pertanian triwulan II-2016 turun 2,09 persen terhadap triwulan I-2016 (q-to-q...",137
1246,2016-08-01,2016,2.7,Statistik Ekonomi,Harga,Harga-Harga,"Nilai Tukar Petani (NTP) Juli 2016 Sebesar 101,39 atau Turun 0,08 Persen","Nilai Tukar Petani (NTP) Juli 2016 Sebesar 101,39 atau Turun 0,08 Persen NTP nasional Juli 2016 sebesar 101,39 atau turun 0,08 persen dibanding NTP bulan sebelumnya. Penurunan NTP dikarenakan Indeks Harga yang Diterima Petani (It) naik sebesar 0,48 persen, lebih kecil dari kenaikan Indeks Harga y...",129
1061,2016-08-01,2016,2.4.5,Statistik Ekonomi,Statistik Sektoral,Pariwisata,"Jumlah Kunjungan Wisman ke Indonesia Juni 2016 Mencapai 857,7 Ribu Kunjungan","Jumlah Kunjungan Wisman ke Indonesia Juni 2016 Mencapai 857,7 Ribu Kunjungan Jumlah kunjungan wisatawan mancanegara atau wisman ke Indonesia Juni 2016 turun 1,69 persen dibanding bulan yang sama tahun sebelumnya, yaitu dari 872,4 ribu kunjungan menjadi 857,7 ribu kunjungan. Begitu pula, jika diba...",159
1049,2016-08-01,2016,2.7,Statistik Ekonomi,Harga,Harga-Harga,"Juli 2016 harga grosir naik 1,04%","Juli 2016 harga grosir naik 1,04% Pada Juli 2016 Indeks Harga Perdagangan Besar (IHPB) Umum Nonmigas atau indeks harga grosir/agen naik sebesar 1,04 persen terhadap bulan sebelumnya. Kenaikan IHPB tertinggi terjadi pada Sektor Pertanian sebesar 2,45 persen. IHPB Bahan Bangunan/Konstruksi pada Jul...",106
1037,2016-08-01,2016,2.7,Statistik Ekonomi,Harga,Harga-Harga,"Juli 2016 terjadi inflasi 0,69 persen","Juli 2016 terjadi inflasi 0,69 persen Pada Juli 2016 terjadi inflasi sebesar 0,69 persen dengan Indeks Harga Konsumen (IHK) sebesar 125,15. Dari 82 kota IHK, 78 kota mengalami inflasi dan 4 kota mengalami deflasi. Inflasi tertinggi terjadi di Tanjung Pandan 2,34 persen dengan IHK 133,37 dan teren...",199
1229,2016-07-18,2016,3.3.1,Statistik Lingkungan Hidup dan Multi-domain,Statistik Multi-domain,"Kondisi Tempat Tinggal, Kemiskinan, dan Permasalahan Sosial Lintas Sektor","Persentase Penduduk Miskin Maret 2016 Mencapai 10,86 Persen","Persentase Penduduk Miskin Maret 2016 Mencapai 10,86 Persen Pada Maret 2016, jumlah penduduk miskin (penduduk dengan pengeluaran per kapita per bulan di bawah Garis Kemiskinan) di Indonesia mencapai 28,01 juta orang (10,86 persen), berkurang sebesar 0,50 juta orang dibandingkan dengan kondisi Sep...",238
1220,2016-07-15,2016,2.4.6,Statistik Ekonomi,Statistik Sektoral,"Perbankan, Asuransi dan Finansial","Juni 2016 Rupiah Terapresiasi 2,95 Persen Terhadap Dolar Amerika","Juni 2016 Rupiah Terapresiasi 2,95 Persen Terhadap Dolar Amerika Rupiah terapresiasi 2,95 persen terhadap dolar Amerika pada Juni 2016. Level tertinggi rata-rata nasional kurs tengah eceran rupiah terhadap dolar Amerika terjadi pada minggu kelima Juni 2016 yang mencapai Rp13.179,33 per dolar Amer...",225
1084,2016-07-15,2016,2.8,Statistik Ekonomi,Biaya Tenaga Kerja,Biaya Tenaga Kerja,"Upah nominal harian buruh tani nasional Juni 2016 naik sebesar 0,21%","Upah nominal harian buruh tani nasional Juni 2016 naik sebesar 0,21% Upah nominal harian buruh tani nasional pada Juni 2016 naik sebesar 0,21 persen dibanding upah buruh tani Mei 2016, yaitu dari Rp47.796,00 menjadi Rp47.898,00 per hari. Upah riil mengalami penurunan sebesar 0,38 persen Upah nomi...",76
1072,2016-07-15,2016,2.6,Statistik Ekonomi,Perdagangan Internasional,Perdagangan Internasional dan Neraca Pembayaran,"Ekspor Juni 2016 Mencapai US$12,92 Miliar dan Impor Juni sebesar US$12,02 Miliar","Ekspor Juni 2016 Mencapai US$12,92 Miliar dan Impor Juni sebesar US$12,02 Miliar Ekspor Nilai ekspor Indonesia Juni 2016 mencapai US$12,92 miliar atau meningkat 12,18 persen dibanding ekspor Mei 2016. Sementara dibanding Juni 2015 menurun 4,42 persen. Ekspor nonmigas Juni 2016 mencapai US$11,73 m...",445
1272,2016-07-01,2016,2.4.1,Statistik Ekonomi,Statistik Sektoral,"Pertanian, Kehutanan, Perikanan","Produksi Padi Tahun 2015 Naik 6,42 Persen","Produksi Padi Tahun 2015 Naik 6,42 Persen A. PADI Produksi padi tahun 2015 sebanyak 75,40 juta ton gabah kering giling (GKG) atau mengalami kenaikan sebanyak 4,55 juta ton (6,42 persen) dibandingkan tahun 2014. Kenaikan produksi padi tahun 2015 terjadi di Pulau Jawa sebanyak 2,31 juta ton dan di ...",209
1245,2016-07-01,2016,2.7,Statistik Ekonomi,Harga,Harga-Harga,"Nilai Tukar Petani (NTP) Juni 2016 Sebesar 101,47 atau Turun 0,08 Persen","Nilai Tukar Petani (NTP) Juni 2016 Sebesar 101,47 atau Turun 0,08 Persen NTP nasional Juni 2016 sebesar 101,47 atau turun 0,08 persen dibanding NTP bulan sebelumnya. Penurunan NTP dikarenakan Indeks Harga yang Diterima Petani (It) naik sebesar 0,39 persen, lebih kecil dari kenaikan Indeks Harga y...",127
1060,2016-07-01,2016,2.4.5,Statistik Ekonomi,Statistik Sektoral,Pariwisata,"Jumlah Kunjungan Wisman ke Indonesia Mei 2016 Mencapai 915,2 Ribu Kunjungan","Jumlah Kunjungan Wisman ke Indonesia Mei 2016 Mencapai 915,2 Ribu Kunjungan Jumlah kunjungan wisatawan mancanegara atau wisman ke Indonesia Mei 2016 naik 7,37 persen dibanding bulan yang sama tahun sebelumnya, yaitu dari 852,4 ribu kunjungan menjadi 915,2 ribu kunjungan. Begitu pula, jika dibandi...",158
1048,2016-07-01,2016,2.7,Statistik Ekonomi,Harga,Harga-Harga,"Juni 2016 harga grosir naik 0,97%","Juni 2016 harga grosir naik 0,97% Pada Juni 2016 Indeks Harga Perdagangan Besar (IHPB) Umum Nonmigas atau indeks harga grosir/agen naik sebesar 0,97 persen terhadap bulan sebelumnya. Kenaikan IHPB tertinggi terjadi pada Sektor Pertanian sebesar 2,58 persen. IHPB Bahan Bangunan/Konstruksi pada Jun...",109
1036,2016-07-01,2016,2.7,Statistik Ekonomi,Harga,Harga-Harga,"Juni 2016 terjadi inflasi 0,66 persen","Juni 2016 terjadi inflasi 0,66 persen Pada Juni 2016 terjadi inflasi sebesar 0,66 persen dengan Indeks Harga Konsumen (IHK) sebesar 124,29. Dari 82 kota IHK, seluruhnya mengalami inflasi. Inflasi tertinggi terjadi di Pangkalpinang 2,14 persen dengan IHK 127,07 dan terendah terjadi di Padang 0,10 ...",171
1278,2016-06-15,2016,3.3.1,Statistik Lingkungan Hidup dan Multi-domain,Statistik Multi-domain,"Kondisi Tempat Tinggal, Kemiskinan, dan Permasalahan Sosial Lintas Sektor",Indeks Pembangunan Manusia 2015,"Indeks Pembangunan Manusia 2015 IPM Indonesia Tahun 2015 Pembangunan manusia di Indonesia pada tahun 2015 terus mengalami kemajuan yang ditandai dengan terus meningkatnya Indeks Pembangunan Manusia (IPM) Indonesia. Pada tahun 2015, IPM Indonesia telah mencapai 69,55. Angka ini meningkat sebesar 0...",173
1219,2016-06-15,2016,2.4.6,Statistik Ekonomi,Statistik Sektoral,"Perbankan, Asuransi dan Finansial","Mei 2016 Rupiah Terdepresiasi 3,14 persen Terhadap Dolar amerika","Mei 2016 Rupiah Terdepresiasi 3,14 persen Terhadap Dolar amerika Rupiah terdepresiasi 3,14 persen terhadap dolar Amerika pada Mei 2016. Level terendah rata-rata nasional kurs tengah eceran rupiah terhadap dolar Amerika terjadi pada minggu keempat Mei 2016 yang mencapai Rp13.571,96 per dolar Ameri...",229
1083,2016-06-15,2016,2.8,Statistik Ekonomi,Biaya Tenaga Kerja,Biaya Tenaga Kerja,"Upah nominal harian buruh tani nasional Mei 2016 naik sebesar 0,14%","Upah nominal harian buruh tani nasional Mei 2016 naik sebesar 0,14% Upah nominal harian buruh tani nasional pada Mei 2016 naik sebesar 0,14 persen dibanding upah buruh tani April 2016, yaitu dari Rp47.731,00 menjadi Rp47.796,00 per hari. Upah riil mengalami kenaikan sebesar 0,01 persen Upah nomin...",76
1071,2016-06-15,2016,2.6,Statistik Ekonomi,Perdagangan Internasional,Perdagangan Internasional dan Neraca Pembayaran,"Ekspor Mei 2016 mencapai US$11,51 miliar dan impor Mei 2016 sebesar US$11,14 miliar","Ekspor Mei 2016 mencapai US$11,51 miliar dan impor Mei 2016 sebesar US$11,14 miliar Ekspor Nilai ekspor Indonesia Mei 2016 mencapai US$11,51 miliar atau meningkat 0,31 persen dibanding ekspor April 2016. Sementara dibanding Mei 2015 menurun 9,75 persen. Ekspor nonmigas Mei 2016 mencapai US$10,55 ...",444
1244,2016-06-01,2016,2.7,Statistik Ekonomi,Harga,Harga-Harga,"Nilai Tukar Petani (NTP) Mei 2016 Sebesar 101,55 Atau Naik 0,32 Persen","Nilai Tukar Petani (NTP) Mei 2016 Sebesar 101,55 Atau Naik 0,32 Persen NTP nasional Mei 2016 sebesar 101,55 atau naik 0,32 persen dibanding NTP bulan sebelumnya. Kenaikan NTP dikarenakan Indeks Harga yang Diterima Petani (It) naik sebesar 0,42 persen, lebih besar dari kenaikan Indeks Harga yang D...",128
1059,2016-06-01,2016,2.4.5,Statistik Ekonomi,Statistik Sektoral,Pariwisata,"Kunjungan Wisatawan Mancanegara Ke Indonesia April 2016 Mencapai 901,1 Ribu Kunjungan","Kunjungan Wisatawan Mancanegara Ke Indonesia April 2016 Mencapai 901,1 Ribu Kunjungan Jumlah kunjungan wisatawan mancanegara atau wisman ke Indonesia April 2016 naik 12,37 persen dibanding bulan yang sama tahun sebelumnya, yaitu dari 801,9 ribu kunjungan menjadi 901,1 ribu kunjungan. Sementara it...",158
1047,2016-06-01,2016,2.7,Statistik Ekonomi,Harga,Harga-Harga,"Mei 2016 Indeks Harga Grosir Naik 1,23 Persen","Mei 2016 Indeks Harga Grosir Naik 1,23 Persen Pada Mei 2016 Indeks Harga Perdagangan Besar (IHPB) Umum Nonmigas atau indeks harga grosir/agen naik sebesar 1,23 persen terhadap bulan sebelumnya. Kenaikan IHPB tertinggi terjadi pada Kelompok Barang Ekspor Nonmigas sebesar 5,49 persen. IHPB Bahan Ba...",115
1035,2016-06-01,2016,2.7,Statistik Ekonomi,Harga,Harga-Harga,"Mei 2016 terjadi inflasi 0,24 persen","Mei 2016 terjadi inflasi 0,24 persen Pada Mei 2016 terjadi inflasi sebesar 0,24 persen dengan Indeks Harga Konsumen (IHK) sebesar 123,48. Dari 82 kota IHK, 67 kota mengalami inflasi dan 15 kota mengalami deflasi. Inflasi tertinggi terjadi di Pontianak 1,67 persen dengan IHK 132,06 dan terendah te...",205
1218,2016-05-16,2016,2.4.6,Statistik Ekonomi,Statistik Sektoral,"Perbankan, Asuransi dan Finansial","April 2016 Rupiah Terapresiasi 0,73 Persen Terhadap Dolar Amerika","April 2016 Rupiah Terapresiasi 0,73 Persen Terhadap Dolar Amerika Rupiah terapresiasi 0,73 persen terhadap dolar Amerika pada April 2016. Level tertinggi rata-rata nasional kurs tengah eceran rupiah terhadap dolar Amerika terjadi pada minggu kedua April 2016 yang mencapai Rp13.119,71 per dolar Am...",228
1082,2016-05-16,2016,2.8,Statistik Ekonomi,Biaya Tenaga Kerja,Biaya Tenaga Kerja,"Upah nominal harian buruh tani nasional April 2016 naik sebesar 0,36%","Upah nominal harian buruh tani nasional April 2016 naik sebesar 0,36% Upah nominal harian buruh tani nasional pada April 2016 naik sebesar 0,36 persen dibanding upah buruh tani Maret 2016, yaitu dari Rp47.559,00 menjadi Rp47.731,00 per hari. Upah riil mengalami kenaikan sebesar 0,87 persen Upah n...",76
1070,2016-05-16,2016,2.6,Statistik Ekonomi,Perdagangan Internasional,Perdagangan Internasional dan Neraca Pembayaran,"Nilai ekspor Indonesia April 2016 mencapai US$11,45 miliar dan Nilai impor Indonesia April 2016 mencapai US$10,78 miliar","Nilai ekspor Indonesia April 2016 mencapai US$11,45 miliar dan Nilai impor Indonesia April 2016 mencapai US$10,78 miliar EKSPOR Nilai ekspor Indonesia April 2016 mencapai US$11,45 miliar atau menurun 3,07 persen dibanding ekspor Maret 2016. Demikian juga dibanding April 2015 menurun 12,65 persen....",448
1268,2016-05-04,2016,2.1,Statistik Ekonomi,Statistik Makroekonomi,Neraca Ekonomi,"Ekonomi Indonesia Triwulan I 2016 tumbuh 4,92 persen meningkat dibanding Triwulan I 2015","Ekonomi Indonesia Triwulan I 2016 tumbuh 4,92 persen meningkat dibanding Triwulan I 2015 Perekonomian Indonesia berdasarkan besaran Produk Domestik Bruto (PDB) atas dasar harga berlaku triwulan I-2016 mencapai Rp2.947,6 triliun dan atas dasar harga konstan 2010 mencapai Rp2.262,6 triliun. Ekonomi...",189
1256,2016-05-04,2016,2.3,Statistik Ekonomi,Statistik Bisnis,Statistik Bisnis,"Kondisi Bisnis Menurun, Namun Kondisi Ekonomi Konsumen Meningkat","Kondisi Bisnis Menurun, Namun Kondisi Ekonomi Konsumen Meningkat Indeks Tendensi Bisnis (ITB) adalah indikator perkembangan ekonomi usaha terkini yang datanya diperoleh dari Survei Tendensi Bisnis (STB) yang dilakukan oleh Badan Pusat Statistik bekerja sama dengan Bank Indonesia. STB dilakukan se...",83
1231,2016-05-04,2016,1.2,Statistik Demografi dan Sosial,Ketenagakerjaan,Tenaga Kerja,"Februari 2016: Tingkat Pengangguran Terbuka (TPT) Sebesar 5,50 Persen","Februari 2016: Tingkat Pengangguran Terbuka (TPT) Sebesar 5,50 Persen KEADAAN KETENAGAKERJAAN FEBRUARI 2016 DIBANDING FEBRUARI 2015 Jumlah penduduk yang bekerja turun sebanyak 200 ribu orang. Penurunan ini terutama terjadi di Sektor Pertanian, sedangkan Sektor Perdagangan mengalami peningkatan ju...",101
1264,2016-05-02,2016,2.4.3,Statistik Ekonomi,Statistik Sektoral,"Pertambangan, Manufaktur, Konstruksi","Pertumbuhan Produksi IBS Naik 4,08 Persen Dan IMK Naik 5,91 Persen   Pada Triwulan I-2016 Dari Triwulan I-2015","Pertumbuhan Produksi IBS Naik 4,08 Persen Dan IMK Naik 5,91 Persen Pada Triwulan I-2016 Dari Triwulan I-2015 INDUSTRI MANUFAKTUR BESAR DAN SEDANG (IBS) Pertumbuhan produksi industri manufaktur besar dan sedang triwulan I-2016 naik sebesar 4,08 persen (y-on-y) terhadap triwulan I-2015. Kenaikan te...",625
1260,2016-05-02,2016,2.4.3,Statistik Ekonomi,Statistik Sektoral,"Pertambangan, Manufaktur, Konstruksi","Pertumbuhan Produksi IBS Naik 4,08 Persen Dan IMK Naik 5,91 Persen   Pada Triwulan I-2016 Dari Triwulan I-2015","Pertumbuhan Produksi IBS Naik 4,08 Persen Dan IMK Naik 5,91 Persen Pada Triwulan I-2016 Dari Triwulan I-2015 INDUSTRI MANUFAKTUR BESAR DAN SEDANG (IBS) Pertumbuhan produksi industri manufaktur besar dan sedang triwulan I-2016 naik sebesar 4,08 persen (y-on-y) terhadap triwulan I-2015. Kenaikan te...",625
1252,2016-05-02,2016,2.7,Statistik Ekonomi,Harga,Harga-Harga,"Triwulan I-2016 Harga Produsen Mengalami Inflasi 0,44%","Triwulan I-2016 Harga Produsen Mengalami Inflasi 0,44% Indeks Harga Produsen (IHP) triwulan I-2016 naik 0,44 persen terhadap triwulan IV-2015 (q-to-q) dan naik 1,16 persen terhadap triwulan I-2015 (y-on-y). IHP Sektor Pertanian triwulan I-2016 naik 0,96 persen terhadap triwulan IV-2015 (q-to-q), ...",116
1243,2016-05-02,2016,2.7,Statistik Ekonomi,Harga,Harga-Harga,"Nilai Tukar Petani (NTP) April 2016 Sebesar 101,22 Atau Turun 0,10 Persen","Nilai Tukar Petani (NTP) April 2016 Sebesar 101,22 Atau Turun 0,10 Persen NTP nasional April 2016 sebesar 101,22 atau turun 0,10 persen dibanding NTP bulan sebelumnya. Penurunan NTP dikarenakan Indeks Harga yang Diterima Petani (It) turun sebesar 0,51 persen, lebih besar dari penurunan Indeks Har...",127
1058,2016-05-02,2016,2.4.5,Statistik Ekonomi,Statistik Sektoral,Pariwisata,Kunjungan Penduduk Mancanegara Maret 2016 Mencapai 915 Ribu Kunjungan,"Kunjungan Penduduk Mancanegara Maret 2016 Mencapai 915 Ribu Kunjungan Jumlah kunjungan penduduk mancanegara ke Indonesia Maret 2016 mencapai 915,0 ribu kunjungan, naik 8,79 persen dibanding kunjungan Maret 2015. Begitu pula, jika dibandingkan dengan Februari 2016, mengalami kenaikan sebesar 3,01 ...",187
1046,2016-05-02,2016,2.7,Statistik Ekonomi,Harga,Harga-Harga,"April 2016 harga grosir naik 0,67%","April 2016 harga grosir naik 0,67% Pada April 2016 Indeks Harga Perdagangan Besar (IHPB) Umum Nonmigas atau indeks harga grosir/agen naik sebesar 0,67 persen terhadap bulan sebelumnya. Kenaikan IHPB tertinggi terjadi pada Kelompok Barang Ekspor Nonmigas sebesar 3,04 persen. IHPB Bahan Bangunan/Ko...",100
1034,2016-05-02,2016,2.7,Statistik Ekonomi,Harga,Harga-Harga,"April 2016 terjadi deflasi 0,45 persen","April 2016 terjadi deflasi 0,45 persen Pada April 2016 terjadi deflasi sebesar 0,45 persen dengan Indeks Harga Konsumen (IHK) sebesar 123,19. Dari 82 kota IHK, 77 kota mengalami deflasi dan 5 kota mengalami inflasi. Deflasi tertinggi terjadi di Sibolga 1,79 persen dengan IHK 124,29 dan terendah t...",206
1277,2016-04-18,2016,3.3.1,Statistik Lingkungan Hidup dan Multi-domain,Statistik Multi-domain,"Kondisi Tempat Tinggal, Kemiskinan, dan Permasalahan Sosial Lintas Sektor","Gini Ratio pada September 2015 Sebesar 0,40","Gini Ratio pada September 2015 Sebesar 0,40 Pada September 2015, tingkat ketimpangan pengeluaran penduduk Indonesia yang diukur oleh Gini Ratio adalah sebesar 0,40. Angka ini menurun sebesar 0,01 poin dibandingkan dengan Gini Ratio Maret 2015 yang sebesar 0,41. Gini Ratio di daerah perkotaan pada...",165
1093,2016-04-15,2016,2.4.6,Statistik Ekonomi,Statistik Sektoral,"Perbankan, Asuransi dan Finansial","Maret 2016 Rupiah Terapresiasi 1,30 Persen Terhadap Dolar Amerika","Maret 2016 Rupiah Terapresiasi 1,30 Persen Terhadap Dolar Amerika Rupiah terapresiasi 1,30 persen terhadap dolar Amerika pada Maret 2016. Level tertinggi rata-rata nasional kurs tengah eceran rupiah terhadap dolar Amerika terjadi pada minggu kedua Maret 2016 yaitu Rp13.129,88 per dolar Amerika. S...",225
1081,2016-04-15,2016,2.8,Statistik Ekonomi,Biaya Tenaga Kerja,Biaya Tenaga Kerja,"Upah nominal harian buruh tani nasional Maret 2016 naik sebesar 0,26%","Upah nominal harian buruh tani nasional Maret 2016 naik sebesar 0,26% Upah nominal harian buruh tani nasional pada Maret 2016 naik sebesar 0,26 persen dibanding upah buruh tani Februari 2016, yaitu dari Rp47.437,00 menjadi Rp47.559,00 per hari. Upah riil mengalami penurunan sebesar 0,69 persen Up...",76
1069,2016-04-15,2016,2.6,Statistik Ekonomi,Perdagangan Internasional,Perdagangan Internasional dan Neraca Pembayaran,"Nilai ekspor Indonesia Maret 2016 mencapai US$11,79 miliar dan nilai impor Indonesia Maret 2016 mencapai US$11,30 miliar","Nilai ekspor Indonesia Maret 2016 mencapai US$11,79 miliar dan nilai impor Indonesia Maret 2016 mencapai US$11,30 miliar EKSPOR Nilai ekspor Indonesia Maret 2016 mencapai US$11,79 miliar atau meningkat 4,25 persen dibanding ekspor Februari 2016. Sementara dibanding Maret 2015 menurun 13,51 persen...",444
1242,2016-04-01,2016,2.7,Statistik Ekonomi,Harga,Harga-Harga,"Nilai Tukar Petani (NTP) Maret 2016 Sebesar 101,32 Atau Turun 0,89 Persen","Nilai Tukar Petani (NTP) Maret 2016 Sebesar 101,32 Atau Turun 0,89 Persen NTP nasional Maret 2016 sebesar 101,32 atau turun 0,89 persen dibanding NTP bulan sebelumnya. Penurunan NTP dikarenakan Indeks Harga yang Diterima Petani (It) turun sebesar 0,22 persen sedangkan Indeks Harga yang Dibayar Pe...",121
1057,2016-04-01,2016,2.4.5,Statistik Ekonomi,Statistik Sektoral,Pariwisata,"Kunjungan Wisman Februari 2016 mencapai 888,3 ribu kunjungan, naik 5,26 persen dibanding Februari 2015","Kunjungan Wisman Februari 2016 mencapai 888,3 ribu kunjungan, naik 5,26 persen dibanding Februari 2015 <ul> <li>Jumlah kunjungan wisatawan mancanegara atau wisman dalam arti luas ke Indonesia Februari 2016 mencapai 888,3 ribu kunjungan, naik 5,26 persen dibanding kunjungan Februari 2015. Begitu p...",208
1045,2016-04-01,2016,2.7,Statistik Ekonomi,Harga,Harga-Harga,"Maret 2016, Indeks Harga Grosir Naik 2,02 Persen","Maret 2016, Indeks Harga Grosir Naik 2,02 Persen Pada Maret 2016 Indeks Harga Perdagangan Besar (IHPB) Umum Nonmigas atau indeks harga grosir/agen naik sebesar 2,02 persen terhadap bulan sebelumnya. Kenaikan IHPB tertinggi terjadi pada Sektor Pertanian sebesar 11,16 persen. IHPB Bahan Bangunan/Ko...",112
1033,2016-04-01,2016,2.7,Statistik Ekonomi,Harga,Harga-Harga,"Maret 2016 Inflasi 0,19 Persen","Maret 2016 Inflasi 0,19 Persen Pada Maret 2016 terjadi inflasi sebesar 0,19 persen dengan Indeks Harga Konsumen (IHK) sebesar 123,75. Dari 82 kota IHK, 58 kota mengalami inflasi dan 24 kota mengalami deflasi. Inflasi tertinggi terjadi di Bukittinggi 1,18 persen dengan IHK 123,05 dan terendah terj...",217
1092,2016-03-15,2016,2.4.6,Statistik Ekonomi,Statistik Sektoral,"Perbankan, Asuransi dan Finansial","Februari 2016 Rupiah Terapresiasi 3,06 Persen Terhadap Dolar Amerika","Februari 2016 Rupiah Terapresiasi 3,06 Persen Terhadap Dolar Amerika Rupiah terapresiasi 3,06 persen terhadap dolar Amerika pada Februari 2016. Level tertinggi rata-rata nasional kurs tengah eceran rupiah terhadap dolar Amerika terjadi pada minggu keempat Februari 2016 yaitu Rp13.431,32 per dolar...",226
1080,2016-03-15,2016,2.8,Statistik Ekonomi,Biaya Tenaga Kerja,Biaya Tenaga Kerja,"Upah nominal harian buruh tani nasional Februari 2016 naik sebesar 0,41%","Upah nominal harian buruh tani nasional Februari 2016 naik sebesar 0,41% 1. Upah nominal harian buruh tani nasional pada Februari 2016 naik sebesar 0,41 persen dibanding upah buruh tani Januari 2016, yaitu dari Rp47.241,00 menjadi Rp47.437,00 per hari. Upah riil mengalami kenaikan sebesar 0,33 pe...",78
1068,2016-03-15,2016,2.6,Statistik Ekonomi,Perdagangan Internasional,Perdagangan Internasional dan Neraca Pembayaran,"Ekspor Februari 2016 mencapai US$11,30 miliar dan Impor mencapai US$10,16 miliar","Ekspor Februari 2016 mencapai US$11,30 miliar dan Impor mencapai US$10,16 miliar Nilai ekspor Indonesia Februari 2016 mencapai US$11,30 miliar atau meningkat 7,80 persen dibanding ekspor Januari 2016. Sementara dibanding Februari 2015 menurun 7,18 persen. Ekspor nonmigas Februari 2016 mencapai US...",446
1271,2016-03-01,2016,2.4.1,Statistik Ekonomi,Statistik Sektoral,"Pertanian, Kehutanan, Perikanan","Produksi Padi tahun 2015 naik 6,37 persen","Produksi Padi tahun 2015 naik 6,37 persen A. PADI 1. Produksi padi tahun 2015 sebanyak 75,36 juta ton gabah kering giling (GKG) atau mengalami kenaikan sebanyak 4,51 juta ton (6,37 persen) dibandingkan tahun 2014. Kenaikan produksi tersebut terjadi di Pulau Jawa sebanyak 2,31 juta ton dan di luar...",259
1241,2016-03-01,2016,2.7,Statistik Ekonomi,Harga,Harga-Harga,"Nilai Tukar Petani (NTP) Februari 2016 Sebesar 102,23 Atau Turun 0,31 Persen","Nilai Tukar Petani (NTP) Februari 2016 Sebesar 102,23 Atau Turun 0,31 Persen NTP nasional Februari 2016 sebesar 102,23 atau turun 0,31 persen dibanding NTP bulan sebelumnya. Penurunan NTP dikarenakan Indeks Harga yang Diterima Petani (It) turun sebesar 0,18 persen sedangkan Indeks Harga yang Diba...",132
1056,2016-03-01,2016,2.4.5,Statistik Ekonomi,Statistik Sektoral,Pariwisata,"Kunjungan Wisatawan Mancanegara Januari 2016 Mencapai 814,3 Ribu","Kunjungan Wisatawan Mancanegara Januari 2016 Mencapai 814,3 Ribu Jumlah kunjungan wisatawan mancanegara atau wisman dalam arti luas ke Indonesia Januari 2016 mencapai 814,3 ribu kunjungan, naik 3,60 persen dibanding kunjungan Januari 2015. Sementara itu, jika dibandingkan dengan Desember 2015, me...",203
1044,2016-03-01,2016,2.7,Statistik Ekonomi,Harga,Harga-Harga,"Februari 2016 harga grosir turun 0,07%","Februari 2016 harga grosir turun 0,07% Pada Februari 2016 Indeks Harga Perdagangan Besar (IHPB) Umum Nonmigas atau indeks harga grosir/agen turun sebesar 0,07 persen terhadap bulan sebelumnya. Penurunan IHPB tertinggi terjadi pada Kelompok Barang Ekspor Nonmigas sebesar 0,76 persen. IHPB Bahan Ba...",103
1032,2016-03-01,2016,2.7,Statistik Ekonomi,Harga,Harga-Harga,"Februari 2016 terjadi deflasi 0,09 persen","Februari 2016 terjadi deflasi 0,09 persen Pada Februari 2016 terjadi deflasi sebesar 0,09 persen dengan Indeks Harga Konsumen (IHK) sebesar 123,51. Dari 82 kota IHK, 52 kota mengalami deflasi dan 30 kota mengalami inflasi. Deflasi tertinggi terjadi di Merauke 2,95 persen dengan IHK 128,60 dan ter...",218
1276,2016-02-22,2016,1.10,Statistik Demografi dan Sosial,Aktivitas Politik dan Komunitas,Aktivitas Politik dan Komunitas Lainnya,"Indeks Perilaku Anti Korupsi (Ipak) Indonesia 2015 Sebesar 3,59 Pada Skala 0 Sampai 5","Indeks Perilaku Anti Korupsi (Ipak) Indonesia 2015 Sebesar 3,59 Pada Skala 0 Sampai 5 Indeks Perilaku Anti Korupsi (IPAK) Indonesia 2015 sebesar 3,59 pada skala 0 sampai 5. Angka ini sedikit lebih rendah dibandingkan capaian 2014 sebesar 3,61. Nilai indeks semakin mendekati 5 menunjukkan bahwa ma...",148
1091,2016-02-15,2016,2.4.6,Statistik Ekonomi,Statistik Sektoral,"Perbankan, Asuransi dan Finansial","Januari 2016 Rupiah Terdepresiasi 0,96 Persen Terhadap Dolar Amerika","Januari 2016 Rupiah Terdepresiasi 0,96 Persen Terhadap Dolar Amerika Rupiah terdepresiasi 0,96 persen terhadap dolar Amerika pada Januari 2016. Level terendah rata-rata nasional kurs tengah eceran rupiah terhadap dolar Amerika terjadi pada minggu ketiga Januari 2016 yaitu Rp13.863,13 per dolar Am...",227
1079,2016-02-15,2016,2.8,Statistik Ekonomi,Biaya Tenaga Kerja,Biaya Tenaga Kerja,"Upah nominal harian buruh tani nasional Januari 2016 naik sebesar 0,52%","Upah nominal harian buruh tani nasional Januari 2016 naik sebesar 0,52% Upah nominal harian buruh tani nasional pada Januari 2016 naik sebesar 0,52 persen dibanding upah buruh tani Desember 2015, yaitu dari Rp46.995,00 menjadi Rp47.241,00 per hari. Upah riil mengalami penurunan sebesar 0,30 perse...",76
1067,2016-02-15,2016,2.6,Statistik Ekonomi,Perdagangan Internasional,Perdagangan Internasional dan Neraca Pembayaran,"Ekspor Indonesia Januari 2016 mencapai US$10,50 miliar dan Nilai impor Indonesia Januari 2016 mencapai US$10,45 miliar","Ekspor Indonesia Januari 2016 mencapai US$10,50 miliar dan Nilai impor Indonesia Januari 2016 mencapai US$10,45 miliar EKSPOR Nilai ekspor Indonesia Januari 2016 mencapai US$10,50 miliar atau menurun 11,88 persen dibanding ekspor Desember 2015. Demikian juga dibanding Januari 2015 menurun 20,72 p...",377
1267,2016-02-05,2016,2.1,Statistik Ekonomi,Statistik Makroekonomi,Neraca Ekonomi,"Ekonomi Indonesia Triwulan IV 2015 tumbuh 5,04 persen tertinggi selama tahun 2015","Ekonomi Indonesia Triwulan IV 2015 tumbuh 5,04 persen tertinggi selama tahun 2015 Perekonomian Indonesia tahun 2015 yang diukur berdasarkan Produk Domestik Bruto (PDB) atas dasar harga berlaku mencapai Rp11.540,8 triliun dan PDB perkapita mencapai Rp45,2 juta atau US$3,377.1. Ekonomi Indonesia ta...",233
1255,2016-02-05,2016,2.3,Statistik Ekonomi,Statistik Bisnis,Statistik Bisnis,Kondisi Bisnis dan Ekonomi Konsumen Meningkat,Kondisi Bisnis dan Ekonomi Konsumen Meningkat Penjelasan Umum Indeks Tendensi Bisnis (ITB) adalah indikator perkembangan ekonomi usaha terkini yang datanya diperoleh dari Survei Tendensi Bisnis (STB) yang dilakukan oleh Badan Pusat Statistik bekerja sama dengan Bank Indonesia. ITB merupakan indek...,305
1263,2016-02-01,2016,2.4.3,Statistik Ekonomi,Statistik Sektoral,"Pertambangan, Manufaktur, Konstruksi","Pertumbuhan Produksi IBS Naik 4,02 Persen dan IMK Naik 5,79 Persen pada  Triwulan Iv-2015 dari Triwulan Iv-2014","Pertumbuhan Produksi IBS Naik 4,02 Persen dan IMK Naik 5,79 Persen pada Triwulan Iv-2015 dari Triwulan Iv-2014 INDUSTRI BESAR DAN SEDANG (IBS) Pertumbuhan produksi industri manufaktur besar dan sedang 2015 (y-on-y) tahunan naik 4,57 persen dibanding tahun 2014. Kenaikan tersebut terutama disebabk...",732
1259,2016-02-01,2016,2.4.3,Statistik Ekonomi,Statistik Sektoral,"Pertambangan, Manufaktur, Konstruksi","Pertumbuhan Produksi IBS Naik 4,02 Persen dan IMK Naik 5,79 Persen pada  Triwulan Iv-2015 dari Triwulan Iv-2014","Pertumbuhan Produksi IBS Naik 4,02 Persen dan IMK Naik 5,79 Persen pada Triwulan Iv-2015 dari Triwulan Iv-2014 INDUSTRI BESAR DAN SEDANG (IBS) Pertumbuhan produksi industri manufaktur besar dan sedang 2015 (y-on-y) tahunan naik 4,57 persen dibanding tahun 2014. Kenaikan tersebut terutama disebabk...",732
1251,2016-02-01,2016,2.7,Statistik Ekonomi,Harga,Harga-Harga,Triwulan IV-2015 Harga Produsen Mengalami Inflasi 0.29 Persen,"Triwulan IV-2015 Harga Produsen Mengalami Inflasi 0.29 Persen Indeks Harga Produsen (IHP) triwulan IV-2015 naik 0,29 persen terhadap triwulan III-2015 (q-to-q) dan naik 1,82 persen terhadap triwulan IV-2014 (y-on-y). IHP Sektor Pertanian triwulan IV-2015 naik 2,06 persen terhadap triwulan III-201...",117
1240,2016-02-01,2016,2.7,Statistik Ekonomi,Harga,Harga-Harga,"Nilai Tukar Petani (NTP) Januari 2016 Sebesar 102,55 Atau Turun 0,27 Persen","Nilai Tukar Petani (NTP) Januari 2016 Sebesar 102,55 Atau Turun 0,27 Persen NTP nasional Januari 2016 sebesar 102,55 atau turun 0,27 persen dibanding NTP bulan sebelumnya. Penurunan NTP dikarenakan Indeks Harga yang Diterima Petani (It) naik sebesar 0,35 persen lebih kecil dibandingkan kenaikan I...",129
1228,2016-02-01,2016,1.5,Statistik Demografi dan Sosial,Pendapatan dan Konsumsi,Konsumsi dan Pendapatan,"Marjin Perdagangan Dan Pengangkutan Beras 10,42 Persen, Cabai Merah 25,33 Persen, Bawang Merah 22,61 Persen, Jagung Pipilan 31,90 Persen, Dan Daging Ayam Ras 11,63 Persen","Marjin Perdagangan Dan Pengangkutan Beras 10,42 Persen, Cabai Merah 25,33 Persen, Bawang Merah 22,61 Persen, Jagung Pipilan 31,90 Persen, Dan Daging Ayam Ras 11,63 Persen Pola Distribusi Perdagangan 2015 Distribusi perdagangan beras, cabai merah, bawang merah, jagung pipilan, dan daging ayam ras ...",276
1055,2016-02-01,2016,2.4.5,Statistik Ekonomi,Statistik Sektoral,Pariwisata,"370,9 Ribu Warga Negara Asing Mengunjungi Indonesia Melalui Pos Lintas Batas di Tahun 2015","370,9 Ribu Warga Negara Asing Mengunjungi Indonesia Melalui Pos Lintas Batas di Tahun 2015 Penduduk mancanegara yang berkunjung ke Indonesia selama tahun 2015 mencapai 10,41 juta kunjungan, dimana 9,73 juta merupakan kunjungan wisman, 370,9 ribu kunjungan WNA yang memasuki wilayah Indonesia melal...",222
1043,2016-02-01,2016,2.7,Statistik Ekonomi,Harga,Harga-Harga,"Januari 2016 harga grosir naik 1,02%","Januari 2016 harga grosir naik 1,02% Pada Januari 2016 Indeks Harga Perdagangan Besar (IHPB) Umum Nonmigas atau indeks harga grosir/agen naik sebesar 1,02 persen terhadap bulan sebelumnya. Kenaikan IHPB tertinggi terjadi pada Sektor Pertanian sebesar 2,61 persen. IHPB Bahan Bangunan/Konstruksi pa...",101
1031,2016-02-01,2016,2.7,Statistik Ekonomi,Harga,Harga-Harga,"Januari 2016 terjadi inflasi 0,51 persen","Januari 2016 terjadi inflasi 0,51 persen Pada Januari 2016 terjadi inflasi sebesar 0,51 persen dengan Indeks Harga Konsumen (IHK) sebesar 123,62. Dari 82 kota IHK, 75 kota mengalami inflasi dan 7 kota mengalami deflasi. Inflasi tertinggi terjadi di Sibolga 1,82 persen dengan IHK 125,64 dan terend...",207
1090,2016-01-15,2016,2.4.6,Statistik Ekonomi,Statistik Sektoral,"Perbankan, Asuransi dan Finansial","Desember 2015 Rupiah Terdepresiasi 0,49 Persen Terhadap Dolar Amerika","Desember 2015 Rupiah Terdepresiasi 0,49 Persen Terhadap Dolar Amerika Rupiah terdepresiasi 0,49 persen terhadap dolar Amerika pada Desember 2015. Level terendah rata-rata nasional kurs tengah eceran rupiah terhadap dolar Amerika terjadi pada minggu ketiga Desember 2015 yaitu Rp14.013,19 per dolar...",229
1078,2016-01-15,2016,2.8,Statistik Ekonomi,Biaya Tenaga Kerja,Biaya Tenaga Kerja,"Upah nominal harian buruh tani nasional Desember 2015 naik sebesar 0,24%","Upah nominal harian buruh tani nasional Desember 2015 naik sebesar 0,24% Upah nominal harian buruh tani nasional pada Desember 2015 naik sebesar 0,24 persen dibanding upah buruh tani November 2015, yaitu dari Rp46.881,00 menjadi Rp46.995,00 per hari. Upah riil mengalami penurunan sebesar 0,89 per...",76
1066,2016-01-15,2016,2.6,Statistik Ekonomi,Perdagangan Internasional,Perdagangan Internasional dan Neraca Pembayaran,"Ekspor Desember 2015 mencapai US$11,89 miliar dan impor mencapai US$12,12 miliar","Ekspor Desember 2015 mencapai US$11,89 miliar dan impor mencapai US$12,12 miliar EKSPOR Nilai ekspor Indonesia Desember 2015 mencapai US$11,89 miliar atau meningkat 6,98 persen dibanding ekspor November 2015. Sementara dibanding Desember 2014 menurun 17,66 persen. Ekspor nonmigas Desember 2015 me...",442
1239,2016-01-04,2016,2.7,Statistik Ekonomi,Harga,Harga-Harga,"Nilai Tukar Petani (NTP) Desember 2015 Sebesar 102,83 Atau Turun 0,11 Persen","Nilai Tukar Petani (NTP) Desember 2015 Sebesar 102,83 Atau Turun 0,11 Persen NTP nasional Desember 2015 sebesar 102,83 atau turun 0,11 persen dibanding NTP bulan sebelumnya. Penurunan NTP dikarenakan Indeks Harga yang Diterima Petani (It) naik sebesar 0,77 persen lebih kecil dibandingkan kenaikan...",125
1227,2016-01-04,2016,3.3.1,Statistik Lingkungan Hidup dan Multi-domain,Statistik Multi-domain,"Kondisi Tempat Tinggal, Kemiskinan, dan Permasalahan Sosial Lintas Sektor","Persentase Penduduk Miskin September 2015 mencapai 11,13%","Persentase Penduduk Miskin September 2015 mencapai 11,13% Pada bulan September 2015, jumlah penduduk miskin (penduduk dengan pengeluaran per kapita per bulan di bawah Garis Kemiskinan) di Indonesia mencapai 28,51 juta orang (11,13 persen), berkurang sebesar 0,08 juta orang dibandingkan dengan kon...",256
1054,2016-01-04,2016,2.4.5,Statistik Ekonomi,Statistik Sektoral,Pariwisata,"Wisatawan Mancanegara November 2015 capai 777,5 Ribu, Naik 1,70% dari November 2014","Wisatawan Mancanegara November 2015 capai 777,5 Ribu, Naik 1,70% dari November 2014 Jumlah kunjungan wisatawan mancanegara (wisman) ke Indonesia pada November 2015 mencapai 777,5 ribu kunjungan atau naik 1,70 persen dibandingkan jumlah kunjungan wisman November 2014 yang tercatat sebanyak 764,5 r...",208
1042,2016-01-04,2016,2.7,Statistik Ekonomi,Harga,Harga-Harga,"Desember 2015 harga grosir naik 2,03%","Desember 2015 harga grosir naik 2,03% Pada Desember 2015 Indeks Harga Perdagangan Besar (IHPB) Umum Nonmigas atau indeks harga grosir/agen naik sebesar 2,03 persen terhadap bulan sebelumnya. Kenaikan IHPB tertinggi terjadi pada Sektor Pertanian sebesar 9,60 persen. IHPB Bahan Bangunan/Konstruksi ...",111
1030,2016-01-04,2016,2.7,Statistik Ekonomi,Harga,Harga-Harga,"Desember 2015 terjadi Inflasi 0,96 persen","Desember 2015 terjadi Inflasi 0,96 persen Pada Desember 2015 terjadi inflasi sebesar 0,96 persen dengan Indeks Harga Konsumen (IHK) sebesar 122,99. Dari 82 kota IHK, seluruhnya mengalami inflasi. Inflasi tertinggi terjadi di Merauke 2,87 persen dengan IHK 131,04 dan terendah terjadi di Cirebon 0,...",167
1362,2017-12-15,2017,2.4.6,Statistik Ekonomi,Statistik Sektoral,"Perbankan, Asuransi dan Finansial","November 2017 Rupiah Terapresiasi 0,24 Persen Terhadap Dolar Amerika","November 2017 Rupiah Terapresiasi 0,24 Persen Terhadap Dolar Amerika Rupiah terapresiasi 0,24 persen terhadap dolar Amerika pada November 2017 dengan nilai tukar sebesar Rp13.490,31 per dolar Amerika. Menurut provinsi, level tertinggi kurs tengah terjadi di Provinsi Papua yang mencapai Rp13.322,1...",164
1350,2017-12-15,2017,2.8,Statistik Ekonomi,Biaya Tenaga Kerja,Biaya Tenaga Kerja,"Upah nominal harian buruh tani nasional November 2017 naik sebesar 0,21%","Upah nominal harian buruh tani nasional November 2017 naik sebesar 0,21% Upah nominal buruh/pekerja adalah rata-rata upah harian yang diterima buruh sebagai balas jasa pekerjaan yang telah dilakukan. Upah riil buruh/pekerja menggambarkan daya beli dari pendapatan/upah yang diterima buruh/pekerja....",117
1338,2017-12-15,2017,2.6,Statistik Ekonomi,Perdagangan Internasional,Perdagangan Internasional dan Neraca Pembayaran,"Nilai ekspor Indonesia November 2017 mencapai US$15,28 miliar dan Nilai impor Indonesia November 2017 mencapai US$15,15 miliar","Nilai ekspor Indonesia November 2017 mencapai US$15,28 miliar dan Nilai impor Indonesia November 2017 mencapai US$15,15 miliar EKSPOR Nilai ekspor Indonesia November 2017 mencapai US$15,28 miliar atau meningkat 0,26 persen dibanding ekspor Oktober 2017. Sementara dibanding November 2016 meningkat...",408
1310,2017-12-15,2017,2.9,Statistik Ekonomi,IPTEK dan Inovasi,"Ilmu Pengetahuan, Teknologi, dan Inovasi","Indeks Pembangunan Teknologi Informasi dan Komunikasi (IP-TIK) Indonesia Tahun 2016 Sebesar 4,34 Pada Skala 0–10.","Indeks Pembangunan Teknologi Informasi dan Komunikasi (IP-TIK) Indonesia Tahun 2016 Sebesar 4,34 Pada Skala 0–10. Indeks Pembangunan Teknologi Informasi dan Komunikasi (IP-TIK) merupakan suatu ukuran standar yang dapat menggambarkan tingkat pembangunan teknologi informasi dan komunikasi suatu wil...",221
1391,2017-12-04,2017,2.7,Statistik Ekonomi,Harga,Harga-Harga,"Nilai Tukar Petani (NTP) November 2017 sebesar 103,07 atau naik 0,28 persen","Nilai Tukar Petani (NTP) November 2017 sebesar 103,07 atau naik 0,28 persen - Nilai Tukar Petani (NTP) adalah perbandingan indeks harga yang diterima petani (It) terhadap indeks harga yang dibayar petani (Ib). - NTP merupakan salah satu indikator untuk melihat tingkat kemampuan/daya beli petani d...",203
1325,2017-12-04,2017,2.4.5,Statistik Ekonomi,Statistik Sektoral,Pariwisata,"Jumlah kunjungan wisman ke Indonesia Oktober 2017 mencapai 1,16 juta kunjungan","Jumlah kunjungan wisman ke Indonesia Oktober 2017 mencapai 1,16 juta kunjungan Jumlah kunjungan wisatawan mancanegara atau wisman ke Indonesia Oktober 2017 naik 11,33 persen dibanding jumlah kunjungan pada Oktober 2016, yaitu dari 1,04 juta kunjungan menjadi 1,16 juta kunjungan. Sementara itu, ji...",168
1307,2017-12-04,2017,2.7,Statistik Ekonomi,Harga,Harga-Harga,"November 2017, Indeks Harga Perdagangan Besar (IHPB) Umum Nonmigas naik 0,39%","November 2017, Indeks Harga Perdagangan Besar (IHPB) Umum Nonmigas naik 0,39% Pada November 2017, Indeks Harga Perdagangan Besar (IHPB) Umum Nonmigas atau indeks harga grosir/agen naik sebesar 0,39 persen terhadap bulan sebelumnya. Kenaikan IHPB tertinggi terjadi pada Kelompok Barang Ekspor Nonmi...",158
1295,2017-12-04,2017,2.7,Statistik Ekonomi,Harga,Harga-Harga,"November 2017 terjadi inflasi 0,20 persen","November 2017 terjadi inflasi 0,20 persen Pada November 2017 terjadi inflasi sebesar 0,20 persen dengan Indeks Harga Konsumen (IHK) sebesar 130,35. Dari 82 kota IHK, 68 kota mengalami inflasi dan 14 kota mengalami deflasi. Inflasi tertinggi terjadi di Singaraja sebesar 1,80 persen dengan IHK sebe...",221
1361,2017-11-15,2017,2.4.6,Statistik Ekonomi,Statistik Sektoral,"Perbankan, Asuransi dan Finansial",Perkembangan Nilai Tukar Eceran Rupiah Oktober 2017,"Perkembangan Nilai Tukar Eceran Rupiah Oktober 2017 Rupiah terdepresiasi 1,27 persen terhadap dolar Amerika pada Oktober 2017 dengan nilai tukar sebesar Rp13.523,07 per dolar Amerika. Menurut provinsi, level terendah kurs tengah terjadi di Provinsi Jawa Tengah yang mencapai Rp13.609,38 per dolar ...",47
1349,2017-11-15,2017,2.8,Statistik Ekonomi,Biaya Tenaga Kerja,Biaya Tenaga Kerja,"Upah nominal harian buruh tani nasional October 2017 naik sebesar 0,25%","Upah nominal harian buruh tani nasional October 2017 naik sebesar 0,25% Upah nominal buruh/pekerja adalah rata-rata upah harian yang diterima buruh sebagai balas jasa pekerjaan yang telah dilakukan. Upah riil buruh/pekerja menggambarkan daya beli dari pendapatan/upah yang diterima buruh/pekerja. ...",117
1337,2017-11-15,2017,2.6,Statistik Ekonomi,Perdagangan Internasional,Perdagangan Internasional dan Neraca Pembayaran,"Nilai ekspor Indonesia Oktober 2017 mencapai US$15,09 miliar dan Nilai impor Indonesia Oktober 2017 mencapai US$14,19 miliar","Nilai ekspor Indonesia Oktober 2017 mencapai US$15,09 miliar dan Nilai impor Indonesia Oktober 2017 mencapai US$14,19 miliar EKSPOR Nilai ekspor Indonesia Oktober 2017 mencapai US$15,09 miliar atau meningkat 3,62 persen dibanding ekspor September 2017. Sementara dibanding Oktober 2016 meningkat 1...",407
1377,2017-11-06,2017,1.2,Statistik Demografi dan Sosial,Ketenagakerjaan,Tenaga Kerja,"Agustus 2017: Tingkat Pengangguran Terbuka (TPT) sebesar 5,50 persen","Agustus 2017: Tingkat Pengangguran Terbuka (TPT) sebesar 5,50 persen Sebanyak 128,06 juta penduduk Indonesia adalah angkatan kerja, jumlahnya bertambah 2,62 juta orang dari Agustus 2016. Sejalan dengan itu, Tingkat Partisipasi Angkatan Kerja (TPAK) juga meningkat 0,33 poin. Dalam setahun terakhir...",178
1370,2017-11-06,2017,2.3,Statistik Ekonomi,Statistik Bisnis,Statistik Bisnis,Indeks Tendensi Bisnis dan Indeks Tendensi Konsumen Triwulan III-2017 serta Perkiraan Triwulan IV-2017,Indeks Tendensi Bisnis dan Indeks Tendensi Konsumen Triwulan III-2017 serta Perkiraan Triwulan IV-2017 - Kondisi bisnis di Indonesia pada triwulan III 2017 meningkat dibandingkan triwulan II-2017 - Optimisme pelaku bisnis pada triwulan III-2017 masih cukup terjaga dengan posisi Indeks Tendensi Bi...,61
1366,2017-11-06,2017,2.1,Statistik Ekonomi,Statistik Makroekonomi,Neraca Ekonomi,"Ekonomi Indonesia Triwulan III-2017 Tumbuh 5,06 Persen","Ekonomi Indonesia Triwulan III-2017 Tumbuh 5,06 Persen Indonesia berdasarkan besaran Produk Domestik Bruto (PDB) atas dasar harga berlaku triwulan III- 2017 mencapai Rp3.502,3 triliun dan atas dasar harga konstan 2010 mencapai Rp2.551,5 triliun. Ekonomi Indonesia triwulan III-2017 terhadap triwul...",211
1407,2017-11-01,2017,2.4,Statistik Ekonomi,Statistik Sektoral,Statistik sektoral,"Indeks Kepuasan Jemaah Haji Indonesia (IKJHI) 1438 H/2017 M naik 1,02 poin dibandingkan tahun sebelumnya.","Indeks Kepuasan Jemaah Haji Indonesia (IKJHI) 1438 H/2017 M naik 1,02 poin dibandingkan tahun sebelumnya. Secara keseluruhan Indeks Kepuasan Jemaah Haji Indonesia (IKJHI) di Arab Saudi pada tahun 1438 H/2017 M adalah sebesar 84,85 persen, tergolong “Memuaskan”. Berdasarkan jenis pelayanan, indeks...",116
1399,2017-11-01,2017,2.4.3,Statistik Ekonomi,Statistik Sektoral,"Pertambangan, Manufaktur, Konstruksi","Pertumbuhan produksi IBS naik 5,51 persen dan IMK naik 5,34 persen pada triwulan III tahun 2017 dari triwulan III tahun 2016","Pertumbuhan produksi IBS naik 5,51 persen dan IMK naik 5,34 persen pada triwulan III tahun 2017 dari triwulan III tahun 2016 IBS • Pertumbuhan produksi industri manufaktur besar dan sedang triwulan III-2017 naik sebesar 5,51 persen (y-on-y) terhadap triwulan III-2016. Kenaikan tersebut terutama d...",374
1390,2017-11-01,2017,2.7,Statistik Ekonomi,Harga,Harga-Harga,"Nilai Tukar Petani (NTP) Oktober 2017 sebesar 102,78 atau naik 0,54 persen","Nilai Tukar Petani (NTP) Oktober 2017 sebesar 102,78 atau naik 0,54 persen - Nilai Tukar Petani (NTP) adalah perbandingan indeks harga yang diterima petani (It) terhadap indeks harga yang dibayar petani (Ib). - NTP merupakan salah satu indikator untuk melihat tingkat kemampuan/daya beli petani di...",191
1374,2017-11-01,2017,2.7,Statistik Ekonomi,Harga,Harga-Harga,"Triwulan III-2017 Harga Produsen Mengalami Inﬂasi 0,68 Persen","Triwulan III-2017 Harga Produsen Mengalami Inﬂasi 0,68 Persen Indeks Harga Produsen (IHP) triwulan III-2017 naik 0,68 persen terhadap triwulan II-2017 (q-to-q) dan naik 3,28 persen terhadap triwulan III-2016 (y-on-y). IHP Sektor Pertanian triwulan III-2017 naik 0,77 persen terhadap triwulan II-20...",184
1324,2017-11-01,2017,2.4.5,Statistik Ekonomi,Statistik Sektoral,Pariwisata,"Jumlah kunjungan wisman ke Indonesia September 2017 mencapai 1,21 juta kunjungan.","Jumlah kunjungan wisman ke Indonesia September 2017 mencapai 1,21 juta kunjungan. Jumlah kunjungan wisatawan mancanegara atau wisman ke Indonesia September 2017 naik 20,47 persen dibanding jumlah kunjungan pada September 2016, yaitu dari 1,01 juta kunjungan menjadi 1,21 juta kunjungan. Sementara ...",164
1306,2017-11-01,2017,2.7,Statistik Ekonomi,Harga,Harga-Harga,"Oktober 2017, Indeks Harga Perdagangan Besar (IHPB) Umum Nonmigas naik 0,45%","Oktober 2017, Indeks Harga Perdagangan Besar (IHPB) Umum Nonmigas naik 0,45% Pada Oktober 2017, Indeks Harga Perdagangan Besar (IHPB) Umum Nonmigas atau indeks harga grosir/agen naik sebesar 0,45 persen terhadap bulan sebelumnya. Kenaikan IHPB tertinggi terjadi pada Kelompok Barang Ekspor Nonmiga...",158
1294,2017-11-01,2017,2.7,Statistik Ekonomi,Harga,Harga-Harga,"Oktober 2017 inflasi sebesar 0,01 persen","Oktober 2017 inflasi sebesar 0,01 persen Pada Oktober 2017 terjadi inflasi sebesar 0,01 persen dengan Indeks Harga Konsumen (IHK) sebesar 130,09. Dari 82 kota IHK, 44 kota mengalami inflasi dan 38 kota mengalami deflasi. Inflasi tertinggi terjadi di Tual sebesar 1,05 persen dengan IHK sebesar 155...",230
1360,2017-10-16,2017,2.4.6,Statistik Ekonomi,Statistik Sektoral,"Perbankan, Asuransi dan Finansial","September 2017 Rupiah Terdepresiasi 0,23 Persen Terhadap Dolar Amerika","September 2017 Rupiah Terdepresiasi 0,23 Persen Terhadap Dolar Amerika Rupiah terdepresiasi 0,23 persen terhadap dolar Amerika pada September 2017. Level terendah rata-rata nasional kurs tengah eceran rupiah terhadap dolar Amerika terjadi pada minggu keempat September 2017 yang mencapai Rp13.352,...",229
1348,2017-10-16,2017,2.8,Statistik Ekonomi,Biaya Tenaga Kerja,Biaya Tenaga Kerja,"Upah nominal harian buruh tani nasional September 2017 naik sebesar 0,27%","Upah nominal harian buruh tani nasional September 2017 naik sebesar 0,27% Upah nominal buruh/pekerja adalah rata-rata upah harian yang diterima buruh sebagai balas jasa pekerjaan yang telah dilakukan. Upah riil buruh/pekerja menggambarkan daya beli dari pendapatan/upah yang diterima buruh/pekerja...",117
1336,2017-10-16,2017,2.6,Statistik Ekonomi,Perdagangan Internasional,Perdagangan Internasional dan Neraca Pembayaran,"Nilai ekspor Indonesia September 2017 mencapai US$14,54	dan Nilai impor Indonesia September 2017 mencapai US$12,78 miliar","Nilai ekspor Indonesia September 2017 mencapai US$14,54 dan Nilai impor Indonesia September 2017 mencapai US$12,78 miliar EKSPOR • Nilai ekspor Indonesia September 2017 mencapai US$14,54 miliar atau menurun 4,51 persen dibanding ekspor Agustus 2017. Sementara dibanding September 2016 meningkat 15...",413
1389,2017-10-03,2017,2.7,Statistik Ekonomi,Harga,Harga-Harga,"NTP  nasional  September  2017  sebesar  102,22  atau  naik  0,61  persen  dibanding  NTP  bulan  sebelumnya","NTP nasional September 2017 sebesar 102,22 atau naik 0,61 persen dibanding NTP bulan sebelumnya Nilai Tukar Petani (NTP) adalah perbandingan indeks harga yangditerimapetani(It) terhadap indeks harga yang dibayar petani(Ib). NTP merupakan salah satu indikator untuk melihat tingkat kemampuan/daya b...",441
1323,2017-10-02,2017,2.4.5,Statistik Ekonomi,Statistik Sektoral,Pariwisata,"Kunjungan Wisman Agustus 2017 Mencapai 1,4 Juta Kunjungan","Kunjungan Wisman Agustus 2017 Mencapai 1,4 Juta Kunjungan Jumlah kunjungan wisatawan mancanegara atau wisman ke Indonesia Agustus 2017 naik 36,11 persen dibanding jumlah kunjungan pada Agustus 2016, yaitu dari 1,03 juta kunjungan menjadi 1,40 juta kunjungan. Begitu pula, jika dibandingkan dengan ...",161
1305,2017-10-02,2017,2.7,Statistik Ekonomi,Harga,Harga-Harga,"September 2017, Indeks Harga Perdagangan Besar (IHPB) Umum Nonmigas naik 0,15%","September 2017, Indeks Harga Perdagangan Besar (IHPB) Umum Nonmigas naik 0,15% Pada September 2017, Indeks Harga Perdagangan Besar (IHPB) Umum Nonmigas atau indeks harga grosir/agen naik sebesar 0,15 persen terhadap bulan sebelumnya. Kenaikan IHPB tertinggi terjadi pada Sektor Industri sebesar 0,...",157
1293,2017-10-02,2017,2.7,Statistik Ekonomi,Harga,Harga-Harga,"Pada September 2017 terjadi inflasi sebesar 0,13 persen dengan Indeks Harga Konsumen (IHK) sebesar 130,08","Pada September 2017 terjadi inflasi sebesar 0,13 persen dengan Indeks Harga Konsumen (IHK) sebesar 130,08 Pada September 2017 terjadi inflasi sebesar 0,13 persen dengan Indeks Harga Konsumen (IHK) sebesar 130,08. Dari 82 kota IHK, 50 kota mengalami inflasi dan 32 kota mengalami deflasi. Inflasi t...",240
1359,2017-09-15,2017,2.4.6,Statistik Ekonomi,Statistik Sektoral,"Perbankan, Asuransi dan Finansial","Agustus 2017 Rupiah Terdepresiasi 0,05 Persen Terhadap Dollar Amerika","Agustus 2017 Rupiah Terdepresiasi 0,05 Persen Terhadap Dollar Amerika Rupiah terdepresiasi 0,05 persen terhadap dolar Amerika pada Agustus 2017 dengan nilai tukar sebesar Rp13.322,54 per dolar Amerika. Level terendah rata-rata nasional kurs tengah eceran rupiah terhadap dolar Amerika terjadi pada...",257
1347,2017-09-15,2017,2.8,Statistik Ekonomi,Biaya Tenaga Kerja,Biaya Tenaga Kerja,"Upah nominal harian buruh tani nasional Agustus 2017 naik sebesar 0,15%","Upah nominal harian buruh tani nasional Agustus 2017 naik sebesar 0,15% Upah nominal harian buruh tani nasional pada Agustus 2017 naik sebesar 0,15 persen dibanding upah buruh tani Juli 2017, yaitu dari Rp50.003,00 menjadi Rp50.079,00 per hari. Upah riil mengalami kenaikan sebesar 0,27 persen. Up...",76
1335,2017-09-15,2017,2.6,Statistik Ekonomi,Perdagangan Internasional,Perdagangan Internasional dan Neraca Pembayaran,"Ekspor Agustus 2017 Mencapai US$15,21 Miliar Dan Impor Agustus 2017 Sebesar US$13,49 Miliar","Ekspor Agustus 2017 Mencapai US$15,21 Miliar Dan Impor Agustus 2017 Sebesar US$13,49 Miliar EKSPOR Nilai ekspor Indonesia Agustus 2017 mencapai US$15,21 miliar atau meningkat 11,73 persen dibanding ekspor Juli 2017. Demikian juga dibanding Agustus 2016 meningkat 19,24 persen. Ekspor nonmigas Agus...",396
1401,2017-09-14,2017,1.10,Statistik Demografi dan Sosial,Aktivitas Politik dan Komunitas,Aktivitas Politik dan Komunitas Lainnya,Indeks Demokrasi Indonesia (IDI) Tingkat Nasional 2016 Mengalami Penurunan Dibandingkan Dengan IDI Tingkat Nasional 2015,Indeks Demokrasi Indonesia (IDI) Tingkat Nasional 2016 Mengalami Penurunan Dibandingkan Dengan IDI Tingkat Nasional 2015 IDI adalah indikator komposit yang menunjukkan tingkat perkembangan demokrasi di Indonesia. Tingkat capaiannya diukur berdasarkan pelaksanaan dan perkembangan tiga aspek demokr...,183
1388,2017-09-04,2017,2.7,Statistik Ekonomi,Harga,Harga-Harga,"NTP nasional Agustus 2017 sebesar 101,60 atau naik 0,94 persen","NTP nasional Agustus 2017 sebesar 101,60 atau naik 0,94 persen NTP nasional Agustus 2017 sebesar 101,60 atau naik 0,94 persen dibanding NTP bulan sebelumnya. Kenaikan NTP dikarenakan Indeks Harga yang Diterima Petani (It) naik sebesar 0,92 persen sedangkan Indeks Harga yang Dibayar Petani (Ib) tu...",373
1322,2017-09-04,2017,2.4.5,Statistik Ekonomi,Statistik Sektoral,Pariwisata,"Kunjungan Wisman Juli 2017 Mencapai 1,35 Juta Kunjungan","Kunjungan Wisman Juli 2017 Mencapai 1,35 Juta Kunjungan Jumlah kunjungan wisatawan mancanegara atau wisman ke Indonesia Juli 2017 naik 30,85 persen dibanding jumlah kunjungan pada Juli 2016, yaitu dari 1,03 juta kunjungan menjadi 1,35 juta kunjungan. Begitu pula, jika dibandingkan dengan Juni 201...",161
1304,2017-09-04,2017,2.7,Statistik Ekonomi,Harga,Harga-Harga,"Agustus 2017 harga grosir naik 0,05%","Agustus 2017 harga grosir naik 0,05% Pada Agustus 2017, Indeks Harga Perdagangan Besar (IHPB) Umum Nonmigas atau indeks harga grosir/agen naik sebesar 0,05 persen terhadap bulan sebelumnya. Kenaikan IHPB tertinggi terjadi pada Kelompok Barang Ekspor Nonmigas sebesar 0,25 persen. IHPB Bahan Bangun...",112
1292,2017-09-04,2017,2.7,Statistik Ekonomi,Harga,Harga-Harga,"Agustus 2017 Deflasi 0,07 Persen","Agustus 2017 Deflasi 0,07 Persen Pada Agustus 2017 terjadi deflasi sebesar 0,07 persen dengan Indeks Harga Konsumen (IHK) sebesar 129,91. Dari 82 kota IHK, 47 kota mengalami deflasi dan 35 kota mengalami inflasi. Deflasi tertinggi terjadi di Ambon sebesar 2,08 persen dengan IHK sebesar 128,03 dan...",222
1358,2017-08-15,2017,2.4.6,Statistik Ekonomi,Statistik Sektoral,"Perbankan, Asuransi dan Finansial","Juli 2017 Rupiah Terdepresiasi 0,28% terhadap Dollar Amerika","Juli 2017 Rupiah Terdepresiasi 0,28% terhadap Dollar Amerika Rupiah terdepresiasi 0,28 persen terhadap dolar Amerika pada Juli 2017 dengan nilai tukar sebesar Rp13.315,90 per dolar Amerika. Level terendah rata-rata nasional kurs tengah eceran rupiah terhadap dolar Amerika terjadi pada minggu kedu...",258
1346,2017-08-15,2017,2.8,Statistik Ekonomi,Biaya Tenaga Kerja,Biaya Tenaga Kerja,"Upah nominal harian buruh tani nasional Juli 2017 naik sebesar 0,18%","Upah nominal harian buruh tani nasional Juli 2017 naik sebesar 0,18% Upah nominal harian buruh tani nasional pada Juli 2017 naik sebesar 0,18 persen dibanding upah buruh tani Juni 2017, yaitu dari Rp49.912,00 menjadi Rp50.003,00 per hari. Upah riil mengalami kenaikan sebesar 0,03 persen Upah nomi...",76
1334,2017-08-15,2017,2.6,Statistik Ekonomi,Perdagangan Internasional,Perdagangan Internasional dan Neraca Pembayaran,"Ekspor Juli 2017 Mencapai US$13,62 Miliar Dan Impor Juli 2017 Sebesar US$13,89 Miliar","Ekspor Juli 2017 Mencapai US$13,62 Miliar Dan Impor Juli 2017 Sebesar US$13,89 Miliar Ekspor Nilai ekspor Indonesia Juli 2017 mencapai US$13,62 miliar atau meningkat 16,83 persen dibanding ekspor Juni 2017. Demikian juga dibanding Juli 2016 meningkat 41,12 persen. Ekspor nonmigas Juli 2017 mencap...",403
1312,2017-08-15,2017,3.3.1,Statistik Lingkungan Hidup dan Multi-domain,Statistik Multi-domain,"Kondisi Tempat Tinggal, Kemiskinan, dan Permasalahan Sosial Lintas Sektor","Indeks Kebahagiaan Indonesia Tahun 2017 Sebesar 70,69 pada Skala 0-100","Indeks Kebahagiaan Indonesia Tahun 2017 Sebesar 70,69 pada Skala 0-100 Indeks Kebahagiaan Indonesia tahun 2017 berdasarkan hasil Survei Pengukuran Tingkat Kebahagiaan (SPTK) sebesar 70,69 pada skala 0–100. Indeks Kebahagiaan Indonesia tahun 2017 merupakan indeks komposit yang disusun oleh tiga di...",112
1369,2017-08-07,2017,2.3,Statistik Ekonomi,Statistik Bisnis,Statistik Bisnis,Kondisi Bisnis dan Kondisi Ekonomi Konsumen Triwulan II-2017 Meningkat,Kondisi Bisnis dan Kondisi Ekonomi Konsumen Triwulan II-2017 Meningkat A. Penjelasan Umum Indeks Tendensi Bisnis (ITB) adalah indikator perkembangan ekonomi usaha terkini yang datanya diperoleh dari Survei Tendensi Bisnis (STB) yang dilakukan oleh Badan Pusat Statistik bekerja sama dengan Bank In...,317
1365,2017-08-07,2017,2.1,Statistik Ekonomi,Statistik Makroekonomi,Neraca Ekonomi,Pertumbuhan Ekonomi Indonesia Triwulan II-2017,"Pertumbuhan Ekonomi Indonesia Triwulan II-2017 Perekonomian Indonesia berdasarkan besaran Produk Domestik Bruto (PDB) atas dasar harga berlaku triwulan II-2017 mencapai Rp3 366,8 triliun dan atas dasar harga konstan 2010 mencapai Rp2 472,8 triliun. Ekonomi Indonesia triwulan II-2017 terhadap triw...",227
1398,2017-08-01,2017,2.4.3,Statistik Ekonomi,Statistik Sektoral,"Pertambangan, Manufaktur, Konstruksi","Pertumbuhan Produksi Industri Manufaktur Besar dan Sedang Naik 4,00 Persen Dan Industri Manufaktur Mikro dan Kecil Naik 2,50 Persen Pada Triwulan II Tahun 2017 Dari Triwulan II Tahun 2016","Pertumbuhan Produksi Industri Manufaktur Besar dan Sedang Naik 4,00 Persen Dan Industri Manufaktur Mikro dan Kecil Naik 2,50 Persen Pada Triwulan II Tahun 2017 Dari Triwulan II Tahun 2016 Industri Manufaktur Besar dan Sedang Pertumbuhan produksi industri manufaktur besar dan sedang triwulan II ta...",656
1387,2017-08-01,2017,2.7,Statistik Ekonomi,Harga,Harga-Harga,"Nilai tukar Petani (NTP) Juli 2017 Sebesar 100,65 atau naik 0,12%","Nilai tukar Petani (NTP) Juli 2017 Sebesar 100,65 atau naik 0,12% NTP nasional Juli 2017 sebesar 100,65 atau naik 0,12 persen dibanding NTP bulan sebelumnya. Kenaikan NTP dikarenakan Indeks Harga yang Diterima Petani (It) naik sebesar 0,26 persen lebih besar dari kenaikan Indeks Harga yang Dibaya...",124
1373,2017-08-01,2017,2.7,Statistik Ekonomi,Harga,Harga-Harga,"Triwulan II-2017 Harga Produsen Mengalami Deflasi 0,33 Persen","Triwulan II-2017 Harga Produsen Mengalami Deflasi 0,33 Persen Indeks Harga Produsen (IHP) triwulan II-2017 turun 0,33 persen terhadap triwulan I-2017 (q-to-q) dan naik 3,52 persen terhadap triwulan II-2016 (y-on-y). IHP Sektor Pertanian triwulan II-2017 turun 0,72 persen terhadap triwulan I-2017 ...",185
1321,2017-08-01,2017,2.4.5,Statistik Ekonomi,Statistik Sektoral,Pariwisata,"Kunjungan Wisman Juni 2017 Mencapai 1,13 Juta Kunjungan","Kunjungan Wisman Juni 2017 Mencapai 1,13 Juta Kunjungan Jumlah kunjungan wisatawan mancanegara atau wisman ke Indonesia Juni 2017 naik 31,61 persen dibanding jumlah kunjungan pada Juni 2016, yaitu dari 857,65 ribu kunjungan menjadi 1,13 juta kunjungan. Sementara itu, jika dibandingkan dengan Mei ...",164
1303,2017-08-01,2017,2.7,Statistik Ekonomi,Harga,Harga-Harga,"Juli 2017 harga grosir turun 0,23%","Juli 2017 harga grosir turun 0,23% Pada Juli 2017 Indeks Harga Perdagangan Besar (IHPB) Umum Nonmigas atau indeks harga grosir/agen turun sebesar 0,23 persen terhadap bulan sebelumnya. Penurunan IHPB tertinggi terjadi pada Kelompok Barang Ekspor Nonmigas sebesar 1,76 persen. IHPB Bahan Bangunan/K...",108
1291,2017-08-01,2017,2.7,Statistik Ekonomi,Harga,Harga-Harga,"Juli 2017 Inflasi 0,22 Persen","Juli 2017 Inflasi 0,22 Persen Pada Juli 2017 terjadi inflasi sebesar 0,22 persen dengan Indeks Harga Konsumen (IHK) sebesar 130,00. Dari 82 kota IHK, 59 kota mengalami inflasi dan 23 kota mengalami deflasi. Inflasi tertinggi terjadi di Bau-Bau sebesar 2,44 persen dengan IHK sebesar 134,83 dan ter...",230
1405,2017-07-17,2017,3.3.1,Statistik Lingkungan Hidup dan Multi-domain,Statistik Multi-domain,"Kondisi Tempat Tinggal, Kemiskinan, dan Permasalahan Sosial Lintas Sektor","Gini Ratio pada Maret 2017 sebesar 0,393","Gini Ratio pada Maret 2017 sebesar 0,393 Pada Maret 2017, tingkat ketimpangan pengeluaran penduduk Indonesia yang diukur oleh Gini Ratio adalah sebesar 0,393. Angka ini menurun sebesar 0,001 poin jika dibandingkan dengan Gini Ratio September 2016 yang sebesar 0,394. Sementara itu, jika dibandingk...",172
1379,2017-07-17,2017,3.3.1,Statistik Lingkungan Hidup dan Multi-domain,Statistik Multi-domain,"Kondisi Tempat Tinggal, Kemiskinan, dan Permasalahan Sosial Lintas Sektor","Persentase Penduduk Miskin Maret 2017 Mencapai 10,64 persen","Persentase Penduduk Miskin Maret 2017 Mencapai 10,64 persen Pada bulan Maret 2017, jumlah penduduk miskin (penduduk dengan pengeluaran per kapita per bulan di bawah Garis Kemiskinan) di Indonesia mencapai 27,77 juta orang (10,64 persen), bertambah sebesar 6,90 ribu orang dibandingkan dengan kondi...",248
1357,2017-07-17,2017,2.4.6,Statistik Ekonomi,Statistik Sektoral,"Perbankan, Asuransi dan Finansial","Juni 2017 Rupiah Terapresiasi 0,21 Persen Terhadap Dolar Amerika","Juni 2017 Rupiah Terapresiasi 0,21 Persen Terhadap Dolar Amerika Rupiah terapresiasi 0,21 persen terhadap dolar Amerika pada Juni 2017 dengan nilai tukar sebesar Rp13.278,69 per dolar Amerika. Level tertinggi rata-rata nasional kurs tengah eceran rupiah terhadap dolar Amerika terjadi pada minggu ...",256
1345,2017-07-17,2017,2.8,Statistik Ekonomi,Biaya Tenaga Kerja,Biaya Tenaga Kerja,"Upah nominal harian buruh tani nasional Juni 2017 naik sebesar 0,26%","Upah nominal harian buruh tani nasional Juni 2017 naik sebesar 0,26% Upah nominal harian buruh tani nasional pada Juni 2017 naik sebesar 0,26 persen dibanding upah buruh tani Mei 2017, yaitu dari Rp49.782,00 menjadi Rp49.912,00 per hari. Upah riil mengalami kenaikan sebesar 0,04 persen. Upah nomi...",76
1333,2017-07-17,2017,2.6,Statistik Ekonomi,Perdagangan Internasional,Perdagangan Internasional dan Neraca Pembayaran,"Ekspor Indonesia Juni 2017 mencapai US$11,64 miliar dan Impor Indonesia Juni 2017 mencapai US$10,01 miliar","Ekspor Indonesia Juni 2017 mencapai US$11,64 miliar dan Impor Indonesia Juni 2017 mencapai US$10,01 miliar EKSPOR Nilai ekspor Indonesia Juni 2017 mencapai US$11,64 miliar atau menurun 18,82 persen dibanding ekspor Mei 2017. Demikian juga dibanding Juni 2016 menurun 11,82 persen. Ekspor nonmigas ...",406
1386,2017-07-03,2017,2.7,Statistik Ekonomi,Harga,Harga-Harga,"Nilai Tukar Petani (NTP) Juni 2017 Sebesar 100,53 Atau Naik 0,38 Persen","Nilai Tukar Petani (NTP) Juni 2017 Sebesar 100,53 Atau Naik 0,38 Persen NTP nasional Juni 2017 sebesar 100,53 atau naik 0,38 persen dibanding NTP bulan sebelumnya. Kenaikan NTP dikarenakan Indeks Harga yang Diterima Petani (It) naik sebesar 0,60 persen lebih besar dari kenaikan Indeks Harga yang ...",127
1320,2017-07-03,2017,2.4.5,Statistik Ekonomi,Statistik Sektoral,Pariwisata,Jumlah Kunjungan Wisatawan Mancanegara ke Indonesia Mei 2017 mencapai 1.16 Juta,"Jumlah Kunjungan Wisatawan Mancanegara ke Indonesia Mei 2017 mencapai 1.16 Juta Jumlah kunjungan wisatawan mancanegara atau wisman ke Indonesia Mei 2017 naik 26,66 persen dibanding jumlah kunjungan pada Mei 2016, yaitu dari 915,21 ribu kunjungan menjadi 1,16 juta kunjungan. Demikian juga jika dib...",166
1302,2017-07-03,2017,2.7,Statistik Ekonomi,Harga,Harga-Harga,"Juni 2017 harga grosir turun 0,07%","Juni 2017 harga grosir turun 0,07% Pada Juni 2017 Indeks Harga Perdagangan Besar (IHPB) Umum Nonmigas atau indeks harga grosir/agen turun sebesar 0,07 persen terhadap bulan sebelumnya. Penurunan IHPB tertinggi terjadi pada Kelompok Barang Ekspor Nonmigas sebesar 0,75 persen. IHPB Bahan Bangunan/K...",111
1290,2017-07-03,2017,2.7,Statistik Ekonomi,Harga,Harga-Harga,"Juni 2017 terjadi inflasi 0,69 persen","Juni 2017 terjadi inflasi 0,69 persen Pada Juni 2017 terjadi inflasi sebesar 0,69 persen dengan Indeks Harga Konsumen (IHK) sebesar 129,72. Dari 82 kota IHK, 79 kota mengalami inflasi dan 3 kota mengalami deflasi. Inflasi tertinggi terjadi di Tual sebesar 4,48 persen dengan IHK sebesar 150,91 dan...",214
1356,2017-06-15,2017,2.4.6,Statistik Ekonomi,Statistik Sektoral,"Perbankan, Asuransi dan Finansial","Mei 2017 Rupiah Terdepresiasi 0,26 Persen Terhadap Dolar Amerika","Mei 2017 Rupiah Terdepresiasi 0,26 Persen Terhadap Dolar Amerika Rupiah terdepresiasi 0,26 persen terhadap dolar Amerika pada Mei 2017. Level terendah rata-rata nasional kurs tengah eceran rupiah terhadap dolar Amerika terjadi pada minggu kedua Mei 2017 yang mencapai Rp13.319,55 per dolar Amerika...",229
1344,2017-06-15,2017,2.8,Statistik Ekonomi,Biaya Tenaga Kerja,Biaya Tenaga Kerja,"Upah nominal harian buruh tani nasional Mei 2017 naik sebesar 0,29%","Upah nominal harian buruh tani nasional Mei 2017 naik sebesar 0,29% Upah nominal harian buruh tani nasional pada Mei 2017 naik sebesar 0,29 persen dibanding upah buruh tani April 2017, yaitu dari Rp49.638,00 menjadi Rp49.782,00 per hari. Upah riil mengalami penurunan sebesar 0,45 persen. Upah nom...",76
1332,2017-06-15,2017,2.6,Statistik Ekonomi,Perdagangan Internasional,Perdagangan Internasional dan Neraca Pembayaran,"Ekspor Indonesia Mei 2017 mencapai US$14,29 miliar dan Impor Mei 2017 mencapai US$13,82 miliar","Ekspor Indonesia Mei 2017 mencapai US$14,29 miliar dan Impor Mei 2017 mencapai US$13,82 miliar Ekspor Nilai ekspor Indonesia Mei 2017 mencapai US$14,29 miliar atau meningkat 7,62 persen dibanding ekspor April 2017. Sementara dibanding Mei 2016 meningkat 24,08 persen. Ekspor nonmigas Mei 2017 menc...",400
1313,2017-06-15,2017,1.10,Statistik Demografi dan Sosial,Aktivitas Politik dan Komunitas,Aktivitas Politik dan Komunitas Lainnya,"Indeks Perilaku Anti Korupsi Indonesia Pada Tahun 2017 Sebesar 3,71","Indeks Perilaku Anti Korupsi Indonesia Pada Tahun 2017 Sebesar 3,71 Indeks Perilaku Anti Korupsi (IPAK) Indonesia tahun 2017 sebesar 3,71 pada skala 0 sampai 5. Angka ini lebih tinggi dibandingkan capaian tahun 2015 sebesar 3,59. Nilai indeks semakin mendekati 5 menunjukkan bahwa masyarakat berpe...",113
1385,2017-06-02,2017,2.7,Statistik Ekonomi,Harga,Harga-Harga,"Nilai Tukar Petani (NTP) Mei 2017 Sebesar 100,15 atau Naik 0,14 Persen","Nilai Tukar Petani (NTP) Mei 2017 Sebesar 100,15 atau Naik 0,14 Persen NTP nasional Mei 2017 sebesar 100,15 atau naik 0,14 persen dibanding NTP bulan sebelumnya. Kenaikan NTP dikarenakan Indeks Harga yang Diterima Petani (It) naik sebesar 0,73 persen lebih besar dari kenaikan Indeks Harga yang Di...",128
1319,2017-06-02,2017,2.4.5,Statistik Ekonomi,Statistik Sektoral,Pariwisata,"Jumlah kunjungan wisatawan mancanegara ke Indonesia April 2017 naik 26,75 persen dibanding April 2016","Jumlah kunjungan wisatawan mancanegara ke Indonesia April 2017 naik 26,75 persen dibanding April 2016 Jumlah kunjungan wisatawan mancanegara atau wisman ke Indonesia April 2017 naik 26,75 persen dibanding jumlah kunjungan pada periode yang sama tahun sebelumnya, yaitu dari 901,09 ribu kunjungan m...",161
1301,2017-06-02,2017,2.7,Statistik Ekonomi,Harga,Harga-Harga,"Mei 2017 harga grosir turun 0,29%","Mei 2017 harga grosir turun 0,29% Pada Mei 2017 Indeks Harga Perdagangan Besar (IHPB) Umum Nonmigas atau indeks harga grosir/agen turun sebesar 0,29 persen terhadap bulan sebelumnya. Penurunan IHPB tertinggi terjadi pada Sektor Pertanian sebesar 1,44 persen. IHPB Bahan Bangunan/Konstruksi pada Me...",110
1289,2017-06-02,2017,2.7,Statistik Ekonomi,Harga,Harga-Harga,"Mei 2017 terjadi inflasi 0,39 persen","Mei 2017 terjadi inflasi 0,39 persen Pada Mei 2017 terjadi inflasi sebesar 0,39 persen dengan Indeks Harga Konsumen (IHK) sebesar 128,83. Dari 82 kota IHK, 70 kota mengalami inflasi dan 12 kota mengalami deflasi. Inflasi tertinggi terjadi di Tual sebesar 0,96 persen dengan IHK sebesar 144,44 dan ...",220
1355,2017-05-15,2017,2.4.6,Statistik Ekonomi,Statistik Sektoral,"Perbankan, Asuransi dan Finansial","April 2017 Rupiah Terapresiasi 0,27 Persen Terhadap Dolar Amerika","April 2017 Rupiah Terapresiasi 0,27 Persen Terhadap Dolar Amerika Rupiah terapresiasi 0,27 persen terhadap dolar Amerika pada April 2017. Level tertinggi rata-rata nasional kurs tengah eceran rupiah terhadap dolar Amerika terjadi pada minggu keempat April 2017 yang mencapai Rp13.271,76 per dolar ...",227
1343,2017-05-15,2017,2.8,Statistik Ekonomi,Biaya Tenaga Kerja,Biaya Tenaga Kerja,"Upah nominal harian buruh tani nasional April 2017 naik sebesar 0,33%","Upah nominal harian buruh tani nasional April 2017 naik sebesar 0,33% Upah nominal harian buruh tani nasional pada April 2017 naik sebesar 0,33 persen dibanding upah buruh tani Maret 2017, yaitu dari Rp49.473,00 menjadi Rp49.638,00 per hari. Upah riil mengalami kenaikan sebesar 0,62 persen. Upah ...",76
1331,2017-05-15,2017,2.6,Statistik Ekonomi,Perdagangan Internasional,Perdagangan Internasional dan Neraca Pembayaran,"Ekspor April 2017 Mencapai US$13,17 MILIAR","Ekspor April 2017 Mencapai US$13,17 MILIAR Nilai ekspor Indonesia April 2017 mencapai US$13,17 miliar atau menurun 10,30 persen dibanding ekspor Maret 2017. Sementara dibanding April 2016 meningkat 12,63 persen. Ekspor nonmigas April 2017 mencapai US$12,19 miliar, turun 7,43 persen dibanding Mare...",220
1376,2017-05-05,2017,1.2,Statistik Demografi dan Sosial,Ketenagakerjaan,Tenaga Kerja,"Tingkat Pengangguran Terbuka (TPT) Sebesar 5,33 Persen","Tingkat Pengangguran Terbuka (TPT) Sebesar 5,33 Persen Angkatan kerja pada Februari 2017 sebanyak 131,55 juta orang, naik sebanyak 6,11 juta orang dibanding Agustus 2016 dan naik 3,88 juta orang dibanding Februari 2016. Penduduk bekerja di Indonesia pada Februari 2017 sebanyak 124,54 juta orang, ...",266
1368,2017-05-05,2017,2.3,Statistik Ekonomi,Statistik Bisnis,Statistik Bisnis,Kondisi Bisnis dan Kondisi Ekonomi Konsumen Triwulan I-2017 Meningkat,Kondisi Bisnis dan Kondisi Ekonomi Konsumen Triwulan I-2017 Meningkat A. Penjelasan Umum Indeks Tendensi Bisnis (ITB) adalah indikator perkembangan ekonomi usaha terkini yang datanya diperoleh dari Survei Tendensi Bisnis (STB) yang dilakukan oleh Badan Pusat Statistik bekerja sama dengan Bank Ind...,310
1364,2017-05-05,2017,2.1,Statistik Ekonomi,Statistik Makroekonomi,Neraca Ekonomi,Pertumbuhan Ekonomi Indonesia Triwulan I-2017,"Pertumbuhan Ekonomi Indonesia Triwulan I-2017 Perekonomian Indonesia berdasarkan besaran Produk Domestik Bruto (PDB) atas dasar harga berlaku triwulan I-2017 mencapai Rp3.227,2 triliun dan atas dasar harga konstan 2010 mencapai Rp2.377,5 triliun. Ekonomi Indonesia triwulan I-2017 terhadap triwula...",180
1397,2017-05-02,2017,2.4.3,Statistik Ekonomi,Statistik Sektoral,"Pertambangan, Manufaktur, Konstruksi","Pertumbuhan produksi IBS naik 4,33 persen dan IMK naik 6,63 persen pada triwulan I tahun 2017 dari triwulan I tahun 2016","Pertumbuhan produksi IBS naik 4,33 persen dan IMK naik 6,63 persen pada triwulan I tahun 2017 dari triwulan I tahun 2016 INDUSTRI MANUFAKTUR BESAR DAN SEDANG (IBS) Pertumbuhan produksi industri manufaktur besar dan sedang triwulan I tahun 2017 naik sebesar 4,33 persen (y-on-y) terhadap triwulan I...",968
1384,2017-05-02,2017,2.7,Statistik Ekonomi,Harga,Harga-Harga,"Nilai Tukar Petani (NTP) April 2017 sebesar 100,01 atau Naik 0,06 Persen","Nilai Tukar Petani (NTP) April 2017 sebesar 100,01 atau Naik 0,06 Persen NTP nasional April 2017 sebesar 100,01 atau naik 0,06 persen dibanding NTP bulan sebelumnya. Kenaikan NTP dikarenakan Indeks Harga yang Diterima Petani (It) turun sebesar 0,08 persen lebih kecil dari penurunan Indeks Harga y...",126
1372,2017-05-02,2017,2.7,Statistik Ekonomi,Harga,Harga-Harga,"Triwulan I - 2017 Harga Produsen Mengalami Inflasi 1,13 Persen","Triwulan I - 2017 Harga Produsen Mengalami Inflasi 1,13 Persen Indeks Harga Produsen (IHP) triwulan I-2017 naik 1,13 persen terhadap triwulan IV-2016 (q-to-q) dan naik 4,05 persen terhadap triwulan I-2016 (y-on-y). IHP Sektor Pertanian triwulan I-2017 naik 1,33 persen terhadap triwulan IV-2016 (q...",186
1318,2017-05-02,2017,2.4.5,Statistik Ekonomi,Statistik Sektoral,Pariwisata,"Jumlah kunjungan wisatawan mancanegara ke Indonesia Maret 2017 mencapai 1,02 juta kunjungan, naik 11,64% dibanding kunjungan Maret 2016","Jumlah kunjungan wisatawan mancanegara ke Indonesia Maret 2017 mencapai 1,02 juta kunjungan, naik 11,64% dibanding kunjungan Maret 2016 Jumlah kunjungan wisatawan mancanegara atau wisman ke Indonesia Maret 2017 naik 11,64 persen dibanding jumlah kunjungan wisman Maret 2016, yaitu dari 915,02 ribu...",161
1300,2017-05-02,2017,2.7,Statistik Ekonomi,Harga,Harga-Harga,"April 2017 harga grosir turun 0,88%","April 2017 harga grosir turun 0,88% Pada April 2017 Indeks Harga Perdagangan Besar (IHPB) Umum Nonmigas atau indeks harga grosir/agen turun sebesar 0,88 persen terhadap bulan sebelumnya. Penurunan IHPB tertinggi terjadi pada Sektor Pertanian sebesar 3,70 persen. IHPB Bahan Bangunan/Konstruksi pad...",110
1288,2017-05-02,2017,2.7,Statistik Ekonomi,Harga,Harga-Harga,"April 2017 terjadi inflasi 0,09 persen","April 2017 terjadi inflasi 0,09 persen Pada April 2017 terjadi inflasi sebesar 0,09 persen dengan Indeks Harga Konsumen (IHK) sebesar 128,33. Dari 82 kota IHK, 53 kota mengalami inflasi dan 29 kota mengalami deflasi. Inflasi tertinggi terjadi di Pangkalpinang sebesar 1,02 persen dengan IHK sebesa...",228
1404,2017-04-27,2017,-,Tidak Berkategori,Tidak Berkategori,Tidak Berkategori,Hasil Pendaftaran (Listing) Usaha/Perusahaan Sensus Ekonomi 2016,"Hasil Pendaftaran (Listing) Usaha/Perusahaan Sensus Ekonomi 2016 Hasil pendaftaran Sensus Ekonomi 2016 (SE2016) menunjukkan ada 26,71 juta usaha/perusahaan non pertanian yang dikelompokkan dalam 15 kategori lapangan usaha sesuai dengan Klasifikasi Baku Lapangan Usaha Indonesia (KBLI) 2015. Jumlah...",168
1354,2017-04-17,2017,2.4.6,Statistik Ekonomi,Statistik Sektoral,"Perbankan, Asuransi dan Finansial","Maret 2017 Rupiah Terapresiasi 0,22 Persen Terhadap Dolar Amerika","Maret 2017 Rupiah Terapresiasi 0,22 Persen Terhadap Dolar Amerika Rupiah terapresiasi 0,22 persen terhadap dolar Amerika pada Maret 2017. Level tertinggi rata-rata nasional kurs tengah eceran rupiah terhadap dolar Amerika terjadi pada minggu kelima Maret 2017 yang mencapai Rp13.307,84 per dolar A...",226
1342,2017-04-17,2017,2.8,Statistik Ekonomi,Biaya Tenaga Kerja,Biaya Tenaga Kerja,"Upah nominal harian buruh tani nasional Maret 2017 naik sebesar 0,42%","Upah nominal harian buruh tani nasional Maret 2017 naik sebesar 0,42% Upah nominal harian buruh tani nasional pada Maret 2017 naik sebesar 0,42 persen dibanding upah buruh tani Februari 2017, yaitu dari Rp49.268,00 menjadi Rp49.473,00 per hari. Upah riil mengalami kenaikan sebesar 0,52 persen. Up...",76
1330,2017-04-17,2017,2.6,Statistik Ekonomi,Perdagangan Internasional,Perdagangan Internasional dan Neraca Pembayaran,"Ekspor Maret 2017 Mencapai US$14,59 Miliar","Ekspor Maret 2017 Mencapai US$14,59 Miliar Nilai ekspor Indonesia Maret 2017 mencapai US$14,59 miliar atau meningkat 15,68 persen dibanding ekspor Februari 2017. Demikian juga dibanding Maret 2016 meningkat 23,55 persen. Ekspor nonmigas Maret 2017 mencapai US$13,11 miliar, naik 14,86 persen diban...",395
1311,2017-04-17,2017,3.3.1,Statistik Lingkungan Hidup dan Multi-domain,Statistik Multi-domain,"Kondisi Tempat Tinggal, Kemiskinan, dan Permasalahan Sosial Lintas Sektor","Pada tahun 2016, IPM Indonesia telah mencapai 70,18, memasuki kategori ""tinggi""","Pada tahun 2016, IPM Indonesia telah mencapai 70,18, memasuki kategori ""tinggi"" Pembangunan manusia di Indonesia terus mengalami kemajuan yang ditandai dengan terus meningkatnya Indeks Pembangunan Manusia (IPM) Indonesia. Pada tahun 2016, IPM Indonesia telah mencapai 70,18. Angka ini meningkat se...",168
1383,2017-04-03,2017,2.7,Statistik Ekonomi,Harga,Harga-Harga,"Nilai Tukar Petani (NTP) Maret 2017 Sebesar 99,95 Atau Turun 0,38 Persen","Nilai Tukar Petani (NTP) Maret 2017 Sebesar 99,95 Atau Turun 0,38 Persen NTP nasional Maret 2017 sebesar 99,95 atau turun 0,38 persen dibanding NTP bulan sebelumnya. Penurunan NTP dikarenakan Indeks Harga yang Diterima Petani (It) turun sebesar 0,39 persen lebih besar dari penurunan Indeks Harga ...",127
1317,2017-04-03,2017,2.4.5,Statistik Ekonomi,Statistik Sektoral,Pariwisata,"Kunjungan Wisman Februari 2017 Mencapai 957,58 Ribu Kunjungan","Kunjungan Wisman Februari 2017 Mencapai 957,58 Ribu Kunjungan Jumlah kunjungan wisatawan mancanegara atau wisman ke Indonesia Februari 2017 naik 7,80 persen dibanding jumlah kunjungan wisman Februari 2016, yaitu dari 888,31 ribu kunjungan menjadi 957,58 ribu kunjungan. Sementara itu, jika dibandi...",151
1299,2017-04-03,2017,2.7,Statistik Ekonomi,Harga,Harga-Harga,"Maret 2017 harga grosir naik 0,23%","Maret 2017 harga grosir naik 0,23% Pada Maret 2017 Indeks Harga Perdagangan Besar (IHPB) Umum Nonmigas atau indeks harga grosir/agen naik sebesar 0,23 persen terhadap bulan sebelumnya. Kenaikan IHPB tertinggi terjadi pada Kelompok Barang Ekspor Nonmigas sebesar 2,64 persen. IHPB Bahan Bangunan/Ko...",103
1287,2017-04-03,2017,2.7,Statistik Ekonomi,Harga,Harga-Harga,"Maret 2017 terjadi deflasi 0,02 persen","Maret 2017 terjadi deflasi 0,02 persen Pada Maret 2017 terjadi deflasi sebesar 0,02 persen dengan Indeks Harga Konsumen (IHK) sebesar 128,22. Dari 82 kota IHK, 49 kota mengalami deflasi dan 33 kota mengalami inflasi. Deflasi tertinggi terjadi di Tanjung Pandan sebesar 1,49 persen dengan IHK sebes...",236
1375,2017-03-30,2017,3.3.1,Statistik Lingkungan Hidup dan Multi-domain,Statistik Multi-domain,"Kondisi Tempat Tinggal, Kemiskinan, dan Permasalahan Sosial Lintas Sektor",Satu dari Tiga Perempuan Usia 15–64 Tahun pernah mengalami Kekerasan Fisik dan/atau seksual selama hidupnya,"Satu dari Tiga Perempuan Usia 15–64 Tahun pernah mengalami Kekerasan Fisik dan/atau seksual selama hidupnya Hasil pendataan Survei Pengalaman Hidup Perempuan Nasional (SPHPN) 2016, menunjukkan 1 dari 3 perempuan usia 15–64 tahun mengalami kekerasan fisik dan/atau seksual oleh pasangan dan selain ...",106
1353,2017-03-15,2017,2.4.6,Statistik Ekonomi,Statistik Sektoral,"Perbankan, Asuransi dan Finansial","Februari 2017 Rupiah Terdepresiasi 0,18 Persen Terhadap Dolar Amerika","Februari 2017 Rupiah Terdepresiasi 0,18 Persen Terhadap Dolar Amerika Rupiah terdepresiasi 0,18 persen terhadap dolar Amerika pada Februari 2017. Level terendah rata-rata nasional kurs tengah eceran rupiah terhadap dolar Amerika terjadi pada minggu keempat Februari 2017 yang mencapai Rp13.336,70 ...",228
1341,2017-03-15,2017,2.8,Statistik Ekonomi,Biaya Tenaga Kerja,Biaya Tenaga Kerja,"Upah Nominal Harian Buruh Tani Nasional Februari 2017 Naik Sebesar 0,55%","Upah Nominal Harian Buruh Tani Nasional Februari 2017 Naik Sebesar 0,55% Upah nominal harian buruh tani nasional pada Februari 2017 naik sebesar 0,55 persen dibanding upah buruh tani Januari 2017, yaitu dari Rp49.000,00 menjadi Rp49.268,00 per hari. Upah riil mengalami kenaikan sebesar 0,16 perse...",76
1329,2017-03-15,2017,2.6,Statistik Ekonomi,Perdagangan Internasional,Perdagangan Internasional dan Neraca Pembayaran,"Ekspor Februari 2017 Mencapai US$12,57 Miliar","Ekspor Februari 2017 Mencapai US$12,57 Miliar Nilai ekspor Indonesia Februari 2017 mencapai US$12,57 miliar atau menurun 6,17 persen dibanding ekspor Januari 2017, sementara dibanding Februari 2016 meningkat 11,16 persen. Ekspor nonmigas Februari 2017 mencapai US$11,38 miliar, turun 6,21 persen d...",393
1382,2017-03-01,2017,2.7,Statistik Ekonomi,Harga,Harga-Harga,"Nilai Tukar Petani (NTP) Februari 2017 Sebesar 100,33 Atau Turun 0,58 Persen","Nilai Tukar Petani (NTP) Februari 2017 Sebesar 100,33 Atau Turun 0,58 Persen NTP nasional Februari 2017 sebesar 100,33 atau turun 0,58 persen dibanding NTP bulan sebelumnya. Penurunan NTP dikarenakan Indeks Harga yang Diterima Petani (It) turun sebesar 0,24 persen sedangkan Indeks Harga yang Diba...",124
1316,2017-03-01,2017,2.4.5,Statistik Ekonomi,Statistik Sektoral,Pariwisata,"Kunjungan Wisman January 2017 Mencapai 1,03 Juta Kunjungan","Kunjungan Wisman January 2017 Mencapai 1,03 Juta Kunjungan Jumlah kunjungan wisatawan mancanegara atau wisman ke Indonesia Januari 2017 naik 26,58 persen dibanding jumlah kunjungan wisman Januari 2016, yaitu dari 814,3 ribu kunjungan menjadi 1,03 juta kunjungan. Sementara itu, jika dibandingkan d...",123
1298,2017-03-01,2017,2.7,Statistik Ekonomi,Harga,Harga-Harga,"Februari 2017 harga grosir naik 0,17%","Februari 2017 harga grosir naik 0,17% Pada Februari 2017 Indeks Harga Perdagangan Besar (IHPB) Umum Nonmigas atau indeks harga grosir/agen naik sebesar 0,17 persen terhadap bulan sebelumnya. Kenaikan IHPB tertinggi terjadi pada Kelompok Barang Impor Nonmigas sebesar 0,43 persen. IHPB Bahan Bangun...",107
1286,2017-03-01,2017,2.7,Statistik Ekonomi,Harga,Harga-Harga,"Februari 2017 terjadi inflasi 0,23 persen","Februari 2017 terjadi inflasi 0,23 persen Pada Februari 2017 terjadi inflasi sebesar 0,23 persen dengan Indeks Harga Konsumen (IHK) sebesar 128,24. Dari 82 kota IHK, 62 kota mengalami inflasi dan 20 kota mengalami deflasi. Inflasi tertinggi terjadi di Manado sebesar 1,16 persen dengan IHK sebesar...",223
1403,2017-02-16,2017,2.4.5,Statistik Ekonomi,Statistik Sektoral,Pariwisata,"Wisatawan Mancanegara Desember 2016 Mencapai 1,11 Juta Kunjungan","Wisatawan Mancanegara Desember 2016 Mencapai 1,11 Juta Kunjungan Jumlah kunjungan wisatawan mancanegara atau wisman ke Indonesia Desember 2016 naik 12,87 persen dibanding bulan yang sama tahun sebelumnya, yaitu dari 986,3 ribu kunjungan menjadi 1,11 juta kunjungan. Begitu pula, jika dibandingkan ...",156
1352,2017-02-16,2017,2.4.6,Statistik Ekonomi,Statistik Sektoral,"Perbankan, Asuransi dan Finansial","Januari 2017 Rupiah Terapresiasi 0,65 Persen Terhadap Dolar Amerika","Januari 2017 Rupiah Terapresiasi 0,65 Persen Terhadap Dolar Amerika Rupiah terapresiasi 0,65 persen terhadap dolar Amerika pada Januari 2017. Level tertinggi rata-rata nasional kurs tengah eceran rupiah terhadap dolar Amerika terjadi pada minggu kedua Januari 2017 yang mencapai Rp13.305,40 per do...",227
1340,2017-02-16,2017,2.8,Statistik Ekonomi,Biaya Tenaga Kerja,Biaya Tenaga Kerja,"Upah nominal harian buruh tani nasional Januari 2017 naik sebesar 0,77%","Upah nominal harian buruh tani nasional Januari 2017 naik sebesar 0,77% Upah nominal harian buruh tani nasional pada Januari 2017 naik sebesar 0,77 persen dibanding upah buruh tani Desember 2016, yaitu dari Rp48.627,00 menjadi Rp49.000,00 per hari. Upah riil mengalami penurunan sebesar 0,02 perse...",76
1328,2017-02-16,2017,2.6,Statistik Ekonomi,Perdagangan Internasional,Perdagangan Internasional dan Neraca Pembayaran,"Ekspor Januari 2017 Mencapai US$ 13,38 Miliar","Ekspor Januari 2017 Mencapai US$ 13,38 Miliar Nilai ekspor Indonesia Januari 2017 mencapai US$13,38 miliar atau menurun 3,21 persen dibanding ekspor Desember 2016. Sementara dibanding Januari 2016 meningkat 27,71 persen. Ekspor nonmigas Januari 2017 mencapai US$12,11 miliar, turun 3,70 persen dib...",191
1367,2017-02-06,2017,2.3,Statistik Ekonomi,Statistik Bisnis,Statistik Bisnis,Kondisi Bisnis dan Kondisi Ekonomi Konsumen Triwulan IV-2016 Meningkat,Kondisi Bisnis dan Kondisi Ekonomi Konsumen Triwulan IV-2016 Meningkat A. Penjelasan Umum Indeks Tendensi Bisnis (ITB) adalah indikator perkembangan ekonomi usaha terkini yang datanya diperoleh dari Survei Tendensi Bisnis (STB) yang dilakukan oleh Badan Pusat Statistik bekerja sama dengan Bank In...,311
1363,2017-02-06,2017,2.1,Statistik Ekonomi,Statistik Makroekonomi,Neraca Ekonomi,"Ekonomi Indonesia Tahun 2016 Tumbuh 5,02 Persen Lebih Tinggi Dibanding Capaian Tahun  2015  Sebesar 4,88 Persen","Ekonomi Indonesia Tahun 2016 Tumbuh 5,02 Persen Lebih Tinggi Dibanding Capaian Tahun 2015 Sebesar 4,88 Persen Perekonomian Indonesia tahun 2016 yang diukur berdasarkan Produk Domestik Bruto (PDB) atas dasar harga berlaku mencapai Rp12.406,8 triliun dan PDB perkapita mencapai Rp47,96 juta atau US$...",226
1402,2017-02-01,2017,2.4.5,Statistik Ekonomi,Statistik Sektoral,Pariwisata,"Jumlah Penumpang Angkutan Udara Internasional Desember 2016 Naik 24,11 Persen","Jumlah Penumpang Angkutan Udara Internasional Desember 2016 Naik 24,11 Persen Jumlah penumpang angkutan udara domestik yang diberangkatkan pada Desember 2016 sebanyak 7,8 juta orang atau naik 16,98 persen dibanding November 2016. Jumlah penumpang tujuan luar negeri (internasional) naik 24,11 pers...",215
1400,2017-02-01,2017,3.3.1,Statistik Lingkungan Hidup dan Multi-domain,Statistik Multi-domain,"Kondisi Tempat Tinggal, Kemiskinan, dan Permasalahan Sosial Lintas Sektor","Gini Ratio Pada September 2016 Sebesar 0,394","Gini Ratio Pada September 2016 Sebesar 0,394 Pada September 2016, tingkat ketimpangan pengeluaran penduduk Indonesia yang diukur oleh Gini Ratio tercatat sebesar 0,394. Angka ini menurun sebesar 0,003 poin jika dibandingkan dengan Gini Ratio Maret 2016 yang sebesar 0,397. Sementara itu jika diban...",175
1396,2017-02-01,2017,2.4.3,Statistik Ekonomi,Statistik Sektoral,"Pertambangan, Manufaktur, Konstruksi","Pertumbuhan produksi IBS naik 2,06 persen dan IMK naik 4,88 persen pada triwulan IV tahun 2016 dari triwulan IV tahun 2015","Pertumbuhan produksi IBS naik 2,06 persen dan IMK naik 4,88 persen pada triwulan IV tahun 2016 dari triwulan IV tahun 2015 Industri Manufaktur Besar dan Sedang Pertumbuhan produksi industri manufaktur besar dan sedang 2016 (y-on-y) tahunan naik 4,00 persen dibanding tahun 2015. Kenaikan tersebut ...",752
1381,2017-02-01,2017,2.7,Statistik Ekonomi,Harga,Harga-Harga,"Nilai Tukar Petani (NTP) Januari 2017 Sebesar 100,91 Atau Turun 0,56 Persen","Nilai Tukar Petani (NTP) Januari 2017 Sebesar 100,91 Atau Turun 0,56 Persen NTP nasional Januari 2017 sebesar 100,91 atau turun 0,56 persen dibanding NTP bulan sebelumnya. Penurunan NTP dikarenakan Indeks Harga yang Diterima Petani (It) naik sebesar 0,15 persen, lebih kecil dari kenaikan Indeks H...",124
1371,2017-02-01,2017,2.7,Statistik Ekonomi,Harga,Harga-Harga,"Triwulan IV - 2016 Harga Produsen Mengalami Inflasi 1,77 Persen","Triwulan IV - 2016 Harga Produsen Mengalami Inflasi 1,77 Persen Indeks Harga Produsen (IHP) triwulan IV-2016 naik 1,77 persen terhadap triwulan III-2016 (q-to-q) dan naik 3,34 persen terhadap triwulan IV-2015 (y-on-y). IHP Sektor Pertanian triwulan IV-2016 naik 1,20 persen terhadap triwulan III-2...",186
1297,2017-02-01,2017,2.7,Statistik Ekonomi,Harga,Harga-Harga,"Januari 2017 harga grosir naik 0,79%","Januari 2017 harga grosir naik 0,79% Pada Januari 2017 Indeks Harga Perdagangan Besar (IHPB) Umum Nonmigas atau indeks harga grosir/agen naik sebesar 0,79 persen terhadap bulan sebelumnya. Kenaikan IHPB tertinggi terjadi pada Sektor Industri sebesar 0,99 persen. IHPB Bahan Bangunan/Konstruksi pad...",108
1285,2017-02-01,2017,2.7,Statistik Ekonomi,Harga,Harga-Harga,"Januari 2017 terjadi inflasi 0,97 persen","Januari 2017 terjadi inflasi 0,97 persen Pada Januari 2017 terjadi inflasi sebesar 0,97 persen dengan Indeks Harga Konsumen (IHK) sebesar 127,94. Dari 82 kota IHK, seluruhnya mengalami inflasi. Inflasi tertinggi terjadi di Pontianak sebesar 1,82 persen dengan IHK sebesar 137,25 dan terendah terja...",181
1351,2017-01-16,2017,2.4.6,Statistik Ekonomi,Statistik Sektoral,"Perbankan, Asuransi dan Finansial","Desember 2016, Rupiah Terapresiasi 0,74 Persen Terhadap Dolar Amerika","Desember 2016, Rupiah Terapresiasi 0,74 Persen Terhadap Dolar Amerika Rupiah terapresiasi 0,74 persen terhadap dolar Amerika pada Desember 2016. Level tertinggi rata-rata nasional kurs tengah eceran rupiah terhadap dolar Amerika terjadi pada minggu kedua Desember 2016 yang mencapai Rp13.286,42 pe...",229
1339,2017-01-16,2017,2.8,Statistik Ekonomi,Biaya Tenaga Kerja,Biaya Tenaga Kerja,"Upah nominal harian buruh tani nasional Desember 2016 naik sebesar 0,23%","Upah nominal harian buruh tani nasional Desember 2016 naik sebesar 0,23% Upah nominal harian buruh tani nasional pada Desember 2016 naik sebesar 0,23 persen dibanding upah buruh tani November 2016, yaitu dari Rp48.517,00 menjadi Rp48.627,00 per hari. Upah riil mengalami penurunan sebesar 0,19 per...",76
1327,2017-01-16,2017,2.6,Statistik Ekonomi,Perdagangan Internasional,Perdagangan Internasional dan Neraca Pembayaran,"Nilai ekspor Indonesia Desember 2016 mencapai US$13,77 miliar dan Nilai impor Indonesia Desember 2016 mencapai US$12,78 miliar","Nilai ekspor Indonesia Desember 2016 mencapai US$13,77 miliar dan Nilai impor Indonesia Desember 2016 mencapai US$12,78 miliar EKSPOR Nilai ekspor Indonesia Desember 2016 mencapai US$13,77 miliar atau meningkat 1,99 persen dibanding ekspor November 2016. Demikian juga dibanding Desember 2015 meni...",442
1380,2017-01-03,2017,2.7,Statistik Ekonomi,Harga,Harga-Harga,"Nilai Tukar Petani (NTP) Desember 2016 Sebesar 101,49 Atau Naik 0,18 Persen","Nilai Tukar Petani (NTP) Desember 2016 Sebesar 101,49 Atau Naik 0,18 Persen NTP nasional Desember 2016 sebesar 101,49 atau naik 0,18 persen dibanding NTP bulan sebelumnya. Kenaikan NTP dikarenakan Indeks Harga yang Diterima Petani (It) naik sebesar 0,53 persen, lebih besar dari kenaikan Indeks Ha...",124
1378,2017-01-03,2017,3.3.1,Statistik Lingkungan Hidup dan Multi-domain,Statistik Multi-domain,"Kondisi Tempat Tinggal, Kemiskinan, dan Permasalahan Sosial Lintas Sektor",Profil Kemiskinan Di Indonesia September 2016,"Profil Kemiskinan Di Indonesia September 2016 Pada bulan September 2016, jumlah penduduk miskin (penduduk dengan pengeluaran per kapita per bulan di bawah Garis Kemiskinan) di Indonesia mencapai 27,76 juta orang (10,70 persen), berkurang sebesar 0,25 juta orang dibandingkan dengan kondisi Maret 2...",293
1326,2017-01-03,2017,2.4.5,Statistik Ekonomi,Statistik Sektoral,Pariwisata,Wisatawan Mancanegara November 2016 Mencapai 1 Juta Kunjungan,"Wisatawan Mancanegara November 2016 Mencapai 1 Juta Kunjungan Jumlah kunjungan wisatawan mancanegara atau wisman ke Indonesia November 2016 naik 19,98 persen dibanding bulan yang sama tahun sebelumnya, yaitu dari 835,41 ribu kunjungan menjadi 1,00 juta kunjungan. Sementara itu, jika dibandingkan ...",155
1296,2017-01-03,2017,2.7,Statistik Ekonomi,Harga,Harga-Harga,"Desember 2016 harga grosir naik 0,56%","Desember 2016 harga grosir naik 0,56% Pada Desember 2016 Indeks Harga Perdagangan Besar (IHPB) Umum Nonmigas atau indeks harga grosir/agen naik sebesar 0,56 persen terhadap bulan sebelumnya. Kenaikan IHPB tertinggi terjadi pada Sektor Pertambangan dan Penggalian sebesar 0,97 persen. IHPB Bahan Ba...",107
1284,2017-01-03,2017,2.7,Statistik Ekonomi,Harga,Harga-Harga,"Desember 2016 Inflasi 0,42 Persen","Desember 2016 Inflasi 0,42 Persen Pada Desember 2016 terjadi inflasi sebesar 0,42 persen dengan Indeks Harga Konsumen (IHK) sebesar 126,71. Dari 82 kota IHK, 78 kota mengalami inflasi dan 4 kota mengalami deflasi. Inflasi tertinggi terjadi di Lhokseumawe sebesar 2,25 persen dengan IHK sebesar 124...",221
1532,2018-12-17,2018,2.9,Statistik Ekonomi,IPTEK dan Inovasi,"Ilmu Pengetahuan, Teknologi, dan Inovasi","Indeks Pembangunan Teknologi Informasi dan Komunikasi (IP-TIK) Indonesia Tahun 2017 Sebesar 4,99 pada Skala 0–10","Indeks Pembangunan Teknologi Informasi dan Komunikasi (IP-TIK) Indonesia Tahun 2017 Sebesar 4,99 pada Skala 0–10 Indeks Pembangunan Teknologi Informasi dan Komunikasi (IP-TIK) merupakan suatu ukuran standar yang dapat menggambarkan tingkat pembangunan teknologi informasi dan komunikasi suatu wila...",213
1518,2018-12-17,2018,2.8,Statistik Ekonomi,Biaya Tenaga Kerja,Biaya Tenaga Kerja,"Upah nominal harian buruh tani nasional November 2018 naik sebesar 0,24%","Upah nominal harian buruh tani nasional November 2018 naik sebesar 0,24% Upah nominal buruh/pekerja adalah rata-rata upah harian yang diterima buruh sebagai balas jasa pekerjaan yang telah dilakukan. Upah riil buruh/pekerja menggambarkan daya beli dari pendapatan/upah yang diterima buruh/pekerja....",117
1507,2018-12-17,2018,2.6,Statistik Ekonomi,Perdagangan Internasional,Perdagangan Internasional dan Neraca Pembayaran,"Ekspor November 2018 Mencapai US$14,83 Miliar. Impor November 2018 sebesar US$16,88 Miliar, turun 4,47 persen dibanding Oktober 2018.","Ekspor November 2018 Mencapai US$14,83 Miliar. Impor November 2018 sebesar US$16,88 Miliar, turun 4,47 persen dibanding Oktober 2018. - Ekspor Nilai ekspor Indonesia November 2018 mencapai US$14,83 miliar atau menurun 6,69 persen dibanding ekspor Oktober 2018. Demikian juga dibanding November 201...",407
1536,2018-12-10,2018,3.3.5,Statistik Lingkungan Hidup dan Multi-domain,Statistik Multi-domain,Pembangunan Berkelanjutan,Hasil Pendataan Potensi Desa (Podes) 2018,"Hasil Pendataan Potensi Desa (Podes) 2018 Pendataan Potensi Desa (Podes) dilaksanakan tiga kali dalam 10 tahun. Berdasarkan hasil Podes 2018, tercatat 83.931 wilayah administrasi pemerintahan setingkat desa yang terdiri dari 75.436 desa, 8.444 kelurahan, dan 51 UPT/SPT. Podes juga mencatat sebany...",149
1478,2018-12-03,2018,2.4.5,Statistik Ekonomi,Statistik Sektoral,Pariwisata,"Jumlah kunjungan wisman ke Indonesia Oktober 2018 mencapai 1,29 juta kunjungan","Jumlah kunjungan wisman ke Indonesia Oktober 2018 mencapai 1,29 juta kunjungan Jumlah kunjungan wisatawan mancanegara atau wisman ke Indonesia Oktober 2018 naik 11,24 persen dibanding jumlah kunjungan pada Oktober 2017, yaitu dari 1,16 juta kunjungan menjadi 1,29 juta kunjungan. Sementara itu, ji...",166
1467,2018-12-03,2018,2.7,Statistik Ekonomi,Harga,Harga-Harga,"Nilai Tukar Petani (NTP) November 2018 sebesar 103,12 atau naik 0,09 persen. Harga Gabah Kering Panen di Tingkat Petani naik 3,64 persen dan Harga Beras Medium di Penggilingan naik 2,22 persen","Nilai Tukar Petani (NTP) November 2018 sebesar 103,12 atau naik 0,09 persen. Harga Gabah Kering Panen di Tingkat Petani naik 3,64 persen dan Harga Beras Medium di Penggilingan naik 2,22 persen - Nilai Tukar Petani Nilai Tukar Petani (NTP) adalah perbandingan indeks harga yang diterima petani (It)...",481
1456,2018-12-03,2018,2.7,Statistik Ekonomi,Harga,Harga-Harga,"November 2018 Indeks Harga Perdagangan Besar (IHPB) Umum Nonmigas naik 0,08 persen","November 2018 Indeks Harga Perdagangan Besar (IHPB) Umum Nonmigas naik 0,08 persen Pada November 2018, Indeks Harga Perdagangan Besar (IHPB) Umum Nonmigas atau indeks harga grosir/agen naik sebesar 0,08 persen terhadap bulan sebelumnya. Kenaikan IHPB tertinggi terjadi pada Sektor Pertambangan dan...",149
1439,2018-12-03,2018,2.7,Statistik Ekonomi,Harga,Harga-Harga,"November 2018 inflasi sebesar 0,27 persen. Inflasi tertinggi terjadi di Merauke sebesar 2,05 persen.","November 2018 inflasi sebesar 0,27 persen. Inflasi tertinggi terjadi di Merauke sebesar 2,05 persen. Pada November 2018 terjadi inflasi sebesar 0,27 persen dengan Indeks Harga Konsumen (IHK) sebesar 134,56. Dari 82 kota IHK, 70 kota mengalami inflasi dan 12 kota mengalami deflasi. Inflasi terting...",227
1539,2018-11-22,2018,2.4,Statistik Ekonomi,Statistik Sektoral,Statistik sektoral,Indeks Kepuasan Jemaah Haji Indonesia Tahun 1439H/2018M,"Indeks Kepuasan Jemaah Haji Indonesia Tahun 1439H/2018M Indeks kepuasan jemaah haji Indonesia (IKJHI) di Arab Saudi pada tahun 1439H/2018M sebesar 85,23. Ini berarti secara umum layanan pemerintah kepada jemaah haji Indonesia telah memenuhi kriteria “sangat memuaskan”. Dibandingkan dengan indeks ...",150
1517,2018-11-15,2018,2.8,Statistik Ekonomi,Biaya Tenaga Kerja,Biaya Tenaga Kerja,Perkembangan Upah Pekerja/Buruh Oktober 2018,Perkembangan Upah Pekerja/Buruh Oktober 2018 Upah nominal buruh/pekerja adalah rata-rata upah harian yang diterima buruh sebagai balas jasa pekerjaan yang telah dilakukan. Upah riil buruh/pekerja menggambarkan daya beli dari pendapatan/upah yang diterima buruh/pekerja. Upah riil adalah perbanding...,112
1506,2018-11-15,2018,2.6,Statistik Ekonomi,Perdagangan Internasional,Perdagangan Internasional dan Neraca Pembayaran,"Ekspor Oktober 2018 Mencapai US$15,80 Miliar. Impor Oktober 2018 sebesar US$17,62 Miliar, naik 20,60 persen dibanding September 2018.","Ekspor Oktober 2018 Mencapai US$15,80 Miliar. Impor Oktober 2018 sebesar US$17,62 Miliar, naik 20,60 persen dibanding September 2018. - Ekspor Nilai ekspor Indonesia Oktober 2018 mencapai US$15,80 miliar atau meningkat 5,87 persen dibanding ekspor September 2018. Demikian juga dibanding Oktober 2...",411
1526,2018-11-05,2018,2.3,Statistik Ekonomi,Statistik Bisnis,Statistik Bisnis,Indeks Tendensi Bisnis dan Indeks Tendensi Konsumen Triwulan III-2018 serta Perkiraan Triwulan IV-2018,"Indeks Tendensi Bisnis dan Indeks Tendensi Konsumen Triwulan III-2018 serta Perkiraan Triwulan IV-2018 Indeks Tendensi Bisnis (ITB) triwulan III-2018 sebesar 108,05 menunjukkan kondisi bisnis secara umum terus tumbuh, walaupun optimisme pelaku bisnis lebih rendah dibandingkan dengan triwulan sebe...",140
1522,2018-11-05,2018,2.1,Statistik Ekonomi,Statistik Makroekonomi,Neraca Ekonomi,"Ekonomi Indonesia Triwulan III-2018 Tumbuh 5,17 Persen","Ekonomi Indonesia Triwulan III-2018 Tumbuh 5,17 Persen Perekonomian Indonesia berdasarkan besaran Produk Domestik Bruto (PDB) atas dasar harga berlaku triwulan III-2018 mencapai Rp3 835,6 triliun dan atas dasar harga konstan 2010 mencapai Rp2 684,2 triliun. Ekonomi Indonesia triwulan III-2018 ter...",215
1485,2018-11-05,2018,1.2,Statistik Demografi dan Sosial,Ketenagakerjaan,Tenaga Kerja,"Agustus 2018: Tingkat Pengangguran Terbuka (TPT) sebesar 5,34 persen","Agustus 2018: Tingkat Pengangguran Terbuka (TPT) sebesar 5,34 persen Jumlah angkatan kerja pada Agustus 2018 sebanyak 131,01 juta orang, naik 2,95 juta orang dibanding Agustus 2017. Sejalan dengan itu, Tingkat Partsipasi Angkatan Kerja (TPAK) juga meningkat 0,59 persen poin. Dalam setahun terakhi...",224
1530,2018-11-01,2018,2.7,Statistik Ekonomi,Harga,Harga-Harga,"Triwulan III 2018, Harga Produsen Mengalami Inflasi 1,09 Persen","Triwulan III 2018, Harga Produsen Mengalami Inflasi 1,09 Persen Indeks Harga Produsen (IHP) triwulan III-2018 naik 1,09 persen terhadap triwulan II-2018 (q-to-q) dan naik 4,20 persen terhadap triwulan III-2017 (y-on-y). IHP Sektor Pertanian triwulan III-2018 naik 1,09 persen terhadap triwulan II-...",184
1482,2018-11-01,2018,2.4.3,Statistik Ekonomi,Statistik Sektoral,"Pertambangan, Manufaktur, Konstruksi","Pertumbuhan Produksi Industri Manufaktur Besar dan Sedang Triwulan III 2018 Naik 5,04 Persen dan Pertumbuhan Produksi Industri Manufaktur Mikro dan Kecil triwulan III-2018 naik 3,88 persen","Pertumbuhan Produksi Industri Manufaktur Besar dan Sedang Triwulan III 2018 Naik 5,04 Persen dan Pertumbuhan Produksi Industri Manufaktur Mikro dan Kecil triwulan III-2018 naik 3,88 persen Pertumbuhan produksi industri manufaktur besar dan sedang triwulan III-2018 naik sebesar 5,04 persen (y-on-y...",367
1477,2018-11-01,2018,2.4.5,Statistik Ekonomi,Statistik Sektoral,Pariwisata,"Jumlah kunjungan wisman ke Indonesia September 2018 mencapai 1,35 juta kunjungan","Jumlah kunjungan wisman ke Indonesia September 2018 mencapai 1,35 juta kunjungan Jumlah kunjungan wisatawan mancanegara atau wisman ke Indonesia September 2018 naik 8,11 persen dibanding jumlah kunjungan pada September 2017, yaitu dari 1,25 juta kunjungan menjadi 1,35 juta kunjungan. Sementara it...",165
1466,2018-11-01,2018,2.7,Statistik Ekonomi,Harga,Harga-Harga,"Nilai Tukar Petani (NTP) Oktober 2018 sebesar 103,02 atau turun 0,14 persen, Harga Gabah Kering Panen di Tingkat Petani naik 0,98 persen dan Harga Beras Medium di Penggilingan naik 0,92 persen","Nilai Tukar Petani (NTP) Oktober 2018 sebesar 103,02 atau turun 0,14 persen, Harga Gabah Kering Panen di Tingkat Petani naik 0,98 persen dan Harga Beras Medium di Penggilingan naik 0,92 persen - NTP Nilai Tukar Petani (NTP) adalah perbandingan indeks harga yang diterima petani (It) terhadap indek...",487
1455,2018-11-01,2018,2.7,Statistik Ekonomi,Harga,Harga-Harga,"October 2018 Indeks Harga Perdagangan Besar (IHPB) Umum Nonmigas naik 0,32 persen","October 2018 Indeks Harga Perdagangan Besar (IHPB) Umum Nonmigas naik 0,32 persen Pada Oktober 2018, Indeks Harga Perdagangan Besar (IHPB) Umum Nonmigas atau indeks harga grosir/agen naik sebesar 0,32 persen terhadap bulan sebelumnya. Kenaikan IHPB tertinggi terjadi pada Kelompok Barang Ekspor No...",154
1438,2018-11-01,2018,2.7,Statistik Ekonomi,Harga,Harga-Harga,"Oktober 2018 inflasi sebesar 0,28 persen. Inflasi tertinggi terjadi di Palu sebesar 2,27 persen.","Oktober 2018 inflasi sebesar 0,28 persen. Inflasi tertinggi terjadi di Palu sebesar 2,27 persen. Pada Oktober 2018 terjadi inflasi sebesar 0,28 persen dengan Indeks Harga Konsumen (IHK) sebesar 134,20. Dari 82 kota IHK, 66 kota mengalami inflasi dan 16 kota mengalami deflasi. Inflasi tertinggi te...",220
1538,2018-10-24,2018,2.4.1,Statistik Ekonomi,Statistik Sektoral,"Pertanian, Kehutanan, Perikanan","Dengan memperhitungkan potensi sampai Desember, maka Luas panen padi di Indonesia periode Januari–Desember 2018 sebesar 10,90 juta hektar dan produksi padi sebesar 56,54 juta ton GKG","Dengan memperhitungkan potensi sampai Desember, maka Luas panen padi di Indonesia periode Januari–Desember 2018 sebesar 10,90 juta hektar dan produksi padi sebesar 56,54 juta ton GKG Luas panen padi di Indonesia periode Januari–September 2018 sebesar 9,54 juta hektar. Dengan memperhitungkan poten...",110
1516,2018-10-15,2018,2.8,Statistik Ekonomi,Biaya Tenaga Kerja,Biaya Tenaga Kerja,"Upah Nominal Harian Buruh Tani Nasional September 2018 Naik Sebesar 0,30 Persen.","Upah Nominal Harian Buruh Tani Nasional September 2018 Naik Sebesar 0,30 Persen. Upah nominal buruh/pekerja adalah rata-rata upah harian yang diterima buruh sebagai balas jasa pekerjaan yang telah dilakukan. Upah riil buruh/pekerja menggambarkan daya beli dari pendapatan/upah yang diterima buruh/...",119
1505,2018-10-15,2018,2.6,Statistik Ekonomi,Perdagangan Internasional,Perdagangan Internasional dan Neraca Pembayaran,"Ekspor September 2018 mencapai US$14,83 miliar dan Impor September 2018 sebesar US$14,60 miliar turun 13,18 persen dibanding  Agustus 2018","Ekspor September 2018 mencapai US$14,83 miliar dan Impor September 2018 sebesar US$14,60 miliar turun 13,18 persen dibanding Agustus 2018 Ekspor Nilai ekspor Indonesia September 2018 mencapai US$14,83 miliar atau menurun 6,58 persen dibanding ekspor Agustus 2018. Sementara dibanding September 201...",402
1476,2018-10-01,2018,2.4.5,Statistik Ekonomi,Statistik Sektoral,Pariwisata,"Jumlah kunjungan wisman ke Indonesia Agustus 2018 mencapai 1,51 juta kunjungan.","Jumlah kunjungan wisman ke Indonesia Agustus 2018 mencapai 1,51 juta kunjungan. Jumlah kunjungan wisatawan mancanegara atau wisman ke Indonesia Agustus 2018 naik 8,44 persen dibanding jumlah kunjungan pada Agustus 2017, yaitu dari 1,39 juta kunjungan menjadi 1,51 juta kunjungan. Sementara itu, ji...",166
1465,2018-10-01,2018,2.7,Statistik Ekonomi,Harga,Harga-Harga,"Nilai Tukar Petani (NTP) September 2018 sebesar 103,17 atau naik 0,59 persen. Harga Gabah Kering Panen di Tingkat Petani naik 2,40 persen dan Harga Beras Medium di Penggilingan naik 1,50 persen.","Nilai Tukar Petani (NTP) September 2018 sebesar 103,17 atau naik 0,59 persen. Harga Gabah Kering Panen di Tingkat Petani naik 2,40 persen dan Harga Beras Medium di Penggilingan naik 1,50 persen. - NTP Nilai Tukar Petani (NTP) adalah perbandingan indeks harga yang diterima petani (It) terhadap ind...",487
1454,2018-10-01,2018,2.7,Statistik Ekonomi,Harga,Harga-Harga,"September 2018 Indeks Harga Perdagangan Besar (IHPB) Umum Nonmigas naik 0,08 persen","September 2018 Indeks Harga Perdagangan Besar (IHPB) Umum Nonmigas naik 0,08 persen Pada September 2018, Indeks Harga Perdagangan Besar (IHPB) Umum Nonmigas atau indeks harga grosir/agen naik sebesar 0,08 persen terhadap bulan sebelumnya. Kenaikan IHPB tertinggi terjadi pada Sektor Pertambangan d...",146
1437,2018-10-01,2018,2.7,Statistik Ekonomi,Harga,Harga-Harga,"September 2018 deflasi sebesar 0,18 persen. Deflasi tertinggi terjadi di Pare-pare sebesar 1,59 persen.","September 2018 deflasi sebesar 0,18 persen. Deflasi tertinggi terjadi di Pare-pare sebesar 1,59 persen. Pada September 2018 terjadi deflasi sebesar 0,18 persen dengan Indeks Harga Konsumen (IHK) sebesar 133,83. Dari 82 kota IHK, 66 kota mengalami deflasi dan 16 kota mengalami inflasi. Deflasi ter...",241
1531,2018-09-17,2018,1.10,Statistik Demografi dan Sosial,Aktivitas Politik dan Komunitas,Aktivitas Politik dan Komunitas Lainnya,"Indeks Perilaku Anti Korupsi (IPAK) Tahun 2018 sebesar 3,66","Indeks Perilaku Anti Korupsi (IPAK) Tahun 2018 sebesar 3,66 Indeks Perilaku Anti Korupsi (IPAK) Indonesia tahun 2018 sebesar 3,66 pada skala 0 sampai 5. Angka ini lebih rendah dibandingkan capaian tahun 2017 sebesar 3,71. Nilai indeks semakin mendekati 5 menunjukkan bahwa masyarakat berperilaku s...",184
1515,2018-09-17,2018,2.8,Statistik Ekonomi,Biaya Tenaga Kerja,Biaya Tenaga Kerja,"Upah Nominal Harian Buruh Tani Nasional Agustus 2018 naik sebesar 0,24 persen","Upah Nominal Harian Buruh Tani Nasional Agustus 2018 naik sebesar 0,24 persen Upah nominal buruh/pekerja adalah rata-rata upah harian yang diterima buruh sebagai balas jasa pekerjaan yang telah dilakukan. Upah riil buruh/pekerja menggambarkan daya beli dari pendapatan/upah yang diterima buruh/pek...",119
1504,2018-09-17,2018,2.6,Statistik Ekonomi,Perdagangan Internasional,Perdagangan Internasional dan Neraca Pembayaran,"Ekspor Agustus 2018 Mencapai US$15,82 Miliar, Impor Agustus 2018 sebesar US$16,84 Miliar, turun 7,97 persen dibanding Juli 2018.","Ekspor Agustus 2018 Mencapai US$15,82 Miliar, Impor Agustus 2018 sebesar US$16,84 Miliar, turun 7,97 persen dibanding Juli 2018. - Ekspor Nilai ekspor Indonesia Agustus 2018 mencapai US$15,82 miliar atau menurun 2,90 persen dibanding ekspor Juli 2018. Sementara dibanding Agustus 2017 meningkat 4,...",407
1475,2018-09-03,2018,2.4.5,Statistik Ekonomi,Statistik Sektoral,Pariwisata,"Jumlah kunjungan wisman ke Indonesia Juli 2018 mencapai 1,54 juta kunjungan.","Jumlah kunjungan wisman ke Indonesia Juli 2018 mencapai 1,54 juta kunjungan. <ul> <li>Jumlah kunjungan wisatawan mancanegara atau wisman ke Indonesia Juli 2018 naik 12,10 persen dibanding jumlah kunjungan pada Juli 2017, yaitu dari 1,37 juta kunjungan menjadi 1,54 juta kunjungan. Demikian pula, j...",168
1464,2018-09-03,2018,2.7,Statistik Ekonomi,Harga,Harga-Harga,"Nilai Tukar Petani (NTP) Agustus 2018 sebesar 102,56 atau naik 0,89 persen. Harga Gabah Kering Panen di Tingkat Petani naik 3,05 persen dan Harga Beras Medium di Penggilingan turun 0,28 persen.","Nilai Tukar Petani (NTP) Agustus 2018 sebesar 102,56 atau naik 0,89 persen. Harga Gabah Kering Panen di Tingkat Petani naik 3,05 persen dan Harga Beras Medium di Penggilingan turun 0,28 persen. - NTP Nilai Tukar Petani (NTP) adalah perbandingan indeks harga yang diterima petani (It) terhadap inde...",486
1453,2018-09-03,2018,2.7,Statistik Ekonomi,Harga,Harga-Harga,"Agustus 2018 Indeks Harga Perdagangan Besar (IHPB) Umum Nonmigas turun 0,07 persen","Agustus 2018 Indeks Harga Perdagangan Besar (IHPB) Umum Nonmigas turun 0,07 persen Pada Agustus 2018, Indeks Harga Perdagangan Besar (IHPB) Umum Nonmigas atau indeks harga grosir/agen turun sebesar 0,07 persen terhadap bulan sebelumnya. Penurunan IHPB tertinggi terjadi pada Sektor Pertanian sebes...",151
1436,2018-09-03,2018,2.7,Statistik Ekonomi,Harga,Harga-Harga,"Agustus 2018 deflasi sebesar 0,05 persen. Deflasi tertinggi terjadi di Bau-Bau sebesar 2,49 persen.","Agustus 2018 deflasi sebesar 0,05 persen. Deflasi tertinggi terjadi di Bau-Bau sebesar 2,49 persen. Pada Agustus 2018 terjadi deflasi sebesar 0,05 persen dengan Indeks Harga Konsumen (IHK) sebesar 134,07. Dari 82 kota IHK, 52 kota mengalami deflasi dan 30 kota mengalami inflasi. Deflasi tertinggi...",236
1534,2018-08-15,2018,1.10,Statistik Demografi dan Sosial,Aktivitas Politik dan Komunitas,Aktivitas Politik dan Komunitas Lainnya,Indeks Demokrasi Indonesia (IDI) Tingkat Nasional 2017 Mengalami Peningkatan Dibandingkan dengan IDI Nasional 2016,"Indeks Demokrasi Indonesia (IDI) Tingkat Nasional 2017 Mengalami Peningkatan Dibandingkan dengan IDI Nasional 2016 IDI adalah indikator komposit yang menunjukkan tingkat perkembangan demokrasi di Indonesia. Tingkat capaiannya diukur berdasarkan pelaksanaan dan perkembangan tiga aspek demokrasi, y...",181
1514,2018-08-15,2018,2.8,Statistik Ekonomi,Biaya Tenaga Kerja,Biaya Tenaga Kerja,"Upah Nominal Harian Buruh Tani Nasional Juli 2018 Naik Sebesar 0,34 Persen","Upah Nominal Harian Buruh Tani Nasional Juli 2018 Naik Sebesar 0,34 Persen Upah nominal buruh/pekerja adalah rata-rata upah harian yang diterima buruh sebagai balas jasa pekerjaan yang telah dilakukan. Upah riil buruh/pekerja menggambarkan daya beli dari pendapatan/upah yang diterima buruh/pekerj...",121
1503,2018-08-15,2018,2.6,Statistik Ekonomi,Perdagangan Internasional,Perdagangan Internasional dan Neraca Pembayaran,"Ekspor Juli 2018 Mencapai US$16,24 Miliar naik 25,19 persen dibanding Juni 2018, Impor Juli 2018 sebesar US$18,27 Miliar, naik 62,17 persen dibanding Juni 2018","Ekspor Juli 2018 Mencapai US$16,24 Miliar naik 25,19 persen dibanding Juni 2018, Impor Juli 2018 sebesar US$18,27 Miliar, naik 62,17 persen dibanding Juni 2018 - Ekspor Nilai ekspor Indonesia Juli 2018 mencapai US$16,24 miliar atau meningkat 25,19 persen dibanding ekspor Juni 2018. Demikian juga ...",420
1525,2018-08-06,2018,2.3,Statistik Ekonomi,Statistik Bisnis,Statistik Bisnis,"Indeks Tendensi Bisnis dan Indeks Tendensi Konsumen Triwulan II-2018 serta Perkiraan Triwulan III-2018
","Indeks Tendensi Bisnis dan Indeks Tendensi Konsumen Triwulan II-2018 serta Perkiraan Triwulan III-2018 Indeks Tendensi Bisnis (ITB) triwulan II-2018 sebesar 112,82 menunjukkan kondisi bisnis secara umum terus tumbuh dengan optimisme pelaku bisnis lebih tinggi. Optimisme pelaku bisnis terjadi pada...",115
1521,2018-08-06,2018,2.1,Statistik Ekonomi,Statistik Makroekonomi,Neraca Ekonomi,"Ekonomi Indonesia Triwulan II-2018 Tumbuh 5,27 Persen","Ekonomi Indonesia Triwulan II-2018 Tumbuh 5,27 Persen Perekonomian Indonesia berdasarkan besaran Produk Domestik Bruto (PDB) atas dasar harga berlaku triwulan II-2018 mencapai Rp3.683,9 triliun dan atas dasar harga konstan 2010 mencapai Rp2.603,7 triliun. Ekonomi Indonesia triwulan II-2018 terhad...",239
1529,2018-08-01,2018,2.7,Statistik Ekonomi,Harga,Harga-Harga,"Triwulan II-2018 Harga Produsen  Mengalami Inflasi 0,03 Persen","Triwulan II-2018 Harga Produsen Mengalami Inflasi 0,03 Persen Indeks Harga Produsen (IHP) triwulan II-2018 naik 0,03 persen terhadap triwulan I-2018 (q-to-q) dan naik 3,79 persen terhadap triwulan II-2017 (y-on-y). IHP Sektor Pertanian triwulan II-2018 turun 1,70 persen terhadap triwulan I-2018 (...",183
1481,2018-08-01,2018,2.4.3,Statistik Ekonomi,Statistik Sektoral,"Pertambangan, Manufaktur, Konstruksi","Pertumbuhan Produksi Industri Manufaktur Besar dan Sedang Triwulan II-2018 Naik Sebesar 4,36 Persen dan Pertumbuhan Produksi Industri Manufaktur Mikro dan Kecil Triwulan II-2018 Naik Sebesar 4,93 Persen","Pertumbuhan Produksi Industri Manufaktur Besar dan Sedang Triwulan II-2018 Naik Sebesar 4,36 Persen dan Pertumbuhan Produksi Industri Manufaktur Mikro dan Kecil Triwulan II-2018 Naik Sebesar 4,93 Persen Pertumbuhan produksi industri manufaktur besar dan sedang triwulan II-2018 naik sebesar 4,36 p...",370
1474,2018-08-01,2018,2.4.5,Statistik Ekonomi,Statistik Sektoral,Pariwisata,"Jumlah kunjungan wisman ke Indonesia Juni 2018 mencapai 1,32 juta kunjungan","Jumlah kunjungan wisman ke Indonesia Juni 2018 mencapai 1,32 juta kunjungan Jumlah kunjungan wisatawan mancanegara atau wisman ke Indonesia Juni 2018 naik 15,21 persen dibanding jumlah kunjungan pada Juni 2017, yaitu dari 1,14 juta kunjungan menjadi 1,32 juta kunjungan. Demikian pula, jika diband...",166
1463,2018-08-01,2018,2.7,Statistik Ekonomi,Harga,Harga-Harga,"Nilai Tukar Petani (NTP) Juli 2018 sebesar 101,66 atau turun 0,37 persen. Harga Gabah Kering Panen di Tingkat Petani turun 0,38 persen dan Harga Beras Medium di Penggilingan naik 0,68 persen","Nilai Tukar Petani (NTP) Juli 2018 sebesar 101,66 atau turun 0,37 persen. Harga Gabah Kering Panen di Tingkat Petani turun 0,38 persen dan Harga Beras Medium di Penggilingan naik 0,68 persen - NTP Nilai Tukar Petani (NTP) adalah perbandingan indeks harga yang diterima petani (It) terhadap indeks ...",488
1452,2018-08-01,2018,2.7,Statistik Ekonomi,Harga,Harga-Harga,"Juli 2018 Indeks Harga Perdagangan Besar (IHPB) Umum Nonmigas naik 0,56 persen","Juli 2018 Indeks Harga Perdagangan Besar (IHPB) Umum Nonmigas naik 0,56 persen Pada Juli 2018, Indeks Harga Perdagangan Besar (IHPB) Umum Nonmigas atau indeks harga grosir/agen naik sebesar 0,56 persen terhadap bulan sebelumnya. Kenaikan IHPB tertinggi terjadi pada Kelompok Barang Ekspor Nonmigas...",160
1435,2018-08-01,2018,2.7,Statistik Ekonomi,Harga,Harga-Harga,"Inflasi sebesar 0,28 persen pada Juli 2018. Inflasi tertinggi terjadi di Sorong sebesar 1,47 persen.","Inflasi sebesar 0,28 persen pada Juli 2018. Inflasi tertinggi terjadi di Sorong sebesar 1,47 persen. Pada Juli 2018 terjadi inflasi sebesar 0,28 persen dengan Indeks Harga Konsumen (IHK) sebesar 134,14. Dari 82 kota IHK, 68 kota mengalami inflasi dan 14 kota mengalami deflasi. Inflasi tertinggi t...",217
1533,2018-07-16,2018,3.3.1,Statistik Lingkungan Hidup dan Multi-domain,Statistik Multi-domain,"Kondisi Tempat Tinggal, Kemiskinan, dan Permasalahan Sosial Lintas Sektor","Gini Ratio Maret 2018 tercatat sebesar 0,389","Gini Ratio Maret 2018 tercatat sebesar 0,389 Pada Maret 2018, tingkat ketimpangan pengeluaran penduduk Indonesia yang diukur oleh Gini Ratio adalah sebesar 0,389. Angka ini menurun sebesar 0,002 poin jika dibandingkan dengan Gini Ratio September 2017 yang sebesar 0,391. Sementara itu, jika diband...",171
1513,2018-07-16,2018,2.8,Statistik Ekonomi,Biaya Tenaga Kerja,Biaya Tenaga Kerja,"Upah Nominal Harian Buruh Tani Nasional Juni 2018 Naik Sebesar 0,28 Persen","Upah Nominal Harian Buruh Tani Nasional Juni 2018 Naik Sebesar 0,28 Persen Upah nominal buruh/pekerja adalah rata-rata upah harian yang diterima buruh sebagai balas jasa pekerjaan yang telah dilakukan. Upah riil buruh/pekerja menggambarkan daya beli dari pendapatan/upah yang diterima buruh/pekerj...",117
1502,2018-07-16,2018,2.6,Statistik Ekonomi,Perdagangan Internasional,Perdagangan Internasional dan Neraca Pembayaran,"Ekspor Juni 2018 Mencapai US$13,00 Miliar, Impor Juni 2018 sebesar US$11,26 Miliar, turun 36,27 persen dibanding Mei 2018","Ekspor Juni 2018 Mencapai US$13,00 Miliar, Impor Juni 2018 sebesar US$11,26 Miliar, turun 36,27 persen dibanding Mei 2018 Ekspor - Nilai ekspor Indonesia Juni 2018 mencapai US$13,00 miliar atau menurun 19,80 persen dibanding ekspor Mei 2018. Sementara dibanding Juni 2017 meningkat 11,47 persen. -...",416
1483,2018-07-16,2018,3.3.1,Statistik Lingkungan Hidup dan Multi-domain,Statistik Multi-domain,"Kondisi Tempat Tinggal, Kemiskinan, dan Permasalahan Sosial Lintas Sektor","Persentase penduduk miskin Maret 2018 turun menjadi 9,82 persen","Persentase penduduk miskin Maret 2018 turun menjadi 9,82 persen Pada bulan Maret 2018, jumlah penduduk miskin (penduduk dengan pengeluaran per kapita per bulan di bawah Garis Kemiskinan) di Indonesia mencapai 25,95 juta orang (9,82 persen), berkurang sebesar 633,2 ribu orang dibandingkan dengan k...",242
1473,2018-07-02,2018,2.4.5,Statistik Ekonomi,Statistik Sektoral,Pariwisata,"Jumlah kunjungan wisman ke Indonesia Mei 2018 mencapai 1,20 juta kunjungan.","Jumlah kunjungan wisman ke Indonesia Mei 2018 mencapai 1,20 juta kunjungan. Jumlah kunjungan wisatawan mancanegara atau wisman ke Indonesia Mei 2018 naik 4,55 persen dibanding jumlah kunjungan pada Mei 2017, yaitu dari 1,15 juta kunjungan menjadi 1,20 juta kunjungan. Sementara itu, jika dibanding...",166
1462,2018-07-02,2018,2.7,Statistik Ekonomi,Harga,Harga-Harga,"Nilai Tukar Petani (NTP) Juni 2018 sebesar 102,04 atau naik 0,05 persen. Harga Gabah Kering Panen di Tingkat Petani naik 2,10 Persen dan Harga Beras Medium di Penggilingan turun 0,60 persen.","Nilai Tukar Petani (NTP) Juni 2018 sebesar 102,04 atau naik 0,05 persen. Harga Gabah Kering Panen di Tingkat Petani naik 2,10 Persen dan Harga Beras Medium di Penggilingan turun 0,60 persen. Nilai Tukar Petani (NTP) adalah perbandingan indeks harga yang diterima petani (It) terhadap indeks harga ...",483
1451,2018-07-02,2018,2.7,Statistik Ekonomi,Harga,Harga-Harga,"Mei 2018 Indeks Harga Perdagangan Besar (IHPB) Umum Nonmigas naik 0,18 persen","Mei 2018 Indeks Harga Perdagangan Besar (IHPB) Umum Nonmigas naik 0,18 persen Pada Juni 2018, Indeks Harga Perdagangan Besar (IHPB) Umum Nonmigas atau indeks harga grosir/agen naik sebesar 0,18 persen terhadap bulan sebelumnya. Kenaikan IHPB tertinggi terjadi pada Kelompok Barang Impor Nonmigas s...",153
1445,2018-07-02,2018,2.7,Statistik Ekonomi,Harga,Harga-Harga,"Juni 2018 inflasi sebesar 0,59 persen. Inflasi tertinggi terjadi di Tarakan sebesar 2,71 persen.","Juni 2018 inflasi sebesar 0,59 persen. Inflasi tertinggi terjadi di Tarakan sebesar 2,71 persen. Pada Juni 2018 terjadi inflasi sebesar 0,59 persen dengan Indeks Harga Konsumen (IHK) sebesar 133,77. Dari 82 kota IHK, seluruhnya mengalami inflasi. Inflasi tertinggi terjadi di Tarakan sebesar 2,71 ...",197
1512,2018-06-25,2018,2.8,Statistik Ekonomi,Biaya Tenaga Kerja,Biaya Tenaga Kerja,"Upah Nominal Harian Buruh Tani Nasional Mei naik sebesar 0,36 persen","Upah Nominal Harian Buruh Tani Nasional Mei naik sebesar 0,36 persen • Upah nominal buruh/pekerja adalah rata-rata upah harian yang diterima buruh sebagai balas jasa pekerjaan yang telah dilakukan. • Upah riil buruh/pekerja menggambarkan daya beli dari pendapatan/upah yang diterima buruh/pekerja....",125
1501,2018-06-25,2018,2.6,Statistik Ekonomi,Perdagangan Internasional,Perdagangan Internasional dan Neraca Pembayaran,"Ekspor Mei 2018 Mencapai US$ 16,12 Miliar, Sedangkan Impor Mei 2018 sebesar US$ 17,64 Miliar, naik 9,17 persen dibanding April 2018","Ekspor Mei 2018 Mencapai US$ 16,12 Miliar, Sedangkan Impor Mei 2018 sebesar US$ 17,64 Miliar, naik 9,17 persen dibanding April 2018 - Ekspor Nilai ekspor Indonesia Mei 2018 mencapai US$16,12 miliar atau meningkat 10,90 persen dibanding ekspor April 2018. Demikian juga dibanding Mei 2017 meningkat...",411
1472,2018-06-04,2018,2.4.5,Statistik Ekonomi,Statistik Sektoral,Pariwisata,"Jumlah kunjungan wisman ke Indonesia April 2018 mencapai 1,30 juta kunjungan.","Jumlah kunjungan wisman ke Indonesia April 2018 mencapai 1,30 juta kunjungan. Jumlah kunjungan wisatawan mancanegara atau wisman ke Indonesia April 2018 naik 11,04 persen dibanding jumlah kunjungan pada April 2017, yaitu dari 1,17 juta kunjungan menjadi 1,30 juta kunjungan. Sementara itu, jika di...",165
1461,2018-06-04,2018,2.7,Statistik Ekonomi,Harga,Harga-Harga,"Nilai Tukar Petani (NTP) Mei 2018 sebesar 101,99 atau naik 0,37 persen. Harga Gabah Kering Panen di Tingkat Petani turun 0,04 persen dan Harga Beras Medium di Penggilingan turun 0,33 persen.","Nilai Tukar Petani (NTP) Mei 2018 sebesar 101,99 atau naik 0,37 persen. Harga Gabah Kering Panen di Tingkat Petani turun 0,04 persen dan Harga Beras Medium di Penggilingan turun 0,33 persen. - NTP Nilai Tukar Petani (NTP) adalah perbandingan indeks harga yang diterima petani (It) terhadap indeks ...",505
1450,2018-06-04,2018,2.7,Statistik Ekonomi,Harga,Harga-Harga,"Mei 2018 Indeks Harga Perdagangan Besar (IHPB) Umum Nonmigas naik 0,32 persen","Mei 2018 Indeks Harga Perdagangan Besar (IHPB) Umum Nonmigas naik 0,32 persen Pada Mei 2018, Indeks Harga Perdagangan Besar (IHPB) Umum Nonmigas atau indeks harga grosir/agen naik sebesar 0,32 persen terhadap bulan sebelumnya. Kenaikan IHPB tertinggi terjadi pada Kelompok Barang Ekspor Nonmigas s...",166
1444,2018-06-04,2018,2.7,Statistik Ekonomi,Harga,Harga-Harga,"Mei 2018 inflasi sebesar 0,21 persen. Inflasi tertinggi terjadi di Tual sebesar 1,88 persen.","Mei 2018 inflasi sebesar 0,21 persen. Inflasi tertinggi terjadi di Tual sebesar 1,88 persen. Pada Mei 2018 terjadi inflasi sebesar 0,21 persen dengan Indeks Harga Konsumen (IHK) sebesar 132,99. Dari 82 kota IHK, 65 kota mengalami inflasi dan 17 kota mengalami deflasi. Inflasi tertinggi terjadi di...",227
1511,2018-05-15,2018,2.8,Statistik Ekonomi,Biaya Tenaga Kerja,Biaya Tenaga Kerja,"Upah Nominal Harian Buruh Tani Nasional April naik sebesar 0,52 persen","Upah Nominal Harian Buruh Tani Nasional April naik sebesar 0,52 persen • Upah nominal buruh/pekerja adalah rata-rata upah harian yang diterima buruh sebagai balas jasa pekerjaan yang telah dilakukan. • Upah riil buruh/pekerja menggambarkan daya beli dari pendapatan/upah yang diterima buruh/pekerj...",125
1500,2018-05-15,2018,2.6,Statistik Ekonomi,Perdagangan Internasional,Perdagangan Internasional dan Neraca Pembayaran,"April 2018, nilai ekspor Indonesia mencapai US$14,47 miliar dan Nilai impor Indonesia mencapai US$16,09 miliar","April 2018, nilai ekspor Indonesia mencapai US$14,47 miliar dan Nilai impor Indonesia mencapai US$16,09 miliar Nilai ekspor Indonesia April 2018 mencapai US$14,47 miliar atau menurun 7,19 persen dibanding ekspor Maret 2018. Sementara dibanding April 2017 meningkat 9,01 persen. Ekspor nonmigas Apr...",402
1524,2018-05-07,2018,2.3,Statistik Ekonomi,Statistik Bisnis,Statistik Bisnis,Indeks Tendensi Bisnis dan Indeks Tendensi Konsumen Triwulan I-2018 serta Perkiraan Triwulan II-2018,"Indeks Tendensi Bisnis dan Indeks Tendensi Konsumen Triwulan I-2018 serta Perkiraan Triwulan II-2018 Indeks Tendensi Bisnis (ITB) triwulan I-2018 sebesar 106,28 menunjukkan kondisi bisnis secara umum masih tumbuh walaupun optimisme pelaku bisnis lebih rendah dibandingkan triwulan sebelumnya (ITB ...",136
1520,2018-05-07,2018,2.1,Statistik Ekonomi,Statistik Makroekonomi,Neraca Ekonomi,"Ekonomi Indonesia Triwulan I 2018 Tumbuh 5,06 persen","Ekonomi Indonesia Triwulan I 2018 Tumbuh 5,06 persen Perekonomian Indonesia berdasarkan besaran Produk Domestik Bruto (PDB) atas dasar harga berlaku triwulan I-2018 mencapai Rp3 505,3 triliun dan atas dasar harga konstan 2010 mencapai Rp2 498,4 triliun. Ekonomi Indonesia triwulan I-2018 terhadap ...",200
1484,2018-05-07,2018,1.2,Statistik Demografi dan Sosial,Ketenagakerjaan,Tenaga Kerja,"Februari 2018: Tingkat Pengangguran Terbuka (TPT) sebesar 5,13 persen, Rata-rata upah buruh per bulan sebesar 2,65 juta rupiah","Februari 2018: Tingkat Pengangguran Terbuka (TPT) sebesar 5,13 persen, Rata-rata upah buruh per bulan sebesar 2,65 juta rupiah - Tenaga Kerja Jumlah angkatan kerja pada Februari 2018 sebanyak 133,94 juta orang, naik 2,39 juta orang dibanding Februari 2017. Sejalan dengan itu, Tingkat Partisipasi ...",314
1528,2018-05-02,2018,2.7,Statistik Ekonomi,Harga,Harga-Harga,"Triwulan I-2018 Harga Produsen Mengalami Inflasi 1,43Persen","Triwulan I-2018 Harga Produsen Mengalami Inflasi 1,43Persen Indeks Harga Produsen (IHP) triwulan I-2018 naik 1,43 persen terhadap triwulan IV-2017 (q-to-q) dan naik 3,41 persen terhadap triwulan I-2017 (y-on-y). IHP Sektor Pertanian triwulan I-2018 naik 1,83 persen terhadap triwulan IV-2017 (q-to...",182
1480,2018-05-02,2018,2.4.3,Statistik Ekonomi,Statistik Sektoral,"Pertambangan, Manufaktur, Konstruksi",Pertumbuhan Produksi Manufaktur Triwulan I 2018,"Pertumbuhan Produksi Manufaktur Triwulan I 2018 Pertumbuhan produksi industri manufaktur besar dan sedang triwulan I-2018 naik sebesar 5,01 persen (y-on-y) terhadap triwulan I-2017. Kenaikan tersebut terutama disebabkan naiknya produksi industri kulit, barang dari kulit dan alas kaki, yaitu naik ...",183
1471,2018-05-02,2018,2.4.5,Statistik Ekonomi,Statistik Sektoral,Pariwisata,"Jumlah kunjungan wisman ke Indonesia Maret 2018 mencapai 1,36 juta kunjungan.","Jumlah kunjungan wisman ke Indonesia Maret 2018 mencapai 1,36 juta kunjungan. Jumlah kunjungan wisatawan mancanegara atau wisman ke Indonesia Maret 2018 naik 28,76 persen dibanding jumlah kunjungan pada Maret 2017, yaitu dari 1,06 juta kunjungan menjadi 1,36 juta kunjungan. Demikian juga, jika di...",166
1460,2018-05-02,2018,2.7,Statistik Ekonomi,Harga,Harga-Harga,"Nilai Tukar Petani (NTP) April 2018 sebesar 101,61 atau turun 0,32 persen, Harga Gabah Kering Panen di Tingkat Petani turun 4,22 persen dan Harga Beras Medium di Penggilingan turun 4,92 persen","Nilai Tukar Petani (NTP) April 2018 sebesar 101,61 atau turun 0,32 persen, Harga Gabah Kering Panen di Tingkat Petani turun 4,22 persen dan Harga Beras Medium di Penggilingan turun 4,92 persen - Nilai Tukar Petani Nilai Tukar Petani (NTP) adalah perbandingan indeks harga yang diterima petani (It)...",487
1449,2018-05-02,2018,2.7,Statistik Ekonomi,Harga,Harga-Harga,"April 2018 Indeks Harga Perdagangan Besar (IHPB) Umum Nonmigas naik 0,12 persen","April 2018 Indeks Harga Perdagangan Besar (IHPB) Umum Nonmigas naik 0,12 persen Pada April 2018, Indeks Harga Perdagangan Besar (IHPB) Umum Nonmigas atau indeks harga grosir/agen naik sebesar 0,12 persen terhadap bulan sebelumnya. Kenaikan IHPB tertinggi terjadi pada Sektor Pertambangan dan Pengg...",159
1443,2018-05-02,2018,2.7,Statistik Ekonomi,Harga,Harga-Harga,"April 2018 inflasi sebesar 0,10 persen. Inflasi tertinggi terjadi di Merauke sebesar 1,32 persen.","April 2018 inflasi sebesar 0,10 persen. Inflasi tertinggi terjadi di Merauke sebesar 1,32 persen. Pada April 2018 terjadi inflasi sebesar 0,10 persen dengan Indeks Harga Konsumen (IHK) sebesar 132,71. Dari 82 kota IHK, 54 kota mengalami inflasi dan 28 kota mengalami deflasi. Inflasi tertinggi ter...",247
1535,2018-04-16,2018,3.3.1,Statistik Lingkungan Hidup dan Multi-domain,Statistik Multi-domain,"Kondisi Tempat Tinggal, Kemiskinan, dan Permasalahan Sosial Lintas Sektor","Indeks Pembangunan Manusia (IPM) Indonesia pada tahun 2017 mencapai 70,81. Kualitas kesehatan, pendidikan, dan pemenuhan kebutuhan hidup masyarakat Indonesia mengalami peningkatan","Indeks Pembangunan Manusia (IPM) Indonesia pada tahun 2017 mencapai 70,81. Kualitas kesehatan, pendidikan, dan pemenuhan kebutuhan hidup masyarakat Indonesia mengalami peningkatan Pembangunan manusia di Indonesia terus mengalami kemajuan. Pada tahun 2017, Indeks Pembangunan Manusia (IPM) Indonesi...",159
1510,2018-04-16,2018,2.8,Statistik Ekonomi,Biaya Tenaga Kerja,Biaya Tenaga Kerja,"Upah Nominal Harian Buruh Tani Nasional Maret 2018 Naik Sebesar 0,43 persen","Upah Nominal Harian Buruh Tani Nasional Maret 2018 Naik Sebesar 0,43 persen • Upah nominal buruh/pekerja adalah rata-rata upah harian yang diterima buruh sebagai balas jasa pekerjaan yang telah dilakukan. • Upah riil buruh/pekerja menggambarkan daya beli dari pendapatan/upah yang diterima buruh/p...",128
1499,2018-04-16,2018,2.6,Statistik Ekonomi,Perdagangan Internasional,Perdagangan Internasional dan Neraca Pembayaran,"Ekspor Maret 2018 Mencapai US$15,58 Miliar, Impor Maret 2018 sebesar US$14,49 Miliar atau naik 2,13 persen dibanding Februari 2018","Ekspor Maret 2018 Mencapai US$15,58 Miliar, Impor Maret 2018 sebesar US$14,49 Miliar atau naik 2,13 persen dibanding Februari 2018 Nilai ekspor Indonesia Maret 2018 mencapai US$15,58 miliar atau meningkat 10,24 persen dibanding ekspor Februari 2018. Demikian juga dibanding Maret 2017 meningkat 6,...",405
1470,2018-04-02,2018,2.4.5,Statistik Ekonomi,Statistik Sektoral,Pariwisata,"Jumlah kunjungan wisman ke Indonesia Februari 2018 mencapai 1,2 juta kunjungan.","Jumlah kunjungan wisman ke Indonesia Februari 2018 mencapai 1,2 juta kunjungan. Jumlah kunjungan wisatawan mancanegara atau wisman ke Indonesia Februari 2018 naik 17,36 persen dibanding jumlah kunjungan pada Februari 2017, yaitu dari 1,02 juta kunjungan menjadi 1,20 juta kunjungan. Demikian juga,...",166
1459,2018-04-02,2018,2.7,Statistik Ekonomi,Harga,Harga-Harga,"Nilai Tukar Petani (NTP) Maret 2018 sebesar 101,94 atau turun 0,39 persen","Nilai Tukar Petani (NTP) Maret 2018 sebesar 101,94 atau turun 0,39 persen Nilai Tukar Petani (NTP) adalah perbandingan indeks harga yang diterima petani (It) terhadap indeks harga yang dibayar petani (Ib) NTP merupakan salah satu indikator untuk melihat tingkat kemampuan/daya beli petani di perde...",201
1448,2018-04-02,2018,2.7,Statistik Ekonomi,Harga,Harga-Harga,"Maret 2018 Indeks Harga Perdagangan Besar (IHPB) Umum Nonmigas naik 0,49 persen","Maret 2018 Indeks Harga Perdagangan Besar (IHPB) Umum Nonmigas naik 0,49 persen Pada Maret 2018, Indeks Harga Perdagangan Besar (IHPB) Umum Nonmigas atau indeks harga grosir/agen naik sebesar 0,49 persen terhadap bulan sebelumnya. Kenaikan IHPB tertinggi terjadi pada Kelompok Barang Ekspor Nonmig...",158
1442,2018-04-02,2018,2.7,Statistik Ekonomi,Harga,Harga-Harga,"Maret 2018 inflasi sebesar 0,20 persen. Inflasi tertinggi terjadi di Jayapura sebesar 2,10 persen.","Maret 2018 inflasi sebesar 0,20 persen. Inflasi tertinggi terjadi di Jayapura sebesar 2,10 persen. Pada Maret 2018 terjadi inflasi sebesar 0,20 persen dengan Indeks Harga Konsumen (IHK) sebesar 132,58. Dari 82 kota IHK, 57 kota mengalami inflasi dan 25 kota mengalami deflasi. Inflasi tertinggi te...",222
1509,2018-03-15,2018,2.8,Statistik Ekonomi,Biaya Tenaga Kerja,Biaya Tenaga Kerja,"Upah Nominal Harian Buruh Tani Nasional Februari 2018 Naik Sebesar 0,52 Persen","Upah Nominal Harian Buruh Tani Nasional Februari 2018 Naik Sebesar 0,52 Persen Upah nominal buruh/pekerja adalah rata-rata upah harian yang diterima buruh sebagai balas jasa pekerjaan yang telah dilakukan. Upah riil buruh/pekerja menggambarkan daya beli dari pendapatan/upah yang diterima buruh/pe...",118
1498,2018-03-15,2018,2.6,Statistik Ekonomi,Perdagangan Internasional,Perdagangan Internasional dan Neraca Pembayaran,"Ekspor Februari 2018 Mencapai US$ 14,10 Miliar","Ekspor Februari 2018 Mencapai US$ 14,10 Miliar Nilai ekspor Indonesia Februari 2018 mencapai US$14,10 miliar atau menurun 3,14 persen dibanding ekspor Januari 2018. Sementara dibanding Februari 2017 meningkat 11,76 persen. Ekspor nonmigas Februari 2018 mencapai US$12,71 miliar, turun 3,96 persen ...",216
1469,2018-03-01,2018,2.4.5,Statistik Ekonomi,Statistik Sektoral,Pariwisata,"Jumlah kunjungan wisman ke Indonesia Januari 2018 mencapai 1,04 juta kunjungan.","Jumlah kunjungan wisman ke Indonesia Januari 2018 mencapai 1,04 juta kunjungan. Jumlah kunjungan wisatawan mancanegara atau wisman ke Indonesia Januari 2018 turun 6,17 persen dibanding jumlah kunjungan pada Januari 2017, yaitu dari 1,11 juta kunjungan menjadi 1,04 juta kunjungan. Demikian juga, j...",133
1458,2018-03-01,2018,2.7,Statistik Ekonomi,Harga,Harga-Harga,"Nilai Tukar Petani (NTP) Februari 2018 sebesar 102,33 atau turun 0,57 persen","Nilai Tukar Petani (NTP) Februari 2018 sebesar 102,33 atau turun 0,57 persen <ul> <li> Nilai Tukar Petani (NTP) adalah perbandingan indeks harga yang diterima petani (It) terhadap indeks harga yang dibayar petani (Ib). </li> <li> NTP merupakan salah satu indicator untuk melihat tingkat kemampuan/...",209
1447,2018-03-01,2018,2.7,Statistik Ekonomi,Harga,Harga-Harga,"Februari 2018 Indeks Harga Perdagangan Besar (IHPB) Umum Nonmigas naik 0,25 persen","Februari 2018 Indeks Harga Perdagangan Besar (IHPB) Umum Nonmigas naik 0,25 persen Pada Februari 2018, Indeks Harga Perdagangan Besar (IHPB) Umum Nonmigas atau indeks harga grosir/agen naik sebesar 0,25 persen terhadap bulan sebelumnya. Kenaikan IHPB tertinggi terjadi pada Sektor Pertambangan dan...",155
1441,2018-03-01,2018,2.7,Statistik Ekonomi,Harga,Harga-Harga,"Februari 2018 inflasi sebesar 0,17 persen. Inflasi tertinggi terjadi di Jayapura sebesar 1,05 persen.","Februari 2018 inflasi sebesar 0,17 persen. Inflasi tertinggi terjadi di Jayapura sebesar 1,05 persen. Pada Februari 2018 terjadi inflasi sebesar 0,17 persen dengan Indeks Harga Konsumen (IHK) sebesar 132,32. Dari 82 kota IHK, 55 kota mengalami inflasi dan 27 kota mengalami deflasi. Inflasi tertin...",224
1537,2018-02-15,2018,1.5,Statistik Demografi dan Sosial,Pendapatan dan Konsumsi,Konsumsi dan Pendapatan,Pola utama distribusi perdagangan beras tahun 2016 terputus satu rantai.,"Pola utama distribusi perdagangan beras tahun 2016 terputus satu rantai. Distribusi perdagangan beras, cabai merah, bawang merah, daging sapi, dan daging ayam ras dari produsen sampai ke konsumen akhir melibatkan dua hingga tujuh pelaku usaha. Pola utama distribusi perdagangan di Indonesia: Beras...",206
1508,2018-02-15,2018,2.8,Statistik Ekonomi,Biaya Tenaga Kerja,Biaya Tenaga Kerja,"Upah Nominal Harian Buruh Tani Nasional Januari 2018 Naik Sebesar 1,07 Persen","Upah Nominal Harian Buruh Tani Nasional Januari 2018 Naik Sebesar 1,07 Persen Upah nominal buruh/pekerja adalah rata-rata upah harian yang diterima buruh sebagai balas jasa pekerjaan yang telah dilakukan. Upah riil buruh/pekerja menggambarkan daya beli dari pendapatan/upah yang diterima buruh/pek...",117
1497,2018-02-15,2018,2.6,Statistik Ekonomi,Perdagangan Internasional,Perdagangan Internasional dan Neraca Pembayaran,"Januari 2018, nilai ekspor Indonesia mencapai US$14,46 miliar dan Nilai impor Indonesia mencapai US$15,13 miliar","Januari 2018, nilai ekspor Indonesia mencapai US$14,46 miliar dan Nilai impor Indonesia mencapai US$15,13 miliar EKSPOR Nilai ekspor Indonesia Januari 2018 mencapai US$14,46 miliar atau menurun 2,81 persen dibanding ekspor Desember 2017. Sementara dibanding Januari 2017 meningkat 7,86 persen. Eks...",372
1523,2018-02-05,2018,2.3,Statistik Ekonomi,Statistik Bisnis,Statistik Bisnis,Indeks Tendensi Bisnis dan Indeks Tendensi Konsumen Triwulan IV-2017 serta Perkiraan Triwulan I-2018,"Indeks Tendensi Bisnis dan Indeks Tendensi Konsumen Triwulan IV-2017 serta Perkiraan Triwulan I-2018 Indeks Tendensi Bisnis (ITB) triwulan IV-2017 sebesar 111,02 menunjukan kondisi bisnis secara umum masih tumbuh walaupun optimisme pelaku bisnis lebih rendah dibandingkan triwulan sebelumnya (ITB ...",147
1519,2018-02-05,2018,2.1,Statistik Ekonomi,Statistik Makroekonomi,Neraca Ekonomi,"Ekonomi Indonesia Triwulan IV-2017  Tumbuh 5,19 Persen","Ekonomi Indonesia Triwulan IV-2017 Tumbuh 5,19 Persen - Perekonomian Indonesia tahun 2017 yang diukur berdasarkan Produk Domestik Bruto (PDB) atas dasar harga berlaku mencapai Rp13.588,8 triliun dan PDB perkapita mencapai Rp51,89 juta atau US$3.876,8. - Ekonomi Indonesia tahun 2017 tumbuh 5,07 pe...",213
1527,2018-02-01,2018,2.7,Statistik Ekonomi,Harga,Harga-Harga,"Triwulan IV-2017 Harga Produsen Mengalami Inflasi 1,60 Persen","Triwulan IV-2017 Harga Produsen Mengalami Inflasi 1,60 Persen Indeks Harga Produsen (IHP) triwulan IV-2017 naik 1,60 persen terhadap triwulan III-2017 (q-to-q) dan naik 3,10 persen terhadap triwulan IV-2016 (y-on-y). IHP Sektor Pertanian triwulan IV-2017 naik 1,99 persen terhadap triwulan III-201...",184
1479,2018-02-01,2018,2.4.3,Statistik Ekonomi,Statistik Sektoral,"Pertambangan, Manufaktur, Konstruksi","Pertumbuhan Produksi Industri Manufaktur Besar dan Sedang Triwulan IV tahun 2017 Naik sebesar 5,15 persen dan pertumbuhan Produksi Industri Manufaktur Mikro dan Kecil Triwulan IV-2017 Naik sebesar 4,59 persen","Pertumbuhan Produksi Industri Manufaktur Besar dan Sedang Triwulan IV tahun 2017 Naik sebesar 5,15 persen dan pertumbuhan Produksi Industri Manufaktur Mikro dan Kecil Triwulan IV-2017 Naik sebesar 4,59 persen Industri Manufaktur Besar dan Sedang Pertumbuhan industri manufaktur besar dan sedang ta...",476
1468,2018-02-01,2018,2.4.5,Statistik Ekonomi,Statistik Sektoral,Pariwisata,"Jumlah kunjungan wisman ke Indonesia Desember 2017 mencapai 1,15 juta kunjungan.","Jumlah kunjungan wisman ke Indonesia Desember 2017 mencapai 1,15 juta kunjungan. Jumlah kunjungan wisatawan mancanegara atau wisman ke Indonesia Desember 2017 naik 3,03 persen dibanding jumlah kunjungan pada Desember 2016, yaitu dari 1,11 juta kunjungan menjadi 1,15 juta kunjungan. Demikian juga,...",162
1457,2018-02-01,2018,2.7,Statistik Ekonomi,Harga,Harga-Harga,"Nilai Tukar Petani (NTP) Januari 2018 sebesar 102,92 atau turun 0,14 persen","Nilai Tukar Petani (NTP) Januari 2018 sebesar 102,92 atau turun 0,14 persen - Nilai Tukar Petani (NTP) adalah perbandingan indeks harga yang diterima petani (It) terhadap indeks harga yang dibayar petani (Ib). - NTP merupakan salah satu indicator untuk melihat tingkat kemampuan/daya beli petani d...",203
1446,2018-02-01,2018,2.7,Statistik Ekonomi,Harga,Harga-Harga,"Januari 2018 Indeks Harga Perdagangan Besar (IHPB) Umum Nonmigas naik 0,76 persen","Januari 2018 Indeks Harga Perdagangan Besar (IHPB) Umum Nonmigas naik 0,76 persen Pada Januari 2018, Indeks Harga Perdagangan Besar (IHPB) Umum Nonmigas atau indeks harga grosir/agen naik sebesar 0,76 persen terhadap bulan sebelumnya. Kenaikan IHPB tertinggi terjadi pada Sektor Pertanian sebesar ...",155
1440,2018-02-01,2018,2.7,Statistik Ekonomi,Harga,Harga-Harga,"Januari 2018 inflasi sebesar 0,62 persen. Inflasi tertinggi terjadi di Bandar Lampung sebesar 1,42 persen.","Januari 2018 inflasi sebesar 0,62 persen. Inflasi tertinggi terjadi di Bandar Lampung sebesar 1,42 persen. Indeks Harga Konsumen (IHK) sebesar 132,10. Dari 82 kota IHK, 79 kota mengalami inflasi dan 3 kota mengalami deflasi. Inflasi tertinggi terjadi di Bandar Lampung sebesar 1,42 persen dengan I...",223
1417,2018-01-15,2018,2.8,Statistik Ekonomi,Biaya Tenaga Kerja,Biaya Tenaga Kerja,"Upah nominal harian buruh tani nasional Desember 2017 naik sebesar 0,24%","Upah nominal harian buruh tani nasional Desember 2017 naik sebesar 0,24% Upah nominal buruh/pekerja adalah rata-rata upah harian yang diterima buruh sebagai balas jasa pekerjaan yang telah dilakukan. Upah riil buruh/pekerja menggambarkan daya beli dari pendapatan/upah yang diterima buruh/pekerja....",117
1416,2018-01-15,2018,2.6,Statistik Ekonomi,Perdagangan Internasional,Perdagangan Internasional dan Neraca Pembayaran,"Nilai ekspor Indonesia Desember 2017 mencapai US$14,79 miliar dan Nilai impor Indonesia Desember 2017 mencapai US$15,06 miliar","Nilai ekspor Indonesia Desember 2017 mencapai US$14,79 miliar dan Nilai impor Indonesia Desember 2017 mencapai US$15,06 miliar EKSPOR Nilai ekspor Indonesia Desember 2017 mencapai US$14,79 miliar atau menurun 3,45 persen dibanding ekspor November 2017. Sementara dibanding Desember 2016 meningkat ...",405
1415,2018-01-15,2018,2.4.6,Statistik Ekonomi,Statistik Sektoral,"Perbankan, Asuransi dan Finansial","Desember 2017 Rupiah Terdepresiasi 0,37% terhadap Dollar Amerika","Desember 2017 Rupiah Terdepresiasi 0,37% terhadap Dollar Amerika Rupiah terdepresiasi 0,37 persen terhadap dolar Amerika pada Desember 2017 dengan nilai tukar sebesar Rp13.540,79 per dolar Amerika. Menurut provinsi, level terendah kurs tengah terjadi di Provinsi Sulawesi Selatan yang mencapai Rp1...",166
1413,2018-01-02,2018,3.3.1,Statistik Lingkungan Hidup dan Multi-domain,Statistik Multi-domain,"Kondisi Tempat Tinggal, Kemiskinan, dan Permasalahan Sosial Lintas Sektor","Persentase Penduduk Miskin September 2017 Mencapai 10,12 persen","Persentase Penduduk Miskin September 2017 Mencapai 10,12 persen Pada bulan September 2017, jumlah penduduk miskin (penduduk dengan pengeluaran per kapita per bulan di bawah Garis Kemiskinan) di Indonesia mencapai 26,58 juta orang (10,12 persen), berkurang sebesar 1,19 juta orang dibandingkan deng...",244
1412,2018-01-02,2018,2.7,Statistik Ekonomi,Harga,Harga-Harga,"Desember 2017, Indeks Harga Perdagangan Besar (IHPB) Umum Nonmigas naik 0,51%","Desember 2017, Indeks Harga Perdagangan Besar (IHPB) Umum Nonmigas naik 0,51% Pada Desember 2017, Indeks Harga Perdagangan Besar (IHPB) Umum Nonmigas atau indeks harga grosir/agen naik sebesar 0,51 persen terhadap bulan sebelumnya. Kenaikan IHPB tertinggi terjadi pada Sektor Pertanian sebesar 1,2...",153
1411,2018-01-02,2018,2.7,Statistik Ekonomi,Harga,Harga-Harga,"Nilai Tukar Petani (NTP) Desember 2017 sebesar 103,06 atau turun 0,01 persen","Nilai Tukar Petani (NTP) Desember 2017 sebesar 103,06 atau turun 0,01 persen NTP nasional Desember 2017 sebesar 103,06 atau turun 0,01 persen dibanding NTP bulan sebelumnya. Penurunan NTP dikarenakan Indeks Harga yang Diterima Petani (It) naik sebesar 0,76 persen lebih kecil dari kenaikan Indeks ...",131
1410,2018-01-02,2018,3.3.1,Statistik Lingkungan Hidup dan Multi-domain,Statistik Multi-domain,"Kondisi Tempat Tinggal, Kemiskinan, dan Permasalahan Sosial Lintas Sektor","Gini Ratio September 2017 tercatat sebesar 0,391","Gini Ratio September 2017 tercatat sebesar 0,391 Pada September 2017, tingkat ketimpangan pengeluaran penduduk Indonesia yang diukur oleh Gini Ratio adalah sebesar 0,391. Angka ini menurun sebesar 0,002 poin jika dibandingkan dengan Gini Ratio Maret 2017 yang sebesar 0,393. Sementara itu, jika di...",173
1409,2018-01-02,2018,2.7,Statistik Ekonomi,Harga,Harga-Harga,"Desember 2017 terjadi inflasi sebesar 0,71 persen","Desember 2017 terjadi inflasi sebesar 0,71 persen Pada Desember 2017 terjadi inflasi sebesar 0,71 persen dengan Indeks Harga Konsumen (IHK) sebesar 131,28. Dari 82 kota IHK, seluruhnya mengalami inflasi. Inflasi tertinggi terjadi di Jayapura sebesar 2,28 persen dengan IHK sebesar 131,75 dan teren...",180
1408,2018-01-02,2018,2.4.5,Statistik Ekonomi,Statistik Sektoral,Pariwisata,"Jumlah kunjungan wisman ke Indonesia November 2017 mencapai 1,06 juta kunjungan.","Jumlah kunjungan wisman ke Indonesia November 2017 mencapai 1,06 juta kunjungan. Jumlah kunjungan wisatawan mancanegara atau wisman ke Indonesia November 2017 naik 5,86 persen dibanding jumlah kunjungan pada November 2016, yaitu dari 1,00 juta kunjungan menjadi 1,06 juta kunjungan.Sementara itu, ...",165
1641,2019-12-16,2019,2.8,Statistik Ekonomi,Biaya Tenaga Kerja,Biaya Tenaga Kerja,"Upah Nominal Harian Buruh Tani Nasional November 2019 Naik Sebesar 0,25 Persen","Upah Nominal Harian Buruh Tani Nasional November 2019 Naik Sebesar 0,25 Persen Upah nominal buruh/pekerja adalah rata-rata upah harian yang diterima buruh sebagai balas jasa pekerjaan yang telah dilakukan. Upah riil buruh/pekerja menggambarkan daya beli dari pendapatan/upah yang diterima buruh/pe...",142
1576,2019-12-16,2019,2.6,Statistik Ekonomi,Perdagangan Internasional,Perdagangan Internasional dan Neraca Pembayaran,"Ekspor November 2019 Mencapai US$ 14,01 Miliar. Impor November 2019 Mencapai US$ 15,34 Miliar, naik 3,94 persen dibanding Oktober 2019.","Ekspor November 2019 Mencapai US$ 14,01 Miliar. Impor November 2019 Mencapai US$ 15,34 Miliar, naik 3,94 persen dibanding Oktober 2019. Ekspor : Nilai ekspor Indonesia November 2019 mencapai US$14,01 miliar atau menurun 6,17 persen dibanding ekspor Oktober 2019. Demikian juga jika dibanding Novem...",417
1618,2019-12-02,2019,2.4.5,Statistik Ekonomi,Statistik Sektoral,Pariwisata,"Jumlah kunjungan wisman ke Indonesia Oktober 2019 mencapai 1,35 juta kunjungan.","Jumlah kunjungan wisman ke Indonesia Oktober 2019 mencapai 1,35 juta kunjungan. Jumlah kunjungan wisatawan mancanegara atau wisman ke Indonesia Oktober 2019 mengalami kenaikan 4,86 persen dibanding jumlah kunjungan pada Oktober 2018. Sementara itu, jika dibandingkan dengan September 2019, jumlah ...",159
1608,2019-12-02,2019,2.7,Statistik Ekonomi,Harga,Harga-Harga,"Nilai Tukar Petani (NTP) November 2019 sebesar 104,14 atau naik 0,05 persen","Nilai Tukar Petani (NTP) November 2019 sebesar 104,14 atau naik 0,05 persen Nilai Tukar Petani (NTP) adalah perbandingan indeks harga yang diterima petani (It) terhadap indeks harga yang dibayar petani (Ib). NTP merupakan salah satu indikator untuk melihat tingkat kemampuan/daya beli petani di pe...",460
1598,2019-12-02,2019,2.7,Statistik Ekonomi,Harga,Harga-Harga,"November 2019, Indeks Harga Perdagangan Besar (IHPB) Umum Nonmigas naik 0,07 persen","November 2019, Indeks Harga Perdagangan Besar (IHPB) Umum Nonmigas naik 0,07 persen Pada November 2019, Indeks Harga Perdagangan Besar (IHPB) Umum Nonmigas atau indeks harga grosir/agen naik sebesar 0,07 persen terhadap bulan sebelumnya. Kenaikan IHPB tertinggi terjadi pada Sektor Industri sebesa...",149
1587,2019-12-02,2019,2.7,Statistik Ekonomi,Harga,Harga-Harga,"November 2019 inflasi sebesar 0,14 persen. Inflasi tertinggi terjadi di Manado sebesar 3,30 persen.","November 2019 inflasi sebesar 0,14 persen. Inflasi tertinggi terjadi di Manado sebesar 3,30 persen. Pada November 2019 terjadi inﬂasi sebesar 0,14 persen dengan Indeks Harga Konsumen (IHK) sebesar 138,60. Dari 82 kota IHK, 57 kota mengalami inﬂasi dan 25 kota mengalami deﬂasi. Inﬂasi tertinggi te...",237
1640,2019-11-15,2019,2.8,Statistik Ekonomi,Biaya Tenaga Kerja,Biaya Tenaga Kerja,"Upah Nominal Harian Buruh Tani Nasional Oktober 2019 Naik Sebesar 0,17 Persen","Upah Nominal Harian Buruh Tani Nasional Oktober 2019 Naik Sebesar 0,17 Persen Upah nominal buruh/pekerja adalah rata-rata upah harian yang diterima buruh sebagai balas jasa pekerjaan yang telah dilakukan. Upah riil buruh/pekerja menggambarkan daya beli dari pendapatan/upah yang diterima buruh/pek...",140
1575,2019-11-15,2019,2.6,Statistik Ekonomi,Perdagangan Internasional,Perdagangan Internasional dan Neraca Pembayaran,"Ekspor Oktober 2019 Mencapai US$ 14,93 Miliar. Impor   Oktober 2019 Mencapai US$ 14,77 Miliar, naik 3,57 persen   dibanding September 2019","Ekspor Oktober 2019 Mencapai US$ 14,93 Miliar. Impor Oktober 2019 Mencapai US$ 14,77 Miliar, naik 3,57 persen dibanding September 2019 Ekspor : Nilai ekspor Indonesia Oktober 2019 mencapai US$14,93 miliar atau meningkat 5,92 persen dibanding ekspor September 2019. Namun jika dibanding Oktober 201...",412
1622,2019-11-05,2019,2.1,Statistik Ekonomi,Statistik Makroekonomi,Neraca Ekonomi,Ekonomi Indonesia Triwulan III 2019 tumbuh 5.02 persen,"Ekonomi Indonesia Triwulan III 2019 tumbuh 5.02 persen Perekonomian Indonesia berdasarkan besaran Produk Domestik Bruto (PDB) atas dasar harga berlaku triwulan III-2019 mencapai Rp4 067,8 triliun dan atas dasar harga konstan 2010 mencapai Rp2 818,9 triliun. Ekonomi Indonesia triwulan III-2019 ter...",237
1565,2019-11-05,2019,1.2,Statistik Demografi dan Sosial,Ketenagakerjaan,Tenaga Kerja,"Agustus 2019: Tingkat Pengangguran Terbuka (TPT) sebesar 5,28 Persen","Agustus 2019: Tingkat Pengangguran Terbuka (TPT) sebesar 5,28 Persen Tingkat Pengangguran Terbuka (TPT) mengalami penurunan sejak tahun 2015 sampai dengan tahun 2019. Pada Agustus 2019, TPT turun menjadi 5,28 persen dibandingkan tahun lalu yang sebesar 5,34 persen. Terdapat 5 orang penganggur dar...",254
1562,2019-11-05,2019,2.3,Statistik Ekonomi,Statistik Bisnis,Statistik Bisnis,"Kondisi Bisnis Pada Triwulan III-2019 Meningkat (ITB 105,33)","Kondisi Bisnis Pada Triwulan III-2019 Meningkat (ITB 105,33) Indeks Tendensi Bisnis (ITB) triwulan III-2019 sebesar 105,33 menunjukkan bahwa kondisi bisnis secara umum terus tumbuh, walaupun optimisme pelaku bisnis lebih rendah dibandingkan dengan triwulan sebelumnya (ITB triwulan II-2019 sebesar...",126
1626,2019-11-01,2019,2.4.3,Statistik Ekonomi,Statistik Sektoral,"Pertambangan, Manufaktur, Konstruksi","Pertumbuhan Produksi IBS Triwulan III 2019 Naik 4,35 Persen","Pertumbuhan Produksi IBS Triwulan III 2019 Naik 4,35 Persen Pertumbuhan produksi industri manufaktur besar dan sedang triwulan III-2019 naik sebesar 4,35 persen (y-on-y) terhadap triwulan III-2018. Kenaikan tersebut terutama disebabkan naiknya produksi industri pencetakan dan reproduksi media rek...",184
1617,2019-11-01,2019,2.4.5,Statistik Ekonomi,Statistik Sektoral,Pariwisata,"Jumlah kunjungan wisman ke Indonesia September 2019 mencapai 1,40 juta kunjungan.","Jumlah kunjungan wisman ke Indonesia September 2019 mencapai 1,40 juta kunjungan. Jumlah kunjungan wisatawan mancanegara atau wisman ke Indonesia September 2019 mengalami kenaikan 2,15 persen dibanding jumlah kunjungan pada September 2018. Sementara itu, jika dibandingkan dengan Agustus 2019, jum...",158
1607,2019-11-01,2019,2.7,Statistik Ekonomi,Harga,Harga-Harga,"Nilai Tukar Petani (NTP) Oktober 2019 sebesar 104,04 atau naik 0,16 persen","Nilai Tukar Petani (NTP) Oktober 2019 sebesar 104,04 atau naik 0,16 persen Nilai Tukar Petani (NTP) adalah perbandingan indeks harga yang diterima petani (It) terhadap indeks harga yang dibayar petani (Ib). NTP merupakan salah satu indikator untuk melihat tingkat kemampuan/daya beli petani di per...",496
1597,2019-11-01,2019,2.7,Statistik Ekonomi,Harga,Harga-Harga,"Oktober 2019, Indeks Harga Perdagangan Besar (IHPB) Umum Nonmigas naik 0,02 persen.","Oktober 2019, Indeks Harga Perdagangan Besar (IHPB) Umum Nonmigas naik 0,02 persen. Pada Oktober 2019, Indeks Harga Perdagangan Besar (IHPB) Umum Nonmigas atau indeks harga grosir/agen naik sebesar 0,02 persen terhadap bulan sebelumnya. Kenaikan IHPB tertinggi terjadi pada Sektor Industri sebesar...",144
1586,2019-11-01,2019,2.7,Statistik Ekonomi,Harga,Harga-Harga,"Oktober 2019 inflasi sebesar 0,02 persen. Inflasi tertinggi terjadi di Manado sebesar 1,22 persen.","Oktober 2019 inflasi sebesar 0,02 persen. Inflasi tertinggi terjadi di Manado sebesar 1,22 persen. Pada Okober 2019 terjadi inﬂasi sebesar 0,02 persen dengan Indeks Harga Konsumen (IHK) sebesar 138,40. Dari 82 kota IHK, 43 kota mengalami inﬂasi dan 39 kota mengalami deﬂasi. Inﬂasi tertinggi terja...",240
1556,2019-11-01,2019,2.7,Statistik Ekonomi,Harga,Harga-Harga,"Triwulan III 2019, Harga Produsen Mengalami Deflasi 0,22 Persen.","Triwulan III 2019, Harga Produsen Mengalami Deflasi 0,22 Persen. Indeks Harga Produsen (IHP) triwulan III-2019 turun 0,22 persen terhadap triwulan II-2019 (q-to-q) dan naik 0,33 persen terhadap triwulan III-2018 (y-on-y). IHP Sektor Pertanian triwulan III-2019 naik 1,18 persen terhadap triwulan I...",227
1642,2019-10-17,2019,2.4,Statistik Ekonomi,Statistik Sektoral,Statistik sektoral,"Indeks Kepuasan Jemaah Haji Indonesia (IKJHI) 1440H/2019M naik sebesar 0,68 dibandingkan dengan tahun sebelumnya.","Indeks Kepuasan Jemaah Haji Indonesia (IKJHI) 1440H/2019M naik sebesar 0,68 dibandingkan dengan tahun sebelumnya. Indeks kepuasan jemaah haji Indonesia (IKJHI) di Arab Saudi pada tahun 1440H/2019M sebesar 85,91. Secara umum, jemaah haji Indonesia telah menerima semua pelayanan yang diberikan oleh...",150
1639,2019-10-15,2019,2.8,Statistik Ekonomi,Biaya Tenaga Kerja,Biaya Tenaga Kerja,"Upah Nominal Harian Buruh Tani Nasional September 2019 Naik Sebesar 0,13 Persen","Upah Nominal Harian Buruh Tani Nasional September 2019 Naik Sebesar 0,13 Persen Upah nominal buruh/pekerja adalah rata-rata upah harian yang diterima buruh sebagai balas jasa pekerjaan yang telah dilakukan. Upah riil buruh/pekerja menggambarkan daya beli dari pendapatan/upah yang diterima buruh/p...",143
1574,2019-10-15,2019,2.6,Statistik Ekonomi,Perdagangan Internasional,Perdagangan Internasional dan Neraca Pembayaran,"Ekspor September 2019 Mencapai US$ 14,10 Miliar. Impor September 2019 Mencapai US$ 14.26 Miliar, naik 0,63 persen dibanding Agustus 2019.","Ekspor September 2019 Mencapai US$ 14,10 Miliar. Impor September 2019 Mencapai US$ 14.26 Miliar, naik 0,63 persen dibanding Agustus 2019. Ekspor : Nilai ekspor Indonesia September 2019 mencapai US$ 14,10 miliar atau menurun 1,29 persen dibanding ekspor Agustus 2019. Demikian juga jika dibanding S...",437
1616,2019-10-01,2019,2.4.5,Statistik Ekonomi,Statistik Sektoral,Pariwisata,"Jumlah kunjungan wisman ke Indonesia Agustus 2019 mencapai 1,56 juta kunjungan","Jumlah kunjungan wisman ke Indonesia Agustus 2019 mencapai 1,56 juta kunjungan Jumlah kunjungan wisatawan mancanegara atau wisman ke Indonesia Agustus 2019 mengalami kenaikan 2,94 persen dibanding jumlah kunjungan pada Agustus 2018. Begitu pula, jika dibandingkan dengan Juli 2019, jumlah kunjunga...",159
1606,2019-10-01,2019,2.7,Statistik Ekonomi,Harga,Harga-Harga,"Nilai Tukar Petani (NTP) September 2019 sebesar 103,88 atau naik 0,63 persen","Nilai Tukar Petani (NTP) September 2019 sebesar 103,88 atau naik 0,63 persen Nilai Tukar Petani (NTP) adalah perbandingan indeks harga yang diterima petani (It) terhadap indeks harga yang dibayar petani (Ib). NTP merupakan salah satu indikator untuk melihat tingkat kemampuan/daya beli petani di p...",472
1596,2019-10-01,2019,2.7,Statistik Ekonomi,Harga,Harga-Harga,"September 2019, Indeks Harga Perdagangan Besar (IHPB) Umum Nonmigas turun 0,36 persen","September 2019, Indeks Harga Perdagangan Besar (IHPB) Umum Nonmigas turun 0,36 persen Pada September 2019, Indeks Harga Perdagangan Besar (IHPB) Umum Nonmigas atau indeks harga grosir/agen turun sebesar 0,36 persen terhadap bulan sebelumnya. Penurunan IHPB tertinggi terjadi pada Sektor Pertanian ...",150
1585,2019-10-01,2019,2.7,Statistik Ekonomi,Harga,Harga-Harga,"September 2019 deflasi sebesar 0,27 persen. Deflasi tertinggi terjadi di Sibolga sebesar 1,94 persen","September 2019 deflasi sebesar 0,27 persen. Deflasi tertinggi terjadi di Sibolga sebesar 1,94 persen Pada September 2019 terjadi deﬂasi sebesar 0,27 persen dengan Indeks Harga Konsumen (IHK) sebesar 138,37. Dari 82 kota IHK, 70 kota mengalami deﬂasi dan 12 kota mengalami inﬂasi. Deﬂasi tertinggi ...",232
1638,2019-09-16,2019,2.8,Statistik Ekonomi,Biaya Tenaga Kerja,Biaya Tenaga Kerja,"Upah Nominal Harian Buruh Tani Nasional Agustus 2019 Naik Sebesar 0,22 Persen","Upah Nominal Harian Buruh Tani Nasional Agustus 2019 Naik Sebesar 0,22 Persen Upah nominal buruh/pekerja adalah rata-rata upah harian yang diterima buruh sebagai balas jasa pekerjaan yang telah dilakukan. Upah riil buruh/pekerja menggambarkan daya beli dari pendapatan/upah yang diterima buruh/pek...",143
1573,2019-09-16,2019,2.6,Statistik Ekonomi,Perdagangan Internasional,Perdagangan Internasional dan Neraca Pembayaran,"Ekspor Agustus 2019 Mencapai US$ 14,28 Miliar. Impor Agustus 2019 Mencapai US$ 14.20 Miliar, turun 8,53 persen dibanding Juli 2019.","Ekspor Agustus 2019 Mencapai US$ 14,28 Miliar. Impor Agustus 2019 Mencapai US$ 14.20 Miliar, turun 8,53 persen dibanding Juli 2019. Ekspor : Nilai ekspor Indonesia Agustus 2019 mencapai US$14,28 miliar atau menurun 7,60 persen dibanding ekspor Juli 2019. Demikian juga jika dibanding Agustus 2018 ...",413
1563,2019-09-16,2019,1.10,Statistik Demografi dan Sosial,Aktivitas Politik dan Komunitas,Aktivitas Politik dan Komunitas Lainnya,"Indeks Perilaku Anti Korupsi (IPAK)   Indonesia Tahun 2019 sebesar 3,70.","Indeks Perilaku Anti Korupsi (IPAK) Indonesia Tahun 2019 sebesar 3,70. Indeks Perilaku Anti Korupsi (IPAK) Indonesia tahun 2019 sebesar 3,70 pada skala 0 sampai 5. Angka ini lebih tinggi dibandingkan capaian tahun 2018 sebesar 3,66. Nilai indeks semakin mendekati 5 menunjukkan bahwa masyarakat be...",187
1614,2019-09-02,2019,2.4.5,Statistik Ekonomi,Statistik Sektoral,Pariwisata,"Jumlah kunjungan wisman ke Indonesia Juli 2019 mencapai 1,48 juta","Jumlah kunjungan wisman ke Indonesia Juli 2019 mencapai 1,48 juta Jumlah kunjungan wisatawan mancanegara atau wisman ke Indonesia Juli 2019 mengalami penurunan 4,10 persen dibanding jumlah kunjungan pada Juli 2018. Sementara itu, jika dibandingkan dengan Juni 2019, jumlah kunjungan wisman pada Ju...",158
1605,2019-09-02,2019,2.7,Statistik Ekonomi,Harga,Harga-Harga,"Nilai Tukar Petani (NTP) Agustus 2019 sebesar 103,22 atau naik 0,58 persen","Nilai Tukar Petani (NTP) Agustus 2019 sebesar 103,22 atau naik 0,58 persen Nilai Tukar Petani (NTP) adalah perbandingan indeks harga yang diterima petani (It) terhadap indeks harga yang dibayar petani (Ib). NTP merupakan salah satu indikator untuk melihat tingkat kemampuan/daya beli petani di per...",429
1595,2019-09-02,2019,2.7,Statistik Ekonomi,Harga,Harga-Harga,"Indeks Harga Perdagangan Besar (IHPB) Umum Nonmigas Agustus 2019 naik 0,14 persen","Indeks Harga Perdagangan Besar (IHPB) Umum Nonmigas Agustus 2019 naik 0,14 persen Pada Agustus 2019, Indeks Harga Perdagangan Besar (IHPB) Umum Nonmigas atau indeks harga grosir/agen naik sebesar 0,14 persen terhadap bulan sebelumnya. Kenaikan IHPB tertinggi terjadi pada Kelompok Barang Ekspor No...",153
1584,2019-09-02,2019,2.7,Statistik Ekonomi,Harga,Harga-Harga,"Agustus 2019 inflasi sebesar 0,12 persen. Inflasi tertinggi terjadi di Kudus sebesar 0,82 persen","Agustus 2019 inflasi sebesar 0,12 persen. Inflasi tertinggi terjadi di Kudus sebesar 0,82 persen Pada Agustus 2019 terjadi inflasi sebesar 0,12 persen dengan Indeks Harga Konsumen (IHK) sebesar 138,75. Dari 82 kota IHK, 44 kota mengalami inflasi dan 38 kota mengalami deflasi. Inflasi tertinggi te...",245
1637,2019-08-15,2019,2.8,Statistik Ekonomi,Biaya Tenaga Kerja,Biaya Tenaga Kerja,"Upah Nominal Harian Buruh Tani Nasional Juli 2019 Naik   Sebesar 0,16 Persen","Upah Nominal Harian Buruh Tani Nasional Juli 2019 Naik Sebesar 0,16 Persen Upah nominal buruh/pekerja adalah rata-rata upah harian yang diterima buruh sebagai balas jasa pekerjaan yang telah dilakukan. Upah riil buruh/pekerja menggambarkan daya beli dari pendapatan/upah yang diterima buruh/pekerj...",138
1572,2019-08-15,2019,2.6,Statistik Ekonomi,Perdagangan Internasional,Perdagangan Internasional dan Neraca Pembayaran,"Ekspor Juli 2019 Mencapai US$15,45 Miliar, sedangkan nilai impor mencapai US$15,51 miliar","Ekspor Juli 2019 Mencapai US$15,45 Miliar, sedangkan nilai impor mencapai US$15,51 miliar Nilai ekspor Indonesia Juli 2019 mencapai US$15,45 miliar atau meningkat 31,02 persen dibanding ekspor Juni 2019. Sementara jika dibanding Juli 2018 menurun 5,12 persen. Ekspor nonmigas Juli 2019 mencapai US...",397
1621,2019-08-05,2019,2.1,Statistik Ekonomi,Statistik Makroekonomi,Neraca Ekonomi,"Ekonomi Indonesia Triwulan II 2019 Tumbuh 5,05 Persen","Ekonomi Indonesia Triwulan II 2019 Tumbuh 5,05 Persen Perekonomian Indonesia berdasarkan besaran Produk Domestik Bruto (PDB) atas dasar harga berlaku triwulan II-2019 mencapai Rp3 963,5 triliun dan atas dasar harga konstan 2010 mencapai Rp2 735,2 triliun. Ekonomi Indonesia triwulan II-2019 diband...",241
1561,2019-08-05,2019,2.3,Statistik Ekonomi,Statistik Bisnis,Statistik Bisnis,Indeks Tendensi Bisnis dan Indeks Tendensi Konsumen   Triwulan II-2019 serta Perkiraan Triwulan III-2019,"Indeks Tendensi Bisnis dan Indeks Tendensi Konsumen Triwulan II-2019 serta Perkiraan Triwulan III-2019 Indeks Tendensi Bisnis (ITB) triwulan II-2019 sebesar 108,81 menunjukkan kondisi bisnis dan optimisme pelaku bisnis secara umum meningkat jika dibandingkan dengan triwulan sebelumnya (ITB triwul...",111
1625,2019-08-01,2019,2.4.3,Statistik Ekonomi,Statistik Sektoral,"Pertambangan, Manufaktur, Konstruksi","Pertumbuhan Produksi IBS Triwulan II- 2019 Naik 3,62 Persen","Pertumbuhan Produksi IBS Triwulan II- 2019 Naik 3,62 Persen Pertumbuhan produksi industri manufaktur besar dan sedang triwulan II-2019 naik sebesar 3,62 persen (y-on-y) terhadap triwulan II-2018. Kenaikan tersebut terutama disebabkan naiknya produksi industri pakaian jadi, yaitu naik 25,79 persen...",190
1615,2019-08-01,2019,2.4.5,Statistik Ekonomi,Statistik Sektoral,Pariwisata,"Jumlah kunjungan wisman ke Indonesia Juni 2019 mencapai 1,45 juta kunjungan.","Jumlah kunjungan wisman ke Indonesia Juni 2019 mencapai 1,45 juta kunjungan. Jumlah kunjungan wisatawan mancanegara atau wisman ke Indonesia Juni 2019 mengalami kenaikan 9,94 persen dibanding jumlah kunjungan pada Juni 2018. Begitu pula, jika dibandingkan dengan Mei 2019, jumlah kunjungan wisman ...",159
1604,2019-08-01,2019,2.7,Statistik Ekonomi,Harga,Harga-Harga,"Nilai Tukar Petani (NTP) Juli 2019 Sebesar 102,63 atau Naik 0,29 Persen","Nilai Tukar Petani (NTP) Juli 2019 Sebesar 102,63 atau Naik 0,29 Persen Nilai Tukar Petani (NTP) adalah perbandingan indeks harga yang diterima petani (It) terhadap indeks harga yang dibayar petani (Ib). NTP merupakan salah satu indikator untuk melihat tingkat kemampuan/daya beli petani di perdes...",454
1594,2019-08-01,2019,2.7,Statistik Ekonomi,Harga,Harga-Harga,"Juli 2019, Indeks Harga Perdagangan Besar (IHPB) Umum Nonmigas turun 0,05 persen","Juli 2019, Indeks Harga Perdagangan Besar (IHPB) Umum Nonmigas turun 0,05 persen Pada Juli 2019, Indeks Harga Perdagangan Besar (IHPB) Umum Nonmigas atau indeks harga grosir/agen turun sebesar 0,05 persen terhadap bulan sebelumnya. Penurunan IHPB tertinggi terjadi pada Sektor Pertambangan dan Pen...",156
1583,2019-08-01,2019,2.7,Statistik Ekonomi,Harga,Harga-Harga,"Juli 2019 inflasi sebesar 0,31 persen. Inflasi tertinggi terjadi di Sibolga sebesar 1,88 persen.","Juli 2019 inflasi sebesar 0,31 persen. Inflasi tertinggi terjadi di Sibolga sebesar 1,88 persen. Pada Juli 2019 terjadi inflasi sebesar 0,31 persen dengan Indeks Harga Konsumen (IHK) sebesar 138,59. Dari 82 kota IHK, 55 kota mengalami inflasi dan 27 kota mengalami deflasi. Inflasi tertinggi terja...",231
1554,2019-08-01,2019,2.7,Statistik Ekonomi,Harga,Harga-Harga,"Triwulan II-2019 Harga Produsen Mengalami Inflasi 0,01 Persen","Triwulan II-2019 Harga Produsen Mengalami Inflasi 0,01 Persen Indeks Harga Produsen (IHP) triwulan II-2019 naik 0,01 persen terhadap triwulan I-2019 (q-to-q) dan naik 1,64 persen terhadap triwulan II-2018 (y-on-y). IHP Sektor Pertanian triwulan II-2019 turun 0,82 persen terhadap triwulan I-2019 (...",226
1552,2019-07-29,2019,1.10,Statistik Demografi dan Sosial,Aktivitas Politik dan Komunitas,Aktivitas Politik dan Komunitas Lainnya,IDI Nasional 2018 Mengalami Peningkatan Dibandingkan dengan IDI Nasional 2017,"IDI Nasional 2018 Mengalami Peningkatan Dibandingkan dengan IDI Nasional 2017 Indeks Demokrasi Indonesia (IDI) adalah indikator komposit yang menunjukkan tingkat perkembangan demokrasi di Indonesia. Tingkat capaiannya diukur berdasarkan pelaksanaan dan perkembangan 3 aspek, 11 variabel, dan 28 in...",138
1636,2019-07-15,2019,2.8,Statistik Ekonomi,Biaya Tenaga Kerja,Biaya Tenaga Kerja,"Upah Nominal Harian Buruh Tani Nasional Juni 2019 Naik Sebesar 0,18 Persen","Upah Nominal Harian Buruh Tani Nasional Juni 2019 Naik Sebesar 0,18 Persen Upah nominal buruh/pekerja adalah rata-rata upah harian yang diterima buruh sebagai balas jasa pekerjaan yang telah dilakukan. Upah riil buruh/pekerja menggambarkan daya beli dari pendapatan/upah yang diterima buruh/pekerj...",138
1630,2019-07-15,2019,3.3.1,Statistik Lingkungan Hidup dan Multi-domain,Statistik Multi-domain,"Kondisi Tempat Tinggal, Kemiskinan, dan Permasalahan Sosial Lintas Sektor","Gini Ratio Maret 2019 tercatat sebesar 0,382","Gini Ratio Maret 2019 tercatat sebesar 0,382 Pada Maret 2019, tingkat ketimpangan pengeluaran penduduk Indonesia yang diukur oleh Gini Ratio adalah sebesar 0,382. Angka ini menurun 0,002 poin jika dibandingkan dengan Gini Ratio September 2018 yang sebesar 0,384 dan menurun 0,007 poin dibandingkan...",174
1629,2019-07-15,2019,3.3.1,Statistik Lingkungan Hidup dan Multi-domain,Statistik Multi-domain,"Kondisi Tempat Tinggal, Kemiskinan, dan Permasalahan Sosial Lintas Sektor","Persentase Penduduk Miskin Maret 2019 Sebesar 9,41 Persen","Persentase Penduduk Miskin Maret 2019 Sebesar 9,41 Persen Persentase penduduk miskin pada Maret 2019 sebesar 9,41 persen, menurun 0,25 persen poin terhadap September 2018 dan menurun 0,41 persen poin terhadap Maret 2018. Jumlah penduduk miskin pada Maret 2019 sebesar 25,14 juta orang, menurun 0,5...",207
1571,2019-07-15,2019,2.6,Statistik Ekonomi,Perdagangan Internasional,Perdagangan Internasional dan Neraca Pembayaran,"Ekspor Juni 2019 Mencapai US$11,78 Miliar, sedangkan nilai impor mencapai US$11,58 miliar","Ekspor Juni 2019 Mencapai US$11,78 Miliar, sedangkan nilai impor mencapai US$11,58 miliar Nilai ekspor Indonesia Juni 2019 mencapai US$11,78 miliar atau menurun 20,54 persen dibanding ekspor Mei 2019. Demikian juga jika dibanding Juni 2018 menurun 8,98 persen. Ekspor nonmigas Juni 2019 mencapai U...",400
1613,2019-07-01,2019,2.4.5,Statistik Ekonomi,Statistik Sektoral,Pariwisata,"Jumlah kunjungan wisman ke Indonesia Mei 2019 mencapai 1,26 juta kunjungan.","Jumlah kunjungan wisman ke Indonesia Mei 2019 mencapai 1,26 juta kunjungan. Jumlah kunjungan wisatawan mancanegara atau wisman ke Indonesia Mei 2019 mengalami kenaikan 1,10 persen dibanding jumlah kunjungan pada Mei 2018. Sementara itu, jika dibandingkan dengan April 2019, jumlah kunjungan wisman...",158
1603,2019-07-01,2019,2.7,Statistik Ekonomi,Harga,Harga-Harga,"Nilai Tukar Petani (NTP) Juni 2019 Sebesar 102,33 Atau Turun 0,28 Persen","Nilai Tukar Petani (NTP) Juni 2019 Sebesar 102,33 Atau Turun 0,28 Persen Nilai Tukar Petani (NTP) adalah perbandingan indeks harga yang diterima petani (It) terhadap indeks harga yang dibayar petani (Ib). NTP merupakan salah satu indikator untuk melihat tingkat kemampuan/daya beli petani di perde...",452
1593,2019-07-01,2019,2.7,Statistik Ekonomi,Harga,Harga-Harga,"Juni 2019, Indeks Harga Perdagangan Besar (IHPB) Umum Nonmigas naik 0,18 persen","Juni 2019, Indeks Harga Perdagangan Besar (IHPB) Umum Nonmigas naik 0,18 persen Pada Juni 2019, Indeks Harga Perdagangan Besar (IHPB) Umum Nonmigas atau indeks harga grosir/agen naik sebesar 0,18 persen terhadap bulan sebelumnya. Kenaikan IHPB tertinggi terjadi pada Sektor Pertanian sebesar 0,85 ...",146
1582,2019-07-01,2019,2.7,Statistik Ekonomi,Harga,Harga-Harga,"Juni 2019 inflasi sebesar 0,55 persen. Inflasi tertinggi terjadi di Manado sebesar 3,60 persen.","Juni 2019 inflasi sebesar 0,55 persen. Inflasi tertinggi terjadi di Manado sebesar 3,60 persen. Pada Juni 2019 terjadi inflasi sebesar 0,55 persen dengan Indeks Harga Konsumen (IHK) sebesar 138,16. Dari 82 kota IHK, 76 kota mengalami inflasi dan 6 kota mengalami deflasi. Inflasi tertinggi terjadi...",232
1635,2019-06-24,2019,2.8,Statistik Ekonomi,Biaya Tenaga Kerja,Biaya Tenaga Kerja,"Upah Nominal Harian Buruh Tani Nasional Mei 2019 Naik Sebesar 0,19 Persen","Upah Nominal Harian Buruh Tani Nasional Mei 2019 Naik Sebesar 0,19 Persen Upah nominal buruh/pekerja adalah rata-rata upah harian yang diterima buruh sebagai balas jasa pekerjaan yang telah dilakukan. Upah riil buruh/pekerja menggambarkan daya beli dari pendapatan/upah yang diterima buruh/pekerja...",137
1570,2019-06-24,2019,2.6,Statistik Ekonomi,Perdagangan Internasional,Perdagangan Internasional dan Neraca Pembayaran,"Ekspor Mei 2019 Mencapai US$14,74 Miliar, sedangkan nilai impor mencapai US$14,53 miliar","Ekspor Mei 2019 Mencapai US$14,74 Miliar, sedangkan nilai impor mencapai US$14,53 miliar Nilai ekspor Indonesia Mei 2019 mencapai US$14,74 miliar atau meningkat 12,42 persen dibanding ekspor April 2019. Sementara jika dibanding Mei 2018, menurun 8,99 persen. Ekspor nonmigas Mei 2019 mencapai US$1...",406
1612,2019-06-10,2019,2.4.5,Statistik Ekonomi,Statistik Sektoral,Pariwisata,"Jumlah kunjungan wisman ke Indonesia April 2019 mencapai 1,30 juta kunjungan","Jumlah kunjungan wisman ke Indonesia April 2019 mencapai 1,30 juta kunjungan Jumlah kunjungan wisatawan mancanegara atau wisman ke Indonesia April 2019 mengalami kenaikan 0,11 persen dibanding jumlah kunjungan pada April 2018. Sementara itu, jika dibandingkan dengan Maret 2019, jumlah kunjungan w...",159
1602,2019-06-10,2019,2.7,Statistik Ekonomi,Harga,Harga-Harga,"Nilai Tukar Petani (NTP) Mei 2019 Sebesar 102,61 Atau Naik 0,38 Persen","Nilai Tukar Petani (NTP) Mei 2019 Sebesar 102,61 Atau Naik 0,38 Persen Nilai Tukar Petani (NTP) adalah perbandingan indeks harga yang diterima petani (It) terhadap indeks harga yang dibayar petani (Ib). NTP merupakan salah satu indikator untuk melihat tingkat kemampuan/daya beli petani di perdesa...",450
1592,2019-06-10,2019,2.7,Statistik Ekonomi,Harga,Harga-Harga,"Mei 2019 Indeks Harga Perdagangan Besar (IHPB) Umum Nonmigas Naik 0,71 Persen","Mei 2019 Indeks Harga Perdagangan Besar (IHPB) Umum Nonmigas Naik 0,71 Persen Pada Mei 2019, Indeks Harga Perdagangan Besar (IHPB) Umum Nonmigas atau indeks harga grosir/agen naik sebesar 0,71 persen terhadap bulan sebelumnya. Kenaikan IHPB tertinggi terjadi pada Sektor Pertanian sebesar 2,28 per...",148
1581,2019-06-10,2019,2.7,Statistik Ekonomi,Harga,Harga-Harga,"Mei 2019 inflasi sebesar 0,68 persen. Inflasi tertinggi terjadi di Tual sebesar 2,91 persen.","Mei 2019 inflasi sebesar 0,68 persen. Inflasi tertinggi terjadi di Tual sebesar 2,91 persen. Pada Mei 2019 terjadi inflasi sebesar 0,68 persen dengan Indeks Harga Konsumen (IHK) sebesar 137,40. Dari 82 kota IHK, 81 kota mengalami inflasi dan 1 kota mengalami deflasi. Inflasi tertinggi terjadi di ...",208
1634,2019-05-15,2019,2.8,Statistik Ekonomi,Biaya Tenaga Kerja,Biaya Tenaga Kerja,"Upah Nominal Harian Buruh Tani Nasional April 2019 Naik Sebesar 0,15 Persen","Upah Nominal Harian Buruh Tani Nasional April 2019 Naik Sebesar 0,15 Persen Upah nominal buruh/pekerja adalah rata-rata upah harian yang diterima buruh sebagai balas jasa pekerjaan yang telah dilakukan. Upah riil buruh/pekerja menggambarkan daya beli dari pendapatan/upah yang diterima buruh/peker...",138
1569,2019-05-15,2019,2.6,Statistik Ekonomi,Perdagangan Internasional,Perdagangan Internasional dan Neraca Pembayaran,"Ekspor April 2019 Mencapai US$12,60 Miliar","Ekspor April 2019 Mencapai US$12,60 Miliar Nilai ekspor Indonesia April 2019 mencapai US$12,60 miliar atau menurun 10,80 persen dibanding ekspor Maret 2019. Demikian juga jika dibanding April 2018 menurun 13,10 persen. Ekspor nonmigas April 2019 mencapai US$11,86 miliar, turun 8,68 persen dibandi...",228
1620,2019-05-06,2019,2.1,Statistik Ekonomi,Statistik Makroekonomi,Neraca Ekonomi,"Ekonomi Indonesia Triwulan I 2019 Tumbuh 5,07 Persen","Ekonomi Indonesia Triwulan I 2019 Tumbuh 5,07 Persen Perekonomian Indonesia berdasarkan besaran Produk Domestik Bruto (PDB) atas dasar harga berlaku triwulan I-2019 mencapai Rp3 782,4 triliun dan atas dasar harga konstan 2010 mencapai Rp2 625,0 triliun. Ekonomi Indonesia triwulan I-2019 terhadap ...",205
1564,2019-05-06,2019,1.2,Statistik Demografi dan Sosial,Ketenagakerjaan,Tenaga Kerja,"Februari 2019: Tingkat Pengangguran Terbuka (TPT) sebesar 5,01 persen","Februari 2019: Tingkat Pengangguran Terbuka (TPT) sebesar 5,01 persen Jumlah angkatan kerja pada Februari 2019 sebanyak 136,18 juta orang, naik 2,24 juta orang dibanding Februari 2018. Sejalan dengan naiknya jumlah angkatan kerja, Tingkat Partisipasi Angkatan Kerja (TPAK) juga meningkat sebesar 0...",293
1560,2019-05-06,2019,2.3,Statistik Ekonomi,Statistik Bisnis,Statistik Bisnis,Indeks Tendensi Bisnis dan Indeks Tendensi Konsumen Triwulan I-2019 serta Perkiraan Triwulan II-2019,"Indeks Tendensi Bisnis dan Indeks Tendensi Konsumen Triwulan I-2019 serta Perkiraan Triwulan II-2019 Indeks Tendensi Bisnis (ITB) triwulan I-2019 sebesar 102,10 menunjukkan kondisi bisnis secara umum terus tumbuh, walaupun dengan optimisme pelaku bisnis yang lebih rendah dibandingkan dengan triwu...",146
1624,2019-05-02,2019,2.4.3,Statistik Ekonomi,Statistik Sektoral,"Pertambangan, Manufaktur, Konstruksi","Pertumbuhan Produksi IBS Triwulan I- 2019 Naik 4,45 Persen (y-on-y)","Pertumbuhan Produksi IBS Triwulan I- 2019 Naik 4,45 Persen (y-on-y) Pertumbuhan produksi industri manufaktur besar dan sedang triwulan I-2019 naik sebesar 4,45 persen (y-on-y) terhadap triwulan I-2018. Kenaikan tersebut terutama disebabkan naiknya produksi Industri Pakaian Jadi, naik 29,19 persen...",175
1611,2019-05-02,2019,2.4.5,Statistik Ekonomi,Statistik Sektoral,Pariwisata,"Jumlah kunjungan wisman ke Indonesia Maret 2019 mencapai 1,34 juta kunjungan","Jumlah kunjungan wisman ke Indonesia Maret 2019 mencapai 1,34 juta kunjungan Jumlah kunjungan wisatawan mancanegara atau wisman ke Indonesia Maret 2019 mengalami penurunan 1,82 persen dibanding jumlah kunjungan pada Maret 2018, yaitu dari 1,36 juta kunjungan menjadi 1,34 juta kunjungan. Sementara...",168
1601,2019-05-02,2019,2.7,Statistik Ekonomi,Harga,Harga-Harga,"NTP Nasional April 2019 Sebesar 102,23 Atau Turun 0,49 Persen","NTP Nasional April 2019 Sebesar 102,23 Atau Turun 0,49 Persen Nilai Tukar Petani (NTP) adalah perbandingan indeks harga yang diterima petani (It) terhadap indeks harga yang dibayar petani (Ib). NTP merupakan salah satu indikator untuk melihat tingkat kemampuan/daya beli petani di perdesaan. NTP j...",446
1591,2019-05-02,2019,2.7,Statistik Ekonomi,Harga,Harga-Harga,"April 2019, Indeks Harga Perdagangan Besar (IHPB) Umum Nonmigas naik 0,25 persen","April 2019, Indeks Harga Perdagangan Besar (IHPB) Umum Nonmigas naik 0,25 persen Pada April 2019, Indeks Harga Perdagangan Besar (IHPB) Umum Nonmigas atau indeks harga grosir/agen naik sebesar 0,25 persen terhadap bulan sebelumnya. Kenaikan IHPB tertinggi terjadi pada Sektor Pertanian sebesar 1,2...",149
1580,2019-05-02,2019,2.7,Statistik Ekonomi,Harga,Harga-Harga,"April 2019 inflasi sebesar 0,44 persen. Inflasi tertinggi terjadi di Medan sebesar 1,30 persen","April 2019 inflasi sebesar 0,44 persen. Inflasi tertinggi terjadi di Medan sebesar 1,30 persen Pada April 2019 terjadi inflasi sebesar 0,44 persen dengan Indeks Harga Konsumen (IHK) sebesar 136,47. Dari 82 kota IHK, 77 kota mengalami inflasi dan 5 kota mengalami deflasi. Inflasi tertinggi terjadi...",221
1553,2019-05-02,2019,2.7,Statistik Ekonomi,Harga,Harga-Harga,"Triwulan I-2019 Harga Produsen Mengalami Inflasi 0,12 Persen","Triwulan I-2019 Harga Produsen Mengalami Inflasi 0,12 Persen Indeks Harga Produsen (IHP) triwulan I-2019 naik 0,12 persen terhadap triwulan IV-2018 (q-to-q) dan naik 1,66 persen terhadap triwulan I-2018 (y-on-y). IHP Sektor Pertanian triwulan I-2019 naik 0,27 persen terhadap triwulan IV-2018 (q-t...",184
1633,2019-04-15,2019,2.8,Statistik Ekonomi,Biaya Tenaga Kerja,Biaya Tenaga Kerja,"Upah Nominal Harian Buruh Tani Nasional Maret 2019 Naik Sebesar 0,17 Persen","Upah Nominal Harian Buruh Tani Nasional Maret 2019 Naik Sebesar 0,17 Persen Upah nominal buruh/pekerja adalah rata-rata upah harian yang diterima buruh sebagai balas jasa pekerjaan yang telah dilakukan. Upah riil buruh/pekerja menggambarkan daya beli dari pendapatan/upah yang diterima buruh/peker...",138
1568,2019-04-15,2019,2.6,Statistik Ekonomi,Perdagangan Internasional,Perdagangan Internasional dan Neraca Pembayaran,"Ekspor Maret 2019 Mencapai US$14,03 Miliar, sedangkan nilai impor mencapai US$13,49 miliar","Ekspor Maret 2019 Mencapai US$14,03 Miliar, sedangkan nilai impor mencapai US$13,49 miliar Nilai ekspor Indonesia Maret 2019 mencapai US$14,03 miliar atau meningkat 11,71 persen dibanding ekspor Februari 2019. Sementara jika dibanding Maret 2018 menurun 10,01 persen. Ekspor nonmigas Maret 2019 me...",403
1557,2019-04-15,2019,3.3.1,Statistik Lingkungan Hidup dan Multi-domain,Statistik Multi-domain,"Kondisi Tempat Tinggal, Kemiskinan, dan Permasalahan Sosial Lintas Sektor","Pada tahun 2018, Indeks Pembangunan Manusia (IPM) Indonesia mencapai 71,39","Pada tahun 2018, Indeks Pembangunan Manusia (IPM) Indonesia mencapai 71,39 Pembangunan manusia di Indonesia terus mengalami kemajuan. Pada tahun 2018, Indeks Pembangunan Manusia (IPM) Indonesia mencapai 71,39. Angka ini meningkat sebesar 0,58 poin atau tumbuh sebesar 0,82 persen dibandingkan tahu...",146
1610,2019-04-01,2019,2.4.5,Statistik Ekonomi,Statistik Sektoral,Pariwisata,"Jumlah kunjungan wisman ke Indonesia Februari 2019 mencapai 1,27 juta kunjungan","Jumlah kunjungan wisman ke Indonesia Februari 2019 mencapai 1,27 juta kunjungan Jumlah kunjungan wisatawan mancanegara atau wisman ke Indonesia Februari 2019 naik 6,12 persen dibanding jumlah kunjungan pada Februari 2018, yaitu dari 1,20 juta kunjungan menjadi 1,27 juta kunjungan. Begitu pula, ji...",167
1600,2019-04-01,2019,2.7,Statistik Ekonomi,Harga,Harga-Harga,"NTP Nasional Maret 2019 Sebesar 102,73 Atau Turun 0,21 Persen Dibanding NTP Bulan Sebelumnya","NTP Nasional Maret 2019 Sebesar 102,73 Atau Turun 0,21 Persen Dibanding NTP Bulan Sebelumnya Nilai Tukar Petani (NTP) adalah perbandingan indeks harga yang diterima petani (It) terhadap indeks harga yang dibayar petani (Ib). NTP merupakan salah satu indikator untuk melihat tingkat kemampuan/daya ...",458
1590,2019-04-01,2019,2.7,Statistik Ekonomi,Harga,Harga-Harga,"Maret 2019 Indeks Harga Perdagangan Besar (IHPB) Umum Nonmigas naik 0,13 persen","Maret 2019 Indeks Harga Perdagangan Besar (IHPB) Umum Nonmigas naik 0,13 persen Pada Maret 2019, Indeks Harga Perdagangan Besar (IHPB) Umum Nonmigas atau indeks harga grosir/agen naik sebesar 0,13 persen terhadap bulan sebelumnya. Kenaikan IHPB tertinggi terjadi pada Sektor Pertambangan dan Pengg...",153
1579,2019-04-01,2019,2.7,Statistik Ekonomi,Harga,Harga-Harga,"Maret 2019 inflasi sebesar 0,11 persen. Inflasi tertinggi terjadi di Ambon sebesar 0,86 persen.","Maret 2019 inflasi sebesar 0,11 persen. Inflasi tertinggi terjadi di Ambon sebesar 0,86 persen. Pada Maret 2019 terjadi inflasi sebesar 0,11 persen dengan Indeks Harga Konsumen (IHK) sebesar 135,87. Dari 82 kota IHK, 51 kota mengalami inflasi dan 31 kota mengalami deflasi. Inflasi tertinggi terja...",244
1632,2019-03-15,2019,2.8,Statistik Ekonomi,Biaya Tenaga Kerja,Biaya Tenaga Kerja,"Upah Nominal Harian Buruh Tani Nasional Februari 2019 Naik Sebesar 0,33 Persen","Upah Nominal Harian Buruh Tani Nasional Februari 2019 Naik Sebesar 0,33 Persen Upah nominal buruh/pekerja adalah rata-rata upah harian yang diterima buruh sebagai balas jasa pekerjaan yang telah dilakukan. Upah riil buruh/pekerja menggambarkan daya beli dari pendapatan/upah yang diterima buruh/pe...",138
1567,2019-03-15,2019,2.6,Statistik Ekonomi,Perdagangan Internasional,Perdagangan Internasional dan Neraca Pembayaran,"Ekspor  Februari 2019 Mencapai US$12,53 Miliar","Ekspor Februari 2019 Mencapai US$12,53 Miliar Nilai ekspor Indonesia Februari 2019 mencapai US$12,53 miliar atau menurun 10,03 persen dibanding ekspor Januari 2019. Demikian juga dibanding Februari 2018 menurun 11,33 persen. Ekspor nonmigas Februari 2019 mencapai US$11,44 miliar, turun 9,85 perse...",219
1609,2019-03-01,2019,2.4.5,Statistik Ekonomi,Statistik Sektoral,Pariwisata,"Jumlah kunjungan wisman ke Indonesia Januari 2019 mencapai 1,16 juta kunjungan.","Jumlah kunjungan wisman ke Indonesia Januari 2019 mencapai 1,16 juta kunjungan. Jumlah kunjungan wisatawan mancanegara atau wisman ke Indonesia Januari 2019 naik 5,22 persen dibanding jumlah kunjungan pada Januari 2018, yaitu dari 1,10 juta kunjungan menjadi 1,16 juta kunjungan. Sementara itu, ji...",133
1599,2019-03-01,2019,2.7,Statistik Ekonomi,Harga,Harga-Harga,"NTP Nasional Februari 2019 Sebesar 102,94 Atau Turun 0,37 Persen Dibanding NTP Bulan Sebelumnya","NTP Nasional Februari 2019 Sebesar 102,94 Atau Turun 0,37 Persen Dibanding NTP Bulan Sebelumnya Nilai Tukar Petani (NTP) adalah perbandingan indeks harga yang diterima petani (It) terhadap indeks harga yang dibayar petani (Ib). NTP merupakan salah satu indikator untuk melihat tingkat kemampuan/da...",451
1589,2019-03-01,2019,2.7,Statistik Ekonomi,Harga,Harga-Harga,"Februari 2019 Indeks Harga Perdagangan Besar (IHPB) Umum Nonmigas turun 0,34 persen","Februari 2019 Indeks Harga Perdagangan Besar (IHPB) Umum Nonmigas turun 0,34 persen Pada Februari 2019, Indeks Harga Perdagangan Besar (IHPB) Umum Nonmigas atau indeks harga grosir/agen turun sebesar0,34 persen terhadap bulan sebelumnya. Penurunan IHPB tertinggi terjadi pada Sektor Pertanian sebe...",147
1578,2019-03-01,2019,2.7,Statistik Ekonomi,Harga,Harga-Harga,"Februari 2019 deflasi sebesar 0,08 persen. Deflasi tertinggi terjadi di Merauke sebesar 2,11 persen.","Februari 2019 deflasi sebesar 0,08 persen. Deflasi tertinggi terjadi di Merauke sebesar 2,11 persen. Pada Februari 2019 terjadi deflasi sebesar 0,08 persen dengan Indeks Harga Konsumen (IHK) sebesar 135,72. Dari 82 kota IHK, 69 kota mengalami deflasi dan 13 kota mengalami inflasi. Deflasi terting...",229
1631,2019-02-15,2019,2.8,Statistik Ekonomi,Biaya Tenaga Kerja,Biaya Tenaga Kerja,"Upah Nominal Harian Buruh Tani Nasional Januari 2019 Naik Sebesar 1,03 Persen","Upah Nominal Harian Buruh Tani Nasional Januari 2019 Naik Sebesar 1,03 Persen Upah nominal buruh/pekerja adalah rata-rata upah harian yang diterima buruh sebagai balas jasa pekerjaan yang telah dilakukan. Upah riil buruh/pekerja menggambarkan daya beli dari pendapatan/upah yang diterima buruh/pek...",117
1627,2019-02-15,2019,1.5,Statistik Demografi dan Sosial,Pendapatan dan Konsumsi,Konsumsi dan Pendapatan,Pola Perdagangan Komoditas Strategis Tahun 2018,Pola Perdagangan Komoditas Strategis Tahun 2018 Pola utama distribusi perdagangan di Indonesia: 1. Beras: Produsen --> Distributor --> Pedagang Eceran --> Konsumen Akhir. 2. Cabai merah: Petani --> Pedagang Grosir --> Pedagang Eceran --> Konsumen Akhir. 3. Daging ayam ras: Produsen --> Pedagang E...,264
1566,2019-02-15,2019,2.6,Statistik Ekonomi,Perdagangan Internasional,Perdagangan Internasional dan Neraca Pembayaran,"Ekspor Januari 2019 sebesar US$13,87 Miliar, Impor Januari 2019 sebesar US$15,03 Miliar","Ekspor Januari 2019 sebesar US$13,87 Miliar, Impor Januari 2019 sebesar US$15,03 Miliar - Ekspor Nilai ekspor Indonesia Januari 2019 mencapai US$13,87 miliar atau menurun 3,24 persen dibanding ekspor Desember 2018. Demikian juga dibanding Januari 2018 menurun 4,70 persen. Ekspor nonmigas Januari ...",375
1619,2019-02-06,2019,2.1,Statistik Ekonomi,Statistik Makroekonomi,Neraca Ekonomi,"Ekonomi Indonesia 2018 Tumbuh 5,17 Persen","Ekonomi Indonesia 2018 Tumbuh 5,17 Persen Perekonomian Indonesia tahun 2018 yang diukur berdasarkan Produk Domestik Bruto (PDB) atas dasar harga berlaku mencapai Rp14 837,4 triliun dan PDB Perkapita mencapai Rp56,0 Juta atau US$3 927,0. Ekonomi Indonesia tahun 2018 tumbuh 5,17 persen lebih tinggi...",223
1559,2019-02-06,2019,2.3,Statistik Ekonomi,Statistik Bisnis,Statistik Bisnis,Indeks Tendensi Bisnis dan Indeks Tendensi Konsumen Triwulan IV-2018 serta Perkiraan Triwulan I-2019,"Indeks Tendensi Bisnis dan Indeks Tendensi Konsumen Triwulan IV-2018 serta Perkiraan Triwulan I-2019 Indeks Tendensi Bisnis (ITB) triwulan IV-2018 sebesar 104,71 menunjukkan kondisi bisnis secara umum terus tumbuh, walaupun optimisme pelaku bisnis masih lebih rendah dibandingkan dengan triwulan s...",141
1623,2019-02-01,2019,2.4.3,Statistik Ekonomi,Statistik Sektoral,"Pertambangan, Manufaktur, Konstruksi","Pertumbuhan Produksi IBS Tahun 2018 Naik 4,07 Persen dibandingkan tahun 2017","Pertumbuhan Produksi IBS Tahun 2018 Naik 4,07 Persen dibandingkan tahun 2017 Pertumbuhan industri manufaktur besar dan sedang tahun 2018 naik sebesar 4,07 persen terhadap tahun 2017. Kenaikan tersebut terutama disebabkan naiknya produksi industri kulit, barang dari kulit dan alas kaki, naik 18,78...",224
1555,2019-02-01,2019,2.7,Statistik Ekonomi,Harga,Harga-Harga,"Indeks Harga Produsen (IHP) Triwulan IV-2018 Naik 0,41 Persen Terhadap Triwulan III-2018","Indeks Harga Produsen (IHP) Triwulan IV-2018 Naik 0,41 Persen Terhadap Triwulan III-2018 Indeks Harga Produsen (IHP) triwulan IV-2018 naik 0,41 persen terhadap triwulan III-2018 (q-to-q) dan naik 2,99 persen terhadap triwulan IV-2017 (y-on-y). IHP Sektor Pertanian triwulan IV-2018 naik 1,39 perse...",187
1547,2019-02-01,2019,2.7,Statistik Ekonomi,Harga,Harga-Harga,"Januari 2019 Indeks Harga Perdagangan Besar (IHPB) Umum Nonmigas naik 0,09 persen","Januari 2019 Indeks Harga Perdagangan Besar (IHPB) Umum Nonmigas naik 0,09 persen Pada Januari 2019, Indeks Harga Perdagangan Besar (IHPB) Umum Nonmigas atau indeks harga grosir/agen naik sebesar 0,09 persen terhadap bulan sebelumnya. Kenaikan IHPB tertinggi terjadi pada Sektor Pertambangan dan P...",157
1545,2019-02-01,2019,2.7,Statistik Ekonomi,Harga,Harga-Harga,"Nilai Tukar Petani (NTP) Januari 2019 sebesar 103,33 atau naik 0,16 persen. Harga Gabah Kering Panen di Tingkat Petani naik 2,22 persen dan Harga Beras Medium di Penggilingan naik 1,06 persen","Nilai Tukar Petani (NTP) Januari 2019 sebesar 103,33 atau naik 0,16 persen. Harga Gabah Kering Panen di Tingkat Petani naik 2,22 persen dan Harga Beras Medium di Penggilingan naik 1,06 persen Nilai Tukar Petani (NTP) adalah perbandingan indeks harga yang diterima petani (It) terhadap indeks harga...",471
1543,2019-02-01,2019,2.4.5,Statistik Ekonomi,Statistik Sektoral,Pariwisata,"Jumlah kunjungan wisman ke Indonesia Desember 2018 mencapai 1,41 juta kunjungan","Jumlah kunjungan wisman ke Indonesia Desember 2018 mencapai 1,41 juta kunjungan Jumlah kunjungan wisatawan mancanegara atau wisman ke Indonesia Desember 2018 naik 22,54 persen dibanding jumlah kunjungan pada Desember 2017, yaitu dari 1,15 juta kunjungan menjadi 1,41 juta kunjungan. Begitu pula, j...",165
1541,2019-02-01,2019,2.7,Statistik Ekonomi,Harga,Harga-Harga,"Januari 2019 inflasi sebesar 0,32 persen. Inflasi tertinggi terjadi di Tanjung Pandan sebesar 1,23 persen.","Januari 2019 inflasi sebesar 0,32 persen. Inflasi tertinggi terjadi di Tanjung Pandan sebesar 1,23 persen. Pada Januari 2019 terjadi inflasi sebesar 0,32 persen denganIndeks Harga Konsumen (IHK) sebesar 135,83. Dari 82 kota IHK, 73 kota mengalami inflasi dan 9 kota mengalami deflasi. Inflasi tert...",231
1551,2019-01-15,2019,2.8,Statistik Ekonomi,Biaya Tenaga Kerja,Biaya Tenaga Kerja,"Upah Nominal Harian Buruh Tani Nasional Desember 2018 Naik Sebesar 0,19 Persen","Upah Nominal Harian Buruh Tani Nasional Desember 2018 Naik Sebesar 0,19 Persen Upah nominal buruh/pekerja adalah rata-rata upah harian yang diterima buruh sebagai balas jasa pekerjaan yang telah dilakukan. Upah riil buruh/pekerja menggambarkan daya beli dari pendapatan/upah yang diterima buruh/pe...",117
1550,2019-01-15,2019,2.6,Statistik Ekonomi,Perdagangan Internasional,Perdagangan Internasional dan Neraca Pembayaran,"Ekspor Desember 2018 Mencapai US$14,18 Miliar. Impor Desember 2018 sebesar US$15,28 Miliar, turun 9,60 persen dibanding November 2018","Ekspor Desember 2018 Mencapai US$14,18 Miliar. Impor Desember 2018 sebesar US$15,28 Miliar, turun 9,60 persen dibanding November 2018 - Ekspor Nilai ekspor Indonesia Desember 2018 mencapai US$14,18 miliar atau menurun 4,89 persen dibanding ekspor November 2018. Demikian juga dibanding Desember 20...",409
1549,2019-01-15,2019,3.3.1,Statistik Lingkungan Hidup dan Multi-domain,Statistik Multi-domain,"Kondisi Tempat Tinggal, Kemiskinan, dan Permasalahan Sosial Lintas Sektor","Persentase Penduduk Miskin Pada September 2018 Sebesar 9,66 Persen","Persentase Penduduk Miskin Pada September 2018 Sebesar 9,66 Persen Persentase penduduk miskin pada September 2018 sebesar 9,66 persen menurun 0,16 persen poin terhadap Maret 2018 dan menurun 0,46 persen poin terhadap September 2017. Jumlah penduduk miskin pada September 2018 sebesar 25,67 juta or...",213
1548,2019-01-15,2019,3.3.1,Statistik Lingkungan Hidup dan Multi-domain,Statistik Multi-domain,"Kondisi Tempat Tinggal, Kemiskinan, dan Permasalahan Sosial Lintas Sektor","Gini Ratio September 2018 tercatat sebesar 0,384","Gini Ratio September 2018 tercatat sebesar 0,384 Pada September 2018, tingkat ketimpangan pengeluaran penduduk Indonesia yang diukur oleh Gini Ratio adalah sebesar 0,384. Angka ini menurun sebesar 0,005 poin jika dibandingkan dengan Gini Ratio Maret 2018 yang sebesar 0,389. Sementara itu, jika di...",183
1546,2019-01-02,2019,2.7,Statistik Ekonomi,Harga,Harga-Harga,"Desember 2018 Indeks Harga Perdagangan Besar (IHPB) Umum Nonmigas naik 0,05 persen","Desember 2018 Indeks Harga Perdagangan Besar (IHPB) Umum Nonmigas naik 0,05 persen Pada Desember 2018, Indeks Harga Perdagangan Besar (IHPB) Umum Nonmigas atau indeks harga grosir/agen naik sebesar 0,05 persen terhadap bulan sebelumnya. Kenaikan IHPB tertinggi terjadi pada Sektor Pertanian sebesa...",146
1544,2019-01-02,2019,2.7,Statistik Ekonomi,Harga,Harga-Harga,"Nilai Tukar Petani (NTP) Desember 2018 sebesar 103,16 atau naik 0,04 persen. Harga Gabah Kering Panen di Tingkat Petani naik 2,35 persen dan Harga Beras Medium di Penggilingan naik 2,03 persen","Nilai Tukar Petani (NTP) Desember 2018 sebesar 103,16 atau naik 0,04 persen. Harga Gabah Kering Panen di Tingkat Petani naik 2,35 persen dan Harga Beras Medium di Penggilingan naik 2,03 persen Nilai Tukar Petani (NTP) adalah perbandingan indeks harga yang diterima petani (It) terhadap indeks harg...",531
1542,2019-01-02,2019,2.4.5,Statistik Ekonomi,Statistik Sektoral,Pariwisata,"Jumlah kunjungan wisman ke Indonesia November 2018 mencapai 1,15 juta kunjungan","Jumlah kunjungan wisman ke Indonesia November 2018 mencapai 1,15 juta kunjungan Jumlah kunjungan wisatawan mancanegara atau wisman ke Indonesia November 2018 naik 8,16 persen dibanding jumlah kunjungan pada November 2017, yaitu dari 1,06 juta kunjungan menjadi 1,15 juta kunjungan. Sementara itu, ...",166
1540,2019-01-02,2019,2.7,Statistik Ekonomi,Harga,Harga-Harga,"Desember 2018 inflasi sebesar 0,62 persen. Inflasi tertinggi terjadi di Kupang sebesar 2,09 persen.","Desember 2018 inflasi sebesar 0,62 persen. Inflasi tertinggi terjadi di Kupang sebesar 2,09 persen. Pada Desember 2018 terjadi inflasi sebesar 0,62 persen dengan Indeks Harga Konsumen (IHK) sebesar 135,39. Dari 82 kota IHK, 80 kota mengalami inflasi dan 2 kota mengalami deflasi. Inflasi tertinggi...",218
1758,2020-12-15,2020,3.3.1,Statistik Lingkungan Hidup dan Multi-domain,Statistik Multi-domain,"Kondisi Tempat Tinggal, Kemiskinan, dan Permasalahan Sosial Lintas Sektor","Indeks Pembangunan Manusia (IPM) Indonesia pada tahun 2020 mencapai 71,94","Indeks Pembangunan Manusia (IPM) Indonesia pada tahun 2020 mencapai 71,94 Kualitas kesehatan dan pendidikan masyarakat Indonesia mengalami peningkatan, sedangkan dari sisi pengeluaran per kapita yang disesuaikan mengalami penurunan. Pandemi COVID-19 membawa pengaruh terhadap pembangunan manusia d...",202
1750,2020-12-15,2020,2.9,Statistik Ekonomi,IPTEK dan Inovasi,"Ilmu Pengetahuan, Teknologi, dan Inovasi","Indeks Pembangunan Teknologi Informasi dan Komunikasi (IP-TIK) Indonesia Tahun 2019 Sebesar 5,32 pada Skala 0–10","Indeks Pembangunan Teknologi Informasi dan Komunikasi (IP-TIK) Indonesia Tahun 2019 Sebesar 5,32 pada Skala 0–10 Indeks Pembangunan Teknologi Informasi dan Komunikasi (IP-TIK) merupakan suatu ukuran standar yang dapat menggambarkan tingkat pembangunan teknologi informasi dan komunikasi suatu wila...",197
1746,2020-12-15,2020,1.5,Statistik Demografi dan Sosial,Pendapatan dan Konsumsi,Konsumsi dan Pendapatan,"Pola Utama Distribusi Perdagangan Beras, Cabai Merah, Bawang Merah, dan Daging Ayam Ras Tahun 2019 Memiliki Jumlah Rantai Utama yang sama Seperti Tahun Sebelumnya","Pola Utama Distribusi Perdagangan Beras, Cabai Merah, Bawang Merah, dan Daging Ayam Ras Tahun 2019 Memiliki Jumlah Rantai Utama yang sama Seperti Tahun Sebelumnya Pola utama distribusi perdagangan di Indonesia: 1. Beras: Produsen -> Distributor -> Pedagang Eceran -> Konsumen Akhir. 2. Cabai merah...",166
1733,2020-12-15,2020,2.8,Statistik Ekonomi,Biaya Tenaga Kerja,Biaya Tenaga Kerja,"Upah Nominal Harian Buruh Tani Nasional November 2020 Naik Sebesar 0,15 Persen","Upah Nominal Harian Buruh Tani Nasional November 2020 Naik Sebesar 0,15 Persen • Upah nominal buruh/pekerja adalah rata-rata upah harian yang diterima buruh sebagai balas jasa pekerjaan yang telah dilakukan. • Upah riil buruh/pekerja menggambarkan daya beli dari pendapatan/upah yang diterima buru...",146
1685,2020-12-15,2020,2.6,Statistik Ekonomi,Perdagangan Internasional,Perdagangan Internasional dan Neraca Pembayaran,"Ekspor November 2020 Mencapai US$15,28 Miliar dan Impor November 2020 senilai US$12,66 Miliar","Ekspor November 2020 Mencapai US$15,28 Miliar dan Impor November 2020 senilai US$12,66 Miliar EKSPOR Nilai ekspor Indonesia November 2020 mencapai US$15,28 miliar atau meningkat 6,36 persen dibanding ekspor Oktober 2020. Demikian juga dibanding November 2019 meningkat 9,54 persen. Ekspor nonmigas...",410
1721,2020-12-01,2020,2.4.5,Statistik Ekonomi,Statistik Sektoral,Pariwisata,"Jumlah kunjungan wisman ke Indonesia Oktober 2020 mencapai 158,19 ribu kunjungan.","Jumlah kunjungan wisman ke Indonesia Oktober 2020 mencapai 158,19 ribu kunjungan. Jumlah kunjungan wisatawan mancanegara ke Indonesia bulan Oktober 2020 mengalami penurunan drastis sebesar 88,25 persen dibandingkan dengan jumlah kunjungan Oktober 2019. Namun jika dibandingkan dengan bulan sebelum...",158
1709,2020-12-01,2020,2.7,Statistik Ekonomi,Harga,Harga-Harga,"Nilai Tukar Petani (NTP) November 2020 sebesar 102,86 atau naik 0,60 persen","Nilai Tukar Petani (NTP) November 2020 sebesar 102,86 atau naik 0,60 persen Nilai Tukar Petani (NTP) adalah perbandingan indeks harga yang diterima petani (It) terhadap indeks harga yang dibayar petani (Ib). NTP merupakan salah satu indikator untuk melihat tingkat kemampuan/daya beli petani di pe...",489
1697,2020-12-01,2020,2.7,Statistik Ekonomi,Harga,Harga-Harga,"Pada November 2020, Indeks Harga Perdagangan Besar (IHPB) Umum Nasional naik 0,47 persen","Pada November 2020, Indeks Harga Perdagangan Besar (IHPB) Umum Nasional naik 0,47 persen Pada November 2020, Indeks Harga Perdagangan Besar (IHPB) Umum Nasional naik sebesar 0,47 persen terhadap Oktober 2020. Kenaikan IHPB tertinggi terjadi pada Sektor Pertanian sebesar 1,69 persen. Beberapa komo...",117
1665,2020-12-01,2020,2.7,Statistik Ekonomi,Harga,Harga-Harga,"Inflasi terjadi pada November 2020 sebesar 0,28 persen. Inflasi tertinggi terjadi di Tual sebesar 1,15 persen.","Inflasi terjadi pada November 2020 sebesar 0,28 persen. Inflasi tertinggi terjadi di Tual sebesar 1,15 persen. Pada November 2020 terjadi inflasi sebesar 0,28 persen dengan Indeks Harga Konsumen (IHK) sebesar 105,21. Dari 90 kota IHK, 83 kota mengalami inflasi dan 7 kota mengalami deflasi. Inflas...",274
1732,2020-11-16,2020,2.8,Statistik Ekonomi,Biaya Tenaga Kerja,Biaya Tenaga Kerja,"Upah Nominal Harian Buruh Tani Nasional Oktober 2020 Naik Sebesar 0,09 Persen","Upah Nominal Harian Buruh Tani Nasional Oktober 2020 Naik Sebesar 0,09 Persen • Upah nominal buruh/pekerja adalah rata-rata upah harian yang diterima buruh sebagai balas jasa pekerjaan yang telah dilakukan. • Upah riil buruh/pekerja menggambarkan daya beli dari pendapatan/upah yang diterima buruh...",147
1684,2020-11-16,2020,2.6,Statistik Ekonomi,Perdagangan Internasional,Perdagangan Internasional dan Neraca Pembayaran,"Ekspor Oktober 2020 Mencapai US$14,39 Miliar dan Impor Oktober 2020 sebesar US$10,78 Miliar","Ekspor Oktober 2020 Mencapai US$14,39 Miliar dan Impor Oktober 2020 sebesar US$10,78 Miliar EKSPOR Nilai ekspor Indonesia Oktober 2020 mencapai US$14,39 miliar atau meningkat 3,09 persen dibanding ekspor September 2020. Sementara dibanding Oktober 2019 menurun 3,29 persen. Ekspor nonmigas Oktober...",410
1738,2020-11-05,2020,2.1,Statistik Ekonomi,Statistik Makroekonomi,Neraca Ekonomi,"Ekonomi Indonesia Triwulan III 2020 Tumbuh 5,05 Persen (q-to-q)","Ekonomi Indonesia Triwulan III 2020 Tumbuh 5,05 Persen (q-to-q) • Perekonomian Indonesia berdasarkan besaran Produk Domestik Bruto (PDB) atas dasar harga berlaku triwulan III-2020 mencapai Rp3.894,7 triliun dan atas dasar harga konstan 2010 mencapai Rp2.720,6 triliun. • Ekonomi Indonesia triwulan...",267
1673,2020-11-05,2020,1.2,Statistik Demografi dan Sosial,Ketenagakerjaan,Tenaga Kerja,"[REVISI per 18/02/2021] Agustus 2020: Tingkat Pengangguran Terbuka (TPT) sebesar 7,07 persen","[REVISI per 18/02/2021] Agustus 2020: Tingkat Pengangguran Terbuka (TPT) sebesar 7,07 persen Penjelasan Perubahan Estimasi Upah Buruh Rilis Keadaan Ketenagakerjaan Agustus 2020 BRS dengan Nomor 86/11/Th. XXIII, 05 November 2020 tentang Keadaan Ketenagakerjaan Agustus 2020 telah dirilis pada 5 Nov...",497
1720,2020-11-02,2020,2.4.5,Statistik Ekonomi,Statistik Sektoral,Pariwisata,"Jumlah kunjungan wisman ke Indonesia September 2020 mencapai 153,50 ribu kunjungan.","Jumlah kunjungan wisman ke Indonesia September 2020 mencapai 153,50 ribu kunjungan. Jumlah kunjungan wisatawan mancanegara ke Indonesia bulan September 2020 mengalami penurunan drastis sebesar 88,95 persen dibandingkan dengan jumlah kunjungan September 2019. Kondisi yang sama juga terjadi jika di...",161
1708,2020-11-02,2020,2.7,Statistik Ekonomi,Harga,Harga-Harga,"Nilai Tukar Petani (NTP) Oktober 2020 sebesar 102,25 atau naik 0,58 persen","Nilai Tukar Petani (NTP) Oktober 2020 sebesar 102,25 atau naik 0,58 persen Nilai Tukar Petani (NTP) adalah perbandingan indeks harga yang diterima petani (It) terhadap indeks harga yang dibayar petani (Ib). NTP merupakan salah satu indikator untuk melihat tingkat kemampuan/daya beli petani di per...",500
1696,2020-11-02,2020,2.7,Statistik Ekonomi,Harga,Harga-Harga,"Pada Oktober 2020, Indeks Harga Perdagangan Besar (IHPB) Umum Nasional naik 0,20 persen","Pada Oktober 2020, Indeks Harga Perdagangan Besar (IHPB) Umum Nasional naik 0,20 persen Pada Oktober 2020, Indeks Harga Perdagangan Besar (IHPB) Umum Nasional naik sebesar 0,20 persen terhadap September 2020. Kenaikan IHPB tertinggi terjadi pada Sektor Pertanian sebesar 0,46 persen. Beberapa komo...",115
1669,2020-11-02,2020,2.7,Statistik Ekonomi,Harga,Harga-Harga,"Harga Produsen Mengalami Inflasi 0,85 persen di Triwulan III 2020","Harga Produsen Mengalami Inflasi 0,85 persen di Triwulan III 2020 Indeks Harga Produsen (IHP) gabungan tiga sektor (Sektor Pertanian, Pertambangan dan Penggalian, dan Industri Pengolahan) pada triwulan III-2020 naik 0,85 persen terhadap triwulan II-2020 (q-to-q) dan naik 0,34 persen terhadap triw...",242
1664,2020-11-02,2020,2.7,Statistik Ekonomi,Harga,Harga-Harga,"Inflasi terjadi pada Oktober 2020 sebesar 0,07 persen. Inflasi tertinggi terjadi di Sibolga sebesar 1,04 persen.","Inflasi terjadi pada Oktober 2020 sebesar 0,07 persen. Inflasi tertinggi terjadi di Sibolga sebesar 1,04 persen. Pada Oktober 2020 terjadi inflasi sebesar 0,07 persen dengan Indeks Harga Konsumen (IHK) sebesar 104,92. Dari 90 kota IHK, 66 kota mengalami inflasi dan 24 kota mengalami deflasi. Infl...",279
1757,2020-10-15,2020,2.4.1,Statistik Ekonomi,Statistik Sektoral,"Pertanian, Kehutanan, Perikanan","Luas panen dan produksi padi pada tahun 2020 mengalami kenaikan dibandingkan tahun 2019 masing-masing sebesar 1,02 dan 1,02 persen.","Luas panen dan produksi padi pada tahun 2020 mengalami kenaikan dibandingkan tahun 2019 masing-masing sebesar 1,02 dan 1,02 persen. Luas panen padi pada 2020 diperkirakan sebesar 10,79 juta hektar, mengalami kenaikan sebanyak 108,93 ribu hektar atau 1,02 persen dibandingkan luas panen tahun 2019 ...",116
1731,2020-10-15,2020,2.8,Statistik Ekonomi,Biaya Tenaga Kerja,Biaya Tenaga Kerja,"Upah Nominal Harian Buruh Tani Nasional September 2020 Naik Sebesar 0,08 Persen","Upah Nominal Harian Buruh Tani Nasional September 2020 Naik Sebesar 0,08 Persen • Upah nominal buruh/pekerja adalah rata-rata upah harian yang diterima buruh sebagai balas jasa pekerjaan yang telah dilakukan. • Upah riil buruh/pekerja menggambarkan daya beli dari pendapatan/upah yang diterima bur...",147
1683,2020-10-15,2020,2.6,Statistik Ekonomi,Perdagangan Internasional,Perdagangan Internasional dan Neraca Pembayaran,"Ekspor September 2020 Mencapai US$14,01 Miliar dan Impor September 2020 sebesar US$11,57 Miliar","Ekspor September 2020 Mencapai US$14,01 Miliar dan Impor September 2020 sebesar US$11,57 Miliar EKSPOR Nilai ekspor Indonesia September 2020 mencapai US$14,01 miliar atau meningkat 6,97 persen dibanding ekspor Agustus 2020. Sementara dibanding September 2019 menurun 0,51 persen. Ekspor nonmigas S...",408
1719,2020-10-01,2020,2.4.5,Statistik Ekonomi,Statistik Sektoral,Pariwisata,"Jumlah kunjungan wisman ke Indonesia Agustus 2020 mencapai 164,97 ribu kunjungan.","Jumlah kunjungan wisman ke Indonesia Agustus 2020 mencapai 164,97 ribu kunjungan. Jumlah kunjungan wisatawan mancanegara ke Indonesia bulan Agustus 2020 mengalami penurunan yang signifikan sebesar 89,22 persen dibandingkan dengan jumlah kunjungan pada Agustus 2019. Sementara itu, jika dibandingka...",159
1707,2020-10-01,2020,2.7,Statistik Ekonomi,Harga,Harga-Harga,"Nilai Tukar Petani (NTP) September 2020 sebesar 101,66 atau naik 0,99 persen","Nilai Tukar Petani (NTP) September 2020 sebesar 101,66 atau naik 0,99 persen Nilai Tukar Petani (NTP) adalah perbandingan indeks harga yang diterima petani (It) terhadap indeks harga yang dibayar petani (Ib). NTP merupakan salah satu indikator untuk melihat tingkat kemampuan/daya beli petani di p...",505
1695,2020-10-01,2020,2.7,Statistik Ekonomi,Harga,Harga-Harga,"Pada September 2020, Indeks Harga Perdagangan Besar (IHPB) Umum Nasional turun 0,02 persen","Pada September 2020, Indeks Harga Perdagangan Besar (IHPB) Umum Nasional turun 0,02 persen Pada September 2020, Indeks Harga Perdagangan Besar (IHPB) Umum Nasional turun sebesar 0,02 persen terhadap Agustus 2020. Penurunan IHPB tertinggi terjadi pada Sektor Pertanian sebesar 0,33 persen. Beberapa...",118
1663,2020-10-01,2020,2.7,Statistik Ekonomi,Harga,Harga-Harga,"Deflasi terjadi pada September 2020 sebesar 0,05 persen. Deflasi tertinggi terjadi di Timika sebesar 0,83 persen.","Deflasi terjadi pada September 2020 sebesar 0,05 persen. Deflasi tertinggi terjadi di Timika sebesar 0,83 persen. Pada September 2020 terjadi deflasi sebesar 0,05 persen dengan Indeks Harga Konsumen (IHK) sebesar 104,85. Dari 90 kota IHK, 56 kota mengalami deflasi dan 34 kota mengalami inflasi. D...",284
1730,2020-09-15,2020,2.8,Statistik Ekonomi,Biaya Tenaga Kerja,Biaya Tenaga Kerja,"Upah Nominal Harian Buruh Tani Nasional Agustus 2020 Naik Sebesar 0,12 Persen","Upah Nominal Harian Buruh Tani Nasional Agustus 2020 Naik Sebesar 0,12 Persen • Upah nominal buruh/pekerja adalah rata-rata upah harian yang diterima buruh sebagai balas jasa pekerjaan yang telah dilakukan. • Upah riil buruh/pekerja menggambarkan daya beli dari pendapatan/upah yang diterima buruh...",148
1682,2020-09-15,2020,2.6,Statistik Ekonomi,Perdagangan Internasional,Perdagangan Internasional dan Neraca Pembayaran,"Ekspor Agustus 2020 Mencapai US$13,07 Miliar dan Impor Agustus 2020 sebesar US$10,74 Miliar","Ekspor Agustus 2020 Mencapai US$13,07 Miliar dan Impor Agustus 2020 sebesar US$10,74 Miliar EKSPOR Nilai ekspor Indonesia Agustus 2020 mencapai US$13,07 miliar atau menurun 4,62 persen dibanding ekspor Juli 2020. Sementara dibanding Agustus 2019 menurun 8,36 persen. Ekspor nonmigas Agustus 2020 m...",413
1718,2020-09-01,2020,2.4.5,Statistik Ekonomi,Statistik Sektoral,Pariwisata,"Jumlah kunjungan wisman ke Indonesia Juli 2020 mencapai 159,76  ribu kunjungan.","Jumlah kunjungan wisman ke Indonesia Juli 2020 mencapai 159,76 ribu kunjungan. Jumlah kunjungan wisatawan mancanegara atau wisman ke Indonesia Juli 2020 mengalami penurunan sebesar 89,12 persen dibanding jumlah kunjungan pada Juli 2019. Sementara itu, jika dibandingkan dengan Juni 2020, jumlah ku...",160
1706,2020-09-01,2020,2.7,Statistik Ekonomi,Harga,Harga-Harga,"Nilai Tukar Petani (NTP) Agustus 2020 sebesar 100,65 atau naik 0,56 persen","Nilai Tukar Petani (NTP) Agustus 2020 sebesar 100,65 atau naik 0,56 persen Nilai Tukar Petani (NTP) adalah perbandingan indeks harga yang diterima petani (It) terhadap indeks harga yang dibayar petani (Ib). NTP merupakan salah satu indikator untuk melihat tingkat kemampuan/daya beli petani di per...",509
1694,2020-09-01,2020,2.7,Statistik Ekonomi,Harga,Harga-Harga,"Pada Agustus 2020, Indeks Harga Perdagangan Besar (IHPB) Umum Nasional turun 0,07 persen","Pada Agustus 2020, Indeks Harga Perdagangan Besar (IHPB) Umum Nasional turun 0,07 persen Pada Agustus 2020, Indeks Harga Perdagangan Besar (IHPB) Umum Nasional turun sebesar 0,07 persen terhadap Juli 2020. Penurunan IHPB tertinggi terjadi pada Sektor Pertanian sebesar 1,12 persen. Beberapa komodi...",115
1662,2020-09-01,2020,2.7,Statistik Ekonomi,Harga,Harga-Harga,"Deflasi terjadi pada Agustus 2020 sebesar 0,05 persen. Deflasi tertinggi terjadi di Kupang sebesar 0,92 persen.","Deflasi terjadi pada Agustus 2020 sebesar 0,05 persen. Deflasi tertinggi terjadi di Kupang sebesar 0,92 persen. Pada Agustus 2020 terjadi deflasi sebesar 0,05 persen dengan Indeks Harga Konsumen (IHK) sebesar 104,90. Dari 90 kota IHK, 53 kota mengalami deflasi dan 37 kota mengalami inflasi. Defla...",284
1729,2020-08-18,2020,2.8,Statistik Ekonomi,Biaya Tenaga Kerja,Biaya Tenaga Kerja,"Upah Nominal Harian Buruh Tani Nasional Juli 2020 Naik Sebesar 0,20 Persen","Upah Nominal Harian Buruh Tani Nasional Juli 2020 Naik Sebesar 0,20 Persen • Upah nominal buruh/pekerja adalah rata-rata upah harian yang diterima buruh sebagai balas jasa pekerjaan yang telah dilakukan. • Upah riil buruh/pekerja menggambarkan daya beli dari pendapatan/upah yang diterima buruh/pe...",148
1681,2020-08-18,2020,2.6,Statistik Ekonomi,Perdagangan Internasional,Perdagangan Internasional dan Neraca Pembayaran,"Ekspor Juli 2020 Mencapai US$13,73 Miliar dan Impor Juli 2020 sebesar US$10,47 Miliar","Ekspor Juli 2020 Mencapai US$13,73 Miliar dan Impor Juli 2020 sebesar US$10,47 Miliar EKSPOR Nilai ekspor Indonesia Juli 2020 mencapai US$13,73 miliar atau meningkat 14,33 persen dibanding ekspor Juni 2020. Sementara dibanding Juli 2019 menurun 9,90 persen. Ekspor nonmigas Juli 2020 mencapai US$1...",409
1737,2020-08-05,2020,2.1,Statistik Ekonomi,Statistik Makroekonomi,Neraca Ekonomi,"Ekonomi Indonesia Triwulan II 2020 Turun 5,32 Persen","Ekonomi Indonesia Triwulan II 2020 Turun 5,32 Persen • Perekonomian Indonesia berdasarkan besaran Produk Domestik Bruto (PDB) atas dasar harga berlaku triwulan II-2020 mencapai Rp3.687,7 triliun dan atas dasar harga konstan 2010 mencapai Rp2.589,6 triliun. • Ekonomi Indonesia triwulan II-2020 ter...",250
1756,2020-08-03,2020,1.10,Statistik Demografi dan Sosial,Aktivitas Politik dan Komunitas,Aktivitas Politik dan Komunitas Lainnya,IDI Nasional 2019 Mengalami Peningkatan Dibandingkan dengan IDI Nasional 2018,"IDI Nasional 2019 Mengalami Peningkatan Dibandingkan dengan IDI Nasional 2018 • Indeks Demokrasi Indonesia (IDI) adalah indikator komposit yang menunjukkan tingkat perkembangan demokrasi di Indonesia. Tingkat capaiannya diukur berdasarkan pelaksanaan dan perkembangan 3 aspek, 11 variabel, dan 28 ...",141
1717,2020-08-03,2020,2.4.5,Statistik Ekonomi,Statistik Sektoral,Pariwisata,"Jumlah kunjungan wisman ke Indonesia Juni 2020 mencapai 160,28 ribu kunjungan.","Jumlah kunjungan wisman ke Indonesia Juni 2020 mencapai 160,28 ribu kunjungan. Jumlah kunjungan wisatawan mancanegara atau wisman ke Indonesia Juni 2020 mengalami penurunan sebesar 88,82 persen dibanding jumlah kunjungan pada Juni 2019. Selain itu, jika dibandingkan dengan Mei 2020, jumlah kunjun...",161
1705,2020-08-03,2020,2.7,Statistik Ekonomi,Harga,Harga-Harga,"Nilai Tukar Petani (NTP) Juli 2020 sebesar 100,09 atau naik 0,49 persen","Nilai Tukar Petani (NTP) Juli 2020 sebesar 100,09 atau naik 0,49 persen Nilai Tukar Petani (NTP) adalah perbandingan indeks harga yang diterima petani (It) terhadap indeks harga yang dibayar petani (Ib). NTP merupakan salah satu indikator untuk melihat tingkat kemampuan/daya beli petani di perdes...",501
1693,2020-08-03,2020,2.7,Statistik Ekonomi,Harga,Harga-Harga,"Indeks Harga Perdagangan Besar IHPB Juli 2020 Umum Nasional turun 0,08 persen","Indeks Harga Perdagangan Besar IHPB Juli 2020 Umum Nasional turun 0,08 persen Pada Juli 2020, Indeks Harga Perdagangan Besar (IHPB) Umum Nasional turun sebesar 0,08 persen terhadap Juni 2020. Penurunan IHPB tertinggi terjadi pada Sektor Pertanian sebesar 0,38 persen. Beberapa komoditas yang menga...",113
1668,2020-08-03,2020,2.7,Statistik Ekonomi,Harga,Harga-Harga,"Harga Produsen Mengalami Deflasi 1,44 Persen di Triwulan II 2020","Harga Produsen Mengalami Deflasi 1,44 Persen di Triwulan II 2020 Indeks Harga Produsen (IHP) gabungan tiga sektor (Sektor Pertanian, Pertambangan dan Penggalian, dan Industri Pengolahan) pada triwulan II-2020 turun 1,44 persen terhadap triwulan I-2020 (q-to-q) dan turun 0,73 persen terhadap triwu...",242
1661,2020-08-03,2020,2.7,Statistik Ekonomi,Harga,Harga-Harga,"Deflasi terjadi pada Juli 2020 sebesar 0,10 persen. Deflasi tertinggi terjadi di Manokwari sebesar 1,09 persen.","Deflasi terjadi pada Juli 2020 sebesar 0,10 persen. Deflasi tertinggi terjadi di Manokwari sebesar 1,09 persen. Pada Juli 2020 terjadi deflasi sebesar 0,10 persen dengan Indeks Harga Konsumen (IHK) sebesar 104,95. Dari 90 kota IHK, 61 kota mengalami deflasi dan 29 kota mengalami inflasi. Deflasi ...",285
1748,2020-07-15,2020,3.3.1,Statistik Lingkungan Hidup dan Multi-domain,Statistik Multi-domain,"Kondisi Tempat Tinggal, Kemiskinan, dan Permasalahan Sosial Lintas Sektor","Gini Ratio Maret 2020 tercatat sebesar 0,381","Gini Ratio Maret 2020 tercatat sebesar 0,381 Pada Maret 2020, tingkat ketimpangan pengeluaran penduduk Indonesia yang diukur oleh Gini Ratio adalah sebesar 0,381. Angka ini meningkat 0,001 poin jika dibandingkan dengan Gini Ratio September 2019 yang sebesar 0,380 dan menurun 0,001 poin dibandingk...",175
1744,2020-07-15,2020,3.3.1,Statistik Lingkungan Hidup dan Multi-domain,Statistik Multi-domain,"Kondisi Tempat Tinggal, Kemiskinan, dan Permasalahan Sosial Lintas Sektor","Persentase Penduduk Miskin Maret 2020 naik menjadi 9,78 persen","Persentase Penduduk Miskin Maret 2020 naik menjadi 9,78 persen Persentase penduduk miskin pada Maret 2020 sebesar 9,78 persen, meningkat 0,56 persen poin terhadap September 2019 dan meningkat 0,37 persen poin terhadap Maret 2019. Jumlah penduduk miskin pada Maret 2020 sebesar 26,42 juta orang, me...",209
1728,2020-07-15,2020,2.8,Statistik Ekonomi,Biaya Tenaga Kerja,Biaya Tenaga Kerja,"Upah Nominal Harian Buruh Tani Nasional Juni 2020 Naik Sebesar 0,19 Persen","Upah Nominal Harian Buruh Tani Nasional Juni 2020 Naik Sebesar 0,19 Persen • Upah nominal buruh/pekerja adalah rata-rata upah harian yang diterima buruh sebagai balas jasa pekerjaan yang telah dilakukan. • Upah riil buruh/pekerja menggambarkan daya beli dari pendapatan/upah yang diterima buruh/pe...",148
1680,2020-07-15,2020,2.6,Statistik Ekonomi,Perdagangan Internasional,Perdagangan Internasional dan Neraca Pembayaran,"Ekspor Juni 2020 Mencapai US$12,03 Miliar dan Impor Juni 2020 sebesar US$10,76 Miliar","Ekspor Juni 2020 Mencapai US$12,03 Miliar dan Impor Juni 2020 sebesar US$10,76 Miliar EKSPOR Nilai ekspor Indonesia Juni 2020 mencapai US$12,03 miliar atau meningkat 15,09 persen dibanding ekspor Mei 2020. Demikian juga dibanding Juni 2019 meningkat 2,28 persen. Ekspor nonmigas Juni 2020 mencapai...",405
1716,2020-07-01,2020,2.4.5,Statistik Ekonomi,Statistik Sektoral,Pariwisata,"Jumlah kunjungan wisman ke Indonesia Mei 2020 mencapai 163,65 ribu kunjungan.","Jumlah kunjungan wisman ke Indonesia Mei 2020 mencapai 163,65 ribu kunjungan. Jumlah kunjungan wisatawan mancanegara atau wisman ke Indonesia Mei 2020 mengalami penurunan sebesar 86,90 persen dibanding jumlah kunjungan pada Mei 2019. Selain itu, jika dibandingkan dengan April 2020, jumlah kunjung...",160
1704,2020-07-01,2020,2.7,Statistik Ekonomi,Harga,Harga-Harga,"Nilai Tukar Petani (NTP) Juni 2020 sebesar 99,60 atau naik 0,13 persen","Nilai Tukar Petani (NTP) Juni 2020 sebesar 99,60 atau naik 0,13 persen Nilai Tukar Petani (NTP) adalah perbandingan indeks harga yang diterima petani (It) terhadap indeks harga yang dibayar petani (Ib). NTP merupakan salah satu indikator untuk melihat tingkat kemampuan/daya beli petani di perdesa...",490
1692,2020-07-01,2020,2.7,Statistik Ekonomi,Harga,Harga-Harga,"Juni 2020, Indeks Harga Perdagangan Besar (IHPB) Umum Nasional naik 0,16 persen","Juni 2020, Indeks Harga Perdagangan Besar (IHPB) Umum Nasional naik 0,16 persen Pada Juni 2020, Indeks Harga Perdagangan Besar (IHPB) Umum Nasional naik sebesar 0,16 persen terhadap Mei 2020. Kenaikan IHPB tertinggi terjadi pada Sektor Pertanian sebesar 0,22 persen. Beberapa komoditas yang mengal...",118
1660,2020-07-01,2020,2.7,Statistik Ekonomi,Harga,Harga-Harga,"Pada Juni 2020 terjadi inflasi sebesar 0,18 persen. Inflasi tertinggi terjadi di Kendari sebesar 1,33 persen.","Pada Juni 2020 terjadi inflasi sebesar 0,18 persen. Inflasi tertinggi terjadi di Kendari sebesar 1,33 persen. Pada Juni 2020 terjadi inflasi sebesar 0,18 persen dengan Indeks Harga Konsumen (IHK) sebesar 105,06. Dari 90 kota IHK, 76 kota mengalami inflasi dan 14 kota mengalami deflasi. Inflasi te...",269
1727,2020-06-15,2020,2.8,Statistik Ekonomi,Biaya Tenaga Kerja,Biaya Tenaga Kerja,"Upah Nominal Harian Buruh Tani Nasional Mei 2020 Naik Sebesar 0,14 Persen","Upah Nominal Harian Buruh Tani Nasional Mei 2020 Naik Sebesar 0,14 Persen Upah nominal buruh/pekerja adalah rata-rata upah harian yang diterima buruh sebagai balas jasa pekerjaan yang telah dilakukan. Upah riil buruh/pekerja menggambarkan daya beli dari pendapatan/upah yang diterima buruh/pekerja...",145
1679,2020-06-15,2020,2.6,Statistik Ekonomi,Perdagangan Internasional,Perdagangan Internasional dan Neraca Pembayaran,"Ekspor Mei 2020 Mencapai US$10,53 Miliar dan Impor Mei 2020 sebesar US$8,44 Miliar","Ekspor Mei 2020 Mencapai US$10,53 Miliar dan Impor Mei 2020 sebesar US$8,44 Miliar EKSPOR Nilai ekspor Indonesia Mei 2020 mencapai US$10,53 miliar atau menurun 13,40 persen dibanding ekspor April 2020. Demikian juga dibanding Mei 2019 menurun 28,95 persen. Ekspor nonmigas Mei 2020 mencapai US$9,8...",430
1671,2020-06-15,2020,1.10,Statistik Demografi dan Sosial,Aktivitas Politik dan Komunitas,Aktivitas Politik dan Komunitas Lainnya,Indeks Perilaku Anti Korupsi (IPAK) Indonesia Tahun 2020 Meningkat Dibandingkan IPAK 2019,"Indeks Perilaku Anti Korupsi (IPAK) Indonesia Tahun 2020 Meningkat Dibandingkan IPAK 2019 Indeks Perilaku Anti Korupsi (IPAK) Indonesia tahun 2020 sebesar 3,84 pada skala 0 sampai 5. Angka ini lebih tinggi dibandingkan capaian tahun 2019 sebesar 3,70. Nilai indeks semakin mendekati 5 menunjukkan ...",191
1715,2020-06-02,2020,2.4.5,Statistik Ekonomi,Statistik Sektoral,Pariwisata,"Jumlah kunjungan wisman ke Indonesia April 2020 mencapai 160,04 ribu kunjungan","Jumlah kunjungan wisman ke Indonesia April 2020 mencapai 160,04 ribu kunjungan Jumlah kunjungan wisatawan mancanegara atau wisman ke Indonesia April 2020 mengalami penurunan sebesar 87,44 persen dibanding jumlah kunjungan pada April 2019. Selain itu, jika dibandingkan dengan Maret 2020, jumlah ku...",162
1703,2020-06-02,2020,2.7,Statistik Ekonomi,Harga,Harga-Harga,"Nilai Tukar Petani (NTP) Mei 2020 Sebesar 99,47 Atau Turun 0,85 Persen","Nilai Tukar Petani (NTP) Mei 2020 Sebesar 99,47 Atau Turun 0,85 Persen Nilai Tukar Petani (NTP) adalah perbandingan indeks harga yang diterima petani (It) terhadap indeks harga yang dibayar petani (Ib). NTP merupakan salah satu indikator untuk melihat tingkat kemampuan/daya beli petani di perdesa...",483
1691,2020-06-02,2020,2.7,Statistik Ekonomi,Harga,Harga-Harga,"Mei 2020, Indeks Harga Perdagangan Besar (IHPB) Umum Nasional turun 0,10 persen","Mei 2020, Indeks Harga Perdagangan Besar (IHPB) Umum Nasional turun 0,10 persen • Pada Mei 2020, Indeks Harga Perdagangan Besar (IHPB) Umum Nasional turun sebesar 0,10 persen terhadap April 2020. Penurunan IHPB tertinggi terjadi pada Sektor Pertanian sebesar 0,95 persen. • Beberapa komoditas yang...",124
1659,2020-06-02,2020,2.7,Statistik Ekonomi,Harga,Harga-Harga,"Pada Mei 2020 terjadi inflasi sebesar 0,07 persen. Inflasi tertinggi terjadi di Tanjung Pandan sebesar 1,20 persen","Pada Mei 2020 terjadi inflasi sebesar 0,07 persen. Inflasi tertinggi terjadi di Tanjung Pandan sebesar 1,20 persen Pada Mei 2020 terjadi inflasi sebesar 0,07 persen dengan Indeks Harga Konsumen (IHK) sebesar 104,87. Dari 90 kota IHK, 67 kota mengalami inflasi dan 23 kota mengalami deflasi. Inflas...",281
1726,2020-05-15,2020,2.8,Statistik Ekonomi,Biaya Tenaga Kerja,Biaya Tenaga Kerja,"Upah Nominal Harian Buruh Tani Nasional April 2020 Naik Sebesar 0,12 Persen","Upah Nominal Harian Buruh Tani Nasional April 2020 Naik Sebesar 0,12 Persen • Upah nominal buruh/pekerja adalah rata-rata upah harian yang diterima buruh sebagai balas jasa pekerjaan yang telah dilakukan. • Upah riil buruh/pekerja menggambarkan daya beli dari pendapatan/upah yang diterima buruh/p...",146
1678,2020-05-15,2020,2.6,Statistik Ekonomi,Perdagangan Internasional,Perdagangan Internasional dan Neraca Pembayaran,"Ekspor April 2020 Mencapai US$12,19 Miliar dan Impor April 2020 sebesar US$12,54 Miliar","Ekspor April 2020 Mencapai US$12,19 Miliar dan Impor April 2020 sebesar US$12,54 Miliar EKSPOR Nilai ekspor Indonesia April 2020 mencapai US$12,19 miliar atau menurun 13,33 persen dibanding ekspor Maret 2020. Demikian juga dibanding April 2019 menurun 7,02 persen. Ekspor nonmigas April 2020 menca...",413
1736,2020-05-05,2020,2.1,Statistik Ekonomi,Statistik Makroekonomi,Neraca Ekonomi,"Ekonomi Indonesia Triwulan I 2020 Tumbuh 2,97 Persen","Ekonomi Indonesia Triwulan I 2020 Tumbuh 2,97 Persen • Perekonomian Indonesia berdasarkan besaran Produk Domestik Bruto (PDB) atas dasar harga berlaku triwulan I-2020 mencapai Rp3.922,6 triliun dan atas dasar harga konstan 2010 mencapai Rp2.703,1 triliun. • Ekonomi Indonesia triwulan I-2020 terha...",194
1672,2020-05-05,2020,1.2,Statistik Demografi dan Sosial,Ketenagakerjaan,Tenaga Kerja,"Februari 2020: Tingkat Pengangguran Terbuka (TPT) sebesar 4,99 persen","Februari 2020: Tingkat Pengangguran Terbuka (TPT) sebesar 4,99 persen Jumlah angkatan kerja pada Februari 2020 sebanyak 137,91 juta orang, naik 1,73 juta orang dibanding Februari 2019. Berbeda dengan naiknya jumlah angkatan kerja, Tingkat Partisipasi Angkatan Kerja (TPAK) turun sebesar 0,15 perse...",225
1714,2020-05-04,2020,2.4.5,Statistik Ekonomi,Statistik Sektoral,Pariwisata,"Jumlah kunjungan wisman ke Indonesia Maret 2020 mencapai 470,90 ribu kunjungan.","Jumlah kunjungan wisman ke Indonesia Maret 2020 mencapai 470,90 ribu kunjungan. Jumlah kunjungan wisatawan mancanegara atau wisman ke Indonesia Maret 2020 mengalami penurunan sebesar 64,11 persen dibanding jumlah kunjungan pada Maret 2019. Selain itu, jika dibandingkan dengan Februari 2020, jumla...",162
1702,2020-05-04,2020,2.7,Statistik Ekonomi,Harga,Harga-Harga,"Nilai Tukar Petani (NTP) April 2020 Sebesar 100,32 Atau Turun 1,73 Persen","Nilai Tukar Petani (NTP) April 2020 Sebesar 100,32 Atau Turun 1,73 Persen Nilai Tukar Petani (NTP) adalah perbandingan indeks harga yang diterima petani (It) terhadap indeks harga yang dibayar petani (Ib). NTP merupakan salah satu indikator untuk melihat tingkat kemampuan/daya beli petani di perd...",488
1690,2020-05-04,2020,2.7,Statistik Ekonomi,Harga,Harga-Harga,"Pada April 2020, Indeks Harga Perdagangan Besar (IHPB) Umum Nasional naik 0,08 persen","Pada April 2020, Indeks Harga Perdagangan Besar (IHPB) Umum Nasional naik 0,08 persen Pada April 2020, Indeks Harga Perdagangan Besar (IHPB) Umum Nasional naik sebesar 0,08 persen terhadap Maret 2020. Kenaikan IHPB tertinggi terjadi pada Sektor Pertambangan dan Penggalian sebesar 0,91 persen. Beb...",115
1667,2020-05-04,2020,2.7,Statistik Ekonomi,Harga,Harga-Harga,"Triwulan I 2020, Harga Produsen Mengalami Inflasi 0,36 Persen","Triwulan I 2020, Harga Produsen Mengalami Inflasi 0,36 Persen • Indeks Harga Produsen (IHP) gabungan triwulan I-2020 naik 0,36 persen terhadap triwulan IV-2019 (q-to-q) dan naik 0,73 persen terhadap triwulan I-2019 (y-on-y). • IHP Sektor Pertanian triwulan I-2020 naik 1,68 persen terhadap triwula...",238
1658,2020-05-04,2020,2.7,Statistik Ekonomi,Harga,Harga-Harga,"Pada April 2020 terjadi inflasi sebesar 0,08 persen. Inflasi tertinggi terjadi di Baubau sebesar 0,88 persen","Pada April 2020 terjadi inflasi sebesar 0,08 persen. Inflasi tertinggi terjadi di Baubau sebesar 0,88 persen Pada April 2020 terjadi inflasi sebesar 0,08 persen dengan Indeks Harga Konsumen (IHK) sebesar 104,80. Dari 90 kota IHK, 39 kota mengalami inflasi dan 51 kota mengalami deflasi. Inflasi te...",285
1725,2020-04-15,2020,2.8,Statistik Ekonomi,Biaya Tenaga Kerja,Biaya Tenaga Kerja,"Upah Nominal Harian Buruh Tani Nasional Maret 2020 Naik Sebesar 0,15 Persen","Upah Nominal Harian Buruh Tani Nasional Maret 2020 Naik Sebesar 0,15 Persen • Upah nominal buruh/pekerja adalah rata-rata upah harian yang diterima buruh sebagai balas jasa pekerjaan yang telah dilakukan. • Upah riil buruh/pekerja menggambarkan daya beli dari pendapatan/upah yang diterima buruh/p...",147
1677,2020-04-15,2020,2.6,Statistik Ekonomi,Perdagangan Internasional,Perdagangan Internasional dan Neraca Pembayaran,"Ekspor Maret 2020 Mencapai US$14,09 Miliar dan Impor Maret 2020 sebesar US$13,35 Miliar","Ekspor Maret 2020 Mencapai US$14,09 Miliar dan Impor Maret 2020 sebesar US$13,35 Miliar EKSPOR Nilai ekspor Indonesia Maret 2020 mencapai US$14,09 miliar atau meningkat 0,23 persen dibanding ekspor Februari 2020. Sementara dibanding Maret 2019 menurun 0,20 persen. Ekspor nonmigas Maret 2020 menca...",421
1713,2020-04-01,2020,2.4.5,Statistik Ekonomi,Statistik Sektoral,Pariwisata,"Jumlah kunjungan wisman ke Indonesia Februari 2020 mencapai 885,07 ribu kunjungan. Sementara TPK hotel klasifikasi bintang Februari 2020 mencapai 49,22 persen.","Jumlah kunjungan wisman ke Indonesia Februari 2020 mencapai 885,07 ribu kunjungan. Sementara TPK hotel klasifikasi bintang Februari 2020 mencapai 49,22 persen. Jumlah kunjungan wisatawan mancanegara atau wisman ke Indonesia Februari 2020 mengalami penurunan sebesar 28,85 persen dibanding jumlah k...",171
1701,2020-04-01,2020,2.7,Statistik Ekonomi,Harga,Harga-Harga,"Nilai Tukar Petani (NTP) Maret 2020 sebesar 102,09 atau turun 1,22 persen","Nilai Tukar Petani (NTP) Maret 2020 sebesar 102,09 atau turun 1,22 persen Nilai Tukar Petani (NTP) adalah perbandingan indeks harga yang diterima petani (It) terhadap indeks harga yang dibayar petani (Ib). NTP merupakan salah satu indikator untuk melihat tingkat kemampuan/daya beli petani di perd...",471
1689,2020-04-01,2020,2.7,Statistik Ekonomi,Harga,Harga-Harga,"Maret 2020, Indeks Harga Perdagangan Besar (IHPB) Umum Nasional naik 0,10 persen","Maret 2020, Indeks Harga Perdagangan Besar (IHPB) Umum Nasional naik 0,10 persen Pada Maret 2020, Indeks Harga Perdagangan Besar (IHPB) Umum Nasional naik sebesar 0,10 persen terhadap Februari 2020. Kenaikan IHPB tertinggi terjadi pada Sektor Pertambangan dan Penggalian sebesar 0,66 persen. Beber...",113
1657,2020-04-01,2020,2.7,Statistik Ekonomi,Harga,Harga-Harga,"Maret 2020 inflasi sebesar 0,10 persen. Inflasi tertinggi terjadi di Lhokseumawe sebesar 0,64 persen.","Maret 2020 inflasi sebesar 0,10 persen. Inflasi tertinggi terjadi di Lhokseumawe sebesar 0,64 persen. • Pada Maret 2020 terjadi inflasi sebesar 0,10 persen dengan Indeks Harga Konsumen (IHK) sebesar 104,72. Dari 90 kota IHK, 43 kota mengalami inflasi dan 47 kota mengalami deflasi. Inflasi terting...",280
1724,2020-03-16,2020,2.8,Statistik Ekonomi,Biaya Tenaga Kerja,Biaya Tenaga Kerja,"Upah Nominal Harian Buruh Tani Nasional Februari 2020 Naik Sebesar 0,23 Persen","Upah Nominal Harian Buruh Tani Nasional Februari 2020 Naik Sebesar 0,23 Persen • Upah nominal buruh/pekerja adalah rata-rata upah harian yang diterima buruh sebagai balas jasa pekerjaan yang telah dilakukan. • Upah riil buruh/pekerja menggambarkan daya beli dari pendapatan/upah yang diterima buru...",147
1676,2020-03-16,2020,2.6,Statistik Ekonomi,Perdagangan Internasional,Perdagangan Internasional dan Neraca Pembayaran,"Ekspor Februari 2020 Mencapai US$13,94 Miliar. Impor Februari 2020 mencapai US$11,60 Miliar, turun 18,69 persen dibanding Januari 2020.","Ekspor Februari 2020 Mencapai US$13,94 Miliar. Impor Februari 2020 mencapai US$11,60 Miliar, turun 18,69 persen dibanding Januari 2020. EKSPOR : Nilai ekspor Indonesia Februari 2020 mencapai US$13,94 miliar atau meningkat 2,24 persen dibanding ekspor Januari 2020. Demikian juga dibanding Februari...",419
1712,2020-03-02,2020,2.4.5,Statistik Ekonomi,Statistik Sektoral,Pariwisata,"Jumlah kunjungan wisman ke Indonesia Januari 2020 mencapai 1,27 juta kunjungan.","Jumlah kunjungan wisman ke Indonesia Januari 2020 mencapai 1,27 juta kunjungan. Jumlah kunjungan wisatawan mancanegara atau wisman ke Indonesia Januari 2020 mengalami kenaikan 5,85 persen dibanding jumlah kunjungan pada Januari 2019. Sementara itu, jika dibandingkan dengan Desember 2019, jumlah k...",126
1700,2020-03-02,2020,2.7,Statistik Ekonomi,Harga,Harga-Harga,"Nilai Tukar Petani (NTP) Februari 2020 sebesar 103,35 atau turun 0,78 persen","Nilai Tukar Petani (NTP) Februari 2020 sebesar 103,35 atau turun 0,78 persen Nilai Tukar Petani (NTP) adalah perbandingan indeks harga yang diterima petani (It) terhadap indeks harga yang dibayar petani (Ib). NTP merupakan salah satu indikator untuk melihat tingkat kemampuan/daya beli petani di p...",492
1688,2020-03-02,2020,2.7,Statistik Ekonomi,Harga,Harga-Harga,"Februari 2020, Indeks Harga Perdagangan Besar (IHPB) Umum Nasional naik 0,24 persen","Februari 2020, Indeks Harga Perdagangan Besar (IHPB) Umum Nasional naik 0,24 persen Pada Februari 2020, Indeks Harga Perdagangan Besar (IHPB) Umum Nasional naik sebesar 0,24 persen terhadap Januari 2020. Kenaikan IHPB tertinggi terjadi pada Sektor Pertanian sebesar 0,59 persen. Beberapa komoditas...",116
1656,2020-03-02,2020,2.7,Statistik Ekonomi,Harga,Harga-Harga,"Februari 2020 inflasi sebesar 0,28 persen. Inflasi tertinggi terjadi di Sintang sebesar 1,21 persen.","Februari 2020 inflasi sebesar 0,28 persen. Inflasi tertinggi terjadi di Sintang sebesar 1,21 persen. Pada Februari 2020 terjadi inﬂasi sebesar 0,28 persen dengan Indeks Harga Konsumen (IHK) sebesar 104,62. Dari 90 kota IHK, 73 kota mengalami inﬂasi dan 17 kota mengalami deﬂasi. Inﬂasi tertinggi t...",264
1723,2020-02-17,2020,2.8,Statistik Ekonomi,Biaya Tenaga Kerja,Biaya Tenaga Kerja,"Upah Nominal Harian Buruh Tani Nasional Januari 2020 Naik Sebesar 0,59 Persen","Upah Nominal Harian Buruh Tani Nasional Januari 2020 Naik Sebesar 0,59 Persen • Upah nominal buruh/pekerja adalah rata-rata upah harian yang diterima buruh sebagai balas jasa pekerjaan yang telah dilakukan. • Upah riil buruh/pekerja menggambarkan daya beli dari pendapatan/upah yang diterima buruh...",147
1675,2020-02-17,2020,2.6,Statistik Ekonomi,Perdagangan Internasional,Perdagangan Internasional dan Neraca Pembayaran,"Ekspor Januari 2020 Mencapai US$13,41 Miliar dan Impor Januari 2020 sebesar US$14,28 Miliar","Ekspor Januari 2020 Mencapai US$13,41 Miliar dan Impor Januari 2020 sebesar US$14,28 Miliar Nilai ekspor Indonesia Januari 2020 mencapai US$13,41 miliar atau menurun 7,16 persen dibanding ekspor Desember 2019. Demikian juga dibanding Januari 2019 menurun 3,71 persen. Ekspor nonmigas Januari 2020 ...",376
1670,2020-02-17,2020,3.3.1,Statistik Lingkungan Hidup dan Multi-domain,Statistik Multi-domain,"Kondisi Tempat Tinggal, Kemiskinan, dan Permasalahan Sosial Lintas Sektor","Indeks Pembangunan Manusia (IPM) Indonesia pada tahun 2019 mencapai 71,92","Indeks Pembangunan Manusia (IPM) Indonesia pada tahun 2019 mencapai 71,92 Pembangunan manusia di Indonesia terus mengalami kemajuan. Pada tahun 2019, Indeks Pembangunan Manusia (IPM) Indonesia mencapai 71,92. Angka ini meningkat sebesar 0,53 poin atau tumbuh sebesar 0,74 persen dibandingkan tahun...",165
1755,2020-02-05,2020,2.1,Statistik Ekonomi,Statistik Makroekonomi,Neraca Ekonomi,"Ekonomi Indonesia 2019 Tumbuh 5,02 Persen","Ekonomi Indonesia 2019 Tumbuh 5,02 Persen • Perekonomian Indonesia tahun 2019 yang diukur berdasarkan Produk Domestik Bruto (PDB) atas dasar harga berlaku mencapai Rp15 833,9 triliun dan PDB Perkapita mencapai Rp59,1 Juta atau US$4 174,9. • Ekonomi Indonesia tahun 2019 tumbuh 5,02 persen, lebih r...",227
1753,2020-02-05,2020,2.3,Statistik Ekonomi,Statistik Bisnis,Statistik Bisnis,Indeks Tendensi Bisnis dan Indeks Tendensi Konsumen Triwulan IV-2019 dan Perkiraan Triwulan I-2020,"Indeks Tendensi Bisnis dan Indeks Tendensi Konsumen Triwulan IV-2019 dan Perkiraan Triwulan I-2020 Indeks Tendensi Bisnis (ITB) triwulan IV-2019 sebesar 104,82 menunjukkan tumbuhnya kondisi bisnis, walaupun dengan optimisme pelaku bisnis yang lebih rendah jika dibandingkan dengan triwulan sebelum...",118
1752,2020-02-04,2020,2.4.1,Statistik Ekonomi,Statistik Sektoral,"Pertanian, Kehutanan, Perikanan","Luas panen dan produksi padi pada tahun 2019 mengalami penurunan dibandingkan tahun 2018 masing-masing sebesar 6,15 dan 7,76 persen","Luas panen dan produksi padi pada tahun 2019 mengalami penurunan dibandingkan tahun 2018 masing-masing sebesar 6,15 dan 7,76 persen Luas panen padi pada 2019 diperkirakan sebesar 10,68 juta hektar atau mengalami penurunan sebanyak 700,05 ribu hektar atau 6,15 persen dibandingkan tahun 2018. Produ...",99
1739,2020-02-03,2020,2.4.3,Statistik Ekonomi,Statistik Sektoral,"Pertambangan, Manufaktur, Konstruksi","Pertumbuhan Produksi IBS Tahun 2019 Naik 4,01 Persen dibandingkan Tahun 2018","Pertumbuhan Produksi IBS Tahun 2019 Naik 4,01 Persen dibandingkan Tahun 2018 • Pertumbuhan industri manufaktur besar dan sedang tahun 2019 naik sebesar 4,01 persen terhadap tahun 2018. Kenaikan tersebut terutama disebabkan naiknya produksi industri pencetakan dan reproduksi media rekaman, naik 19...",254
1711,2020-02-03,2020,2.4.5,Statistik Ekonomi,Statistik Sektoral,Pariwisata,"Jumlah kunjungan wisman ke Indonesia Desember 2019 mencapai 1,38 juta kunjungan.","Jumlah kunjungan wisman ke Indonesia Desember 2019 mencapai 1,38 juta kunjungan. Jumlah kunjungan wisatawan mancanegara atau wisman ke Indonesia Desember 2019 mengalami penurunan 2,03 persen dibanding jumlah kunjungan pada Desember 2018. Sementara itu, jika dibandingkan dengan November 2019, juml...",158
1699,2020-02-03,2020,2.7,Statistik Ekonomi,Harga,Harga-Harga,"Nilai Tukar Petani (NTP) Januari 2020 sebesar 104,16 atau naik 0,78 persen","Nilai Tukar Petani (NTP) Januari 2020 sebesar 104,16 atau naik 0,78 persen Nilai Tukar Petani (NTP) adalah perbandingan indeks harga yang diterima petani (It) terhadap indeks harga yang dibayar petani (Ib). NTP merupakan salah satu indikator untuk melihat tingkat kemampuan/daya beli petani di per...",474
1687,2020-02-03,2020,2.7,Statistik Ekonomi,Harga,Harga-Harga,"Januari 2020, Indeks Harga Perdagangan Besar (IHPB) Umum Nasional naik 0,29 persen","Januari 2020, Indeks Harga Perdagangan Besar (IHPB) Umum Nasional naik 0,29 persen Pada Januari 2020, Indeks Harga Perdagangan Besar (IHPB) Umum Nasional naik sebesar 0,29 persen terhadap Desember 2019. Kenaikan IHPB tertinggi terjadi pada Sektor Pertanian sebesar 0,46 persen. Beberapa komoditas ...",120
1666,2020-02-03,2020,2.7,Statistik Ekonomi,Harga,Harga-Harga,"Triwulan IV 2019, Harga Produsen Mengalami Inflasi 0,57 Persen","Triwulan IV 2019, Harga Produsen Mengalami Inflasi 0,57 Persen Indeks Harga Produsen (IHP) gabungan triwulan IV-2019 naik 0,57 persen terhadap triwulan III-2019 (q-to-q) dan naik 0,49 persen terhadap triwulan IV-2018 (y-on-y). IHP Sektor Pertanian triwulan IV-2019 naik 1,29 persen terhadap triwul...",228
1655,2020-02-03,2020,2.7,Statistik Ekonomi,Harga,Harga-Harga,"Januari 2020 inflasi sebesar 0,39 persen. Inflasi tertinggi terjadi di Meulaboh sebesar 1,44 persen","Januari 2020 inflasi sebesar 0,39 persen. Inflasi tertinggi terjadi di Meulaboh sebesar 1,44 persen Pada Januari 2020 terjadi inﬂasi sebesar 0,39 persen dengan Indeks Harga Konsumen (IHK) sebesar 104,33. Dari 90 kota IHK, 79 kota mengalami inﬂasi dan 11 kota mengalami deﬂasi. Inﬂasi tertinggi ter...",263
1747,2020-01-15,2020,3.3.1,Statistik Lingkungan Hidup dan Multi-domain,Statistik Multi-domain,"Kondisi Tempat Tinggal, Kemiskinan, dan Permasalahan Sosial Lintas Sektor","Gini Ratio September 2019 tercatat sebesar 0,380","Gini Ratio September 2019 tercatat sebesar 0,380 Pada September 2019, tingkat ketimpangan pengeluaran penduduk Indonesia yang diukur oleh Gini Ratio adalah sebesar 0,380. Angka ini menurun 0,002 poin jika dibandingkan dengan Gini Ratio Maret 2019 yang sebesar 0,382 dan menurun 0,004 poin dibandin...",176
1743,2020-01-15,2020,3.3.1,Statistik Lingkungan Hidup dan Multi-domain,Statistik Multi-domain,"Kondisi Tempat Tinggal, Kemiskinan, dan Permasalahan Sosial Lintas Sektor","Persentase Penduduk Miskin September 2019 turun menjadi 9,22 persen","Persentase Penduduk Miskin September 2019 turun menjadi 9,22 persen Persentase penduduk miskin pada September 2019 sebesar 9,22 persen, menurun 0,19 persen poin terhadap Maret 2019 dan menurun 0,44 persen poin terhadap September 2018. Jumlah penduduk miskin pada September 2019 sebesar 24,79 juta ...",209
1734,2020-01-15,2020,2.6,Statistik Ekonomi,Perdagangan Internasional,Perdagangan Internasional dan Neraca Pembayaran,"Ekspor Desember 2019 Mencapai US$14,47 Miliar, sedangkan nilai impor mencapai US$14,50 Miliar","Ekspor Desember 2019 Mencapai US$14,47 Miliar, sedangkan nilai impor mencapai US$14,50 Miliar EKSPOR Nilai ekspor Indonesia Desember 2019 mencapai US$14,47 miliar atau meningkat 3,77 persen dibanding ekspor November 2019. Demikian juga jika dibanding Desember 2018 naik 1,28 persen. Ekspor nonmiga...",410
1722,2020-01-15,2020,2.8,Statistik Ekonomi,Biaya Tenaga Kerja,Biaya Tenaga Kerja,"Upah Nominal Harian Buruh Tani Nasional Desember 2019 Naik Sebesar 0,13 Persen","Upah Nominal Harian Buruh Tani Nasional Desember 2019 Naik Sebesar 0,13 Persen • Upah nominal buruh/pekerja adalah rata-rata upah harian yang diterima buruh sebagai balas jasa pekerjaan yang telah dilakukan. • Upah riil buruh/pekerja menggambarkan daya beli dari pendapatan/upah yang diterima buru...",147
1653,2020-01-02,2020,1.5,Statistik Demografi dan Sosial,Pendapatan dan Konsumsi,Konsumsi dan Pendapatan,Pola Distribusi Perdagangan Komoditas Strategis,Pola Distribusi Perdagangan Komoditas Strategis Pola utama distribusi perdagangan di Indonesia: Beras: Produsen → Pedagang Grosir → Pedagang Eceran → Konsumen Akhir. Cabai merah: Petani → Pedagang Pengepul → Pedagang Eceran → Konsumen Akhir. Telur ayam ras: Produsen → Pedagang Eceran → Konsumen A...,242
1652,2020-01-02,2020,2.7,Statistik Ekonomi,Harga,Harga-Harga,"Nilai Tukar Petani (NTP) Desember 2019 sebesar 104,46 atau naik 0,35 persen","Nilai Tukar Petani (NTP) Desember 2019 sebesar 104,46 atau naik 0,35 persen Nilai Tukar Petani (NTP) adalah perbandingan indeks harga yang diterima petani (It) terhadap indeks harga yang dibayar petani (Ib). NTP merupakan salah satu indikator untuk melihat tingkat kemampuan/daya beli petani di pe...",522
1651,2020-01-02,2020,2.4.5,Statistik Ekonomi,Statistik Sektoral,Pariwisata,"Jumlah kunjungan wisman ke Indonesia November 2019 mencapai 1,29 juta kunjungan","Jumlah kunjungan wisman ke Indonesia November 2019 mencapai 1,29 juta kunjungan Jumlah kunjungan wisatawan mancanegara atau wisman ke Indonesia November 2019 mengalami kenaikan 11,55 persen dibanding jumlah kunjungan pada November 2018. Sementara itu, jika dibandingkan dengan Oktober 2019, jumlah...",159
1650,2020-01-02,2020,2.7,Statistik Ekonomi,Harga,Harga-Harga,"Desember 2019 Indeks Harga Perdagangan Besar (IHPB) Umum Nonmigas naik 0,19 persen","Desember 2019 Indeks Harga Perdagangan Besar (IHPB) Umum Nonmigas naik 0,19 persen • Pada Desember 2019, Indeks Harga Perdagangan Besar (IHPB) Umum Nonmigas atau indeks harga grosir/agen naik sebesar 0,19 persen terhadap bulan sebelumnya. Kenaikan IHPB tertinggi terjadi pada Sektor Industri sebes...",162
1649,2020-01-02,2020,2.7,Statistik Ekonomi,Harga,Harga-Harga,"Desember 2019 inflasi sebesar 0,34 persen. Inflasi tertinggi terjadi di Batam sebesar 1,28 persen.","Desember 2019 inflasi sebesar 0,34 persen. Inflasi tertinggi terjadi di Batam sebesar 1,28 persen. Pada Desember 2019 terjadi inﬂasi sebesar 0,34 persen dengan Indeks Harga Konsumen (IHK) sebesar 139,07. Dari 82 kota IHK, 72 kota mengalami inﬂasi dan 10 kota mengalami deﬂasi. Inﬂasi tertinggi ter...",232
1841,2021-12-15,2021,2.8,Statistik Ekonomi,Biaya Tenaga Kerja,Biaya Tenaga Kerja,"Upah Nominal Harian Buruh Tani Nasional November 2021 Naik Sebesar 0,13 Persen","Upah Nominal Harian Buruh Tani Nasional November 2021 Naik Sebesar 0,13 Persen • Upah nominal buruh/pekerja adalah rata-rata upah harian yang diterima buruh sebagai balas jasa pekerjaan yang telah dilakukan. • Upah riil buruh/pekerja menggambarkan daya beli dari pendapatan/upah yang diterima buru...",148
1829,2021-12-15,2021,2.6,Statistik Ekonomi,Perdagangan Internasional,Perdagangan Internasional dan Neraca Pembayaran,"Ekspor November 2021 mencapai US$22,84 miliar dan Impor November 2021 senilai US$19,33 miliar","Ekspor November 2021 mencapai US$22,84 miliar dan Impor November 2021 senilai US$19,33 miliar A. PERKEMBANGAN EKSPOR Nilai ekspor Indonesia November 2021 mencapai US$22,84 miliar atau naik 3,69 persen dibanding ekspor Oktober 2021. Dibanding November 2020 nilai ekspor naik sebesar 49,70 persen. E...",434
1806,2021-12-01,2021,2.4.5,Statistik Ekonomi,Statistik Sektoral,Pariwisata,"Jumlah kunjungan wisman ke Indonesia di bulan Oktober 2021 mencapai 151,03 ribu kunjungan. Sementara TPK hotel klasifikasi bintang mencapai 45,62 persen dan Jumlah penumpang angkutan udara domestik di bulan Oktober 2021 naik 48,45 persen","Jumlah kunjungan wisman ke Indonesia di bulan Oktober 2021 mencapai 151,03 ribu kunjungan. Sementara TPK hotel klasifikasi bintang mencapai 45,62 persen dan Jumlah penumpang angkutan udara domestik di bulan Oktober 2021 naik 48,45 persen Jumlah kunjungan wisman ke Indonesia di bulan Oktober 2021 ...",423
1794,2021-12-01,2021,2.7,Statistik Ekonomi,Harga,Harga-Harga,"Nilai Tukar Petani (NTP) November 2021 sebesar 107,18 atau naik 0,49 persen","Nilai Tukar Petani (NTP) November 2021 sebesar 107,18 atau naik 0,49 persen Nilai Tukar Petani (NTP) adalah perbandingan indeks harga yang diterima petani (It) terhadap indeks harga yang dibayar petani (Ib). NTP merupakan salah satu indikator untuk melihat tingkat kemampuan/daya beli petani di pe...",498
1782,2021-12-01,2021,2.7,Statistik Ekonomi,Harga,Harga-Harga,"November 2021, Indeks Harga Perdagangan Besar (IHPB) Umum Nasional naik 0,32 persen","November 2021, Indeks Harga Perdagangan Besar (IHPB) Umum Nasional naik 0,32 persen Pada November 2021, Indeks Harga Perdagangan Besar (IHPB) Umum Nasional naik sebesar 0,32 persen terhadap IHPB Oktober 2021. Kenaikan IHPB tertinggi terjadi pada Sektor Pertambangan dan Penggalian sebesar 1,09 per...",119
1770,2021-12-01,2021,2.7,Statistik Ekonomi,Harga,Harga-Harga,"Inflasi terjadi pada November 2021 sebesar 0,37 persen. Inflasi tertinggi terjadi di Sintang sebesar 2,01 persen.","Inflasi terjadi pada November 2021 sebesar 0,37 persen. Inflasi tertinggi terjadi di Sintang sebesar 2,01 persen. Pada November 2021 terjadi inflasi sebesar 0,37 persen dengan Indeks Harga Konsumen (IHK) sebesar 107,05. Dari 90 kota IHK, 84 kota mengalami inflasi dan 6 kota mengalami deflasi. Inf...",263
1846,2021-11-15,2021,3.3.1,Statistik Lingkungan Hidup dan Multi-domain,Statistik Multi-domain,"Kondisi Tempat Tinggal, Kemiskinan, dan Permasalahan Sosial Lintas Sektor","Indeks Pembangunan Manusia (IPM) Indonesia tahun 2021 mencapai 72,29, meningkat 0,35 poin (0,49 persen) dibandingkan capaian tahun sebelumnya (71,94)","Indeks Pembangunan Manusia (IPM) Indonesia tahun 2021 mencapai 72,29, meningkat 0,35 poin (0,49 persen) dibandingkan capaian tahun sebelumnya (71,94) Selama 2010–2021, IPM Indonesia rata-rata meningkat sebesar 0,76 persen Peningkatan IPM 2021 terjadi pada semua dimensi, baik umur panjang dan hidu...",192
1840,2021-11-15,2021,2.8,Statistik Ekonomi,Biaya Tenaga Kerja,Biaya Tenaga Kerja,"Upah Nominal Harian Buruh Tani Nasional Oktober 2021 Naik Sebesar 0,08 Persen","Upah Nominal Harian Buruh Tani Nasional Oktober 2021 Naik Sebesar 0,08 Persen Upah nominal buruh/pekerja adalah rata-rata upah harian yang diterima buruh sebagai balas jasa pekerjaan yang telah dilakukan. Upah riil buruh/pekerja menggambarkan daya beli dari pendapatan/upah yang diterima buruh/pek...",142
1828,2021-11-15,2021,2.6,Statistik Ekonomi,Perdagangan Internasional,Perdagangan Internasional dan Neraca Pembayaran,"Ekspor Oktober 2021 Mencapai US$22,03 Miliar dan Impor Oktober 2021 Senilai US$16,29 Miliar.","Ekspor Oktober 2021 Mencapai US$22,03 Miliar dan Impor Oktober 2021 Senilai US$16,29 Miliar. EKSPOR : Nilai ekspor Indonesia Oktober 2021 mencapai US$22,03 miliar atau naik 6,89 persen dibanding ekspor September 2021. Dibanding Oktober 2020 nilai ekspor naik sebesar 53,35 persen. Ekspor nonmigas ...",434
1816,2021-11-05,2021,1.2,Statistik Demografi dan Sosial,Ketenagakerjaan,Tenaga Kerja,"[REVISI per 09/11/2021] Agustus 2021: Tingkat Pengangguran Terbuka (TPT) sebesar 6,49 persen","[REVISI per 09/11/2021] Agustus 2021: Tingkat Pengangguran Terbuka (TPT) sebesar 6,49 persen • Jumlah angkatan kerja pada Agustus 2021 sebanyak 140,15 juta orang, naik 1,93 juta orang dibanding Agustus 2020. Tingkat Partisipasi Angkatan Kerja (TPAK) naik sebesar 0,03 persen poin. • Penduduk yang ...",213
1814,2021-11-05,2021,2.1,Statistik Ekonomi,Statistik Makroekonomi,Neraca Ekonomi,"Ekonomi Indonesia Triwulan III 2021 Tumbuh 3,51 Persen (y-on-y)","Ekonomi Indonesia Triwulan III 2021 Tumbuh 3,51 Persen (y-on-y) Perekonomian Indonesia berdasarkan besaran Produk Domestik Bruto (PDB) atas dasar harga berlaku triwulan III-2021 mencapai Rp4.325,4 triliun atau atas dasar harga konstan 2010 mencapai Rp2.815,9 triliun. Ekonomi Indonesia triwulan II...",209
1810,2021-11-01,2021,2.7,Statistik Ekonomi,Harga,Harga-Harga,"Harga Produsen Mengalami Inflasi 1,87 Persen di Triwulan III-2021","Harga Produsen Mengalami Inflasi 1,87 Persen di Triwulan III-2021 • Indeks Harga Produsen (IHP) gabungan tiga sektor (Sektor Pertanian, Pertambangan dan Penggalian, dan Industri Pengolahan) pada triwulan III2021 naik 1,87 persen terhadap triwulan II-2021 (q-to-q) dan naik 7,26 persen terhadap tri...",249
1805,2021-11-01,2021,2.4.5,Statistik Ekonomi,Statistik Sektoral,Pariwisata,"Jumlah kunjungan wisman ke Indonesia pada September 2021 mencapai 126,51 ribu kunjungan. Sementara TPK hotel klasifikasi bintang mencapai 36,64 persen.","Jumlah kunjungan wisman ke Indonesia pada September 2021 mencapai 126,51 ribu kunjungan. Sementara TPK hotel klasifikasi bintang mencapai 36,64 persen. Jumlah kunjungan wisman ke Indonesia pada September 2021 mencapai 126,51 ribu kunjungan. Sementara TPK hotel klasifikasi bintang mencapai 36,64 p...",400
1793,2021-11-01,2021,2.7,Statistik Ekonomi,Harga,Harga-Harga,"Nilai Tukar Petani (NTP) Oktober 2021 sebesar 106,67 atau naik 0,93 persen","Nilai Tukar Petani (NTP) Oktober 2021 sebesar 106,67 atau naik 0,93 persen Nilai Tukar Petani (NTP) adalah perbandingan indeks harga yang diterima petani (It) terhadap indeks harga yang dibayar petani (Ib). NTP merupakan salah satu indikator untuk melihat tingkat kemampuan/daya beli petani di per...",469
1781,2021-11-01,2021,2.7,Statistik Ekonomi,Harga,Harga-Harga,"Pada Oktober 2021, Indeks Harga Perdagangan Besar (IHPB) Umum Nasional naik 0,18 persen","Pada Oktober 2021, Indeks Harga Perdagangan Besar (IHPB) Umum Nasional naik 0,18 persen Pada Oktober 2021, Indeks Harga Perdagangan Besar (IHPB) Umum Nasional naik sebesar 0,18 persen terhadap September 2021. Kenaikan IHPB tertinggi terjadi pada Sektor Pertambangan dan Penggalian sebesar 0,67 per...",120
1769,2021-11-01,2021,2.7,Statistik Ekonomi,Harga,Harga-Harga,"Inflasi terjadi pada Oktober 2021 sebesar 0,12 persen. Inflasi tertinggi terjadi di Sampit sebesar 2,06 persen.","Inflasi terjadi pada Oktober 2021 sebesar 0,12 persen. Inflasi tertinggi terjadi di Sampit sebesar 2,06 persen. Pada Oktober 2021 terjadi inflasi sebesar 0,12 persen dengan Indeks Harga Konsumen (IHK) sebesar 106,66. Dari 90 kota IHK, 68 kota mengalami inflasi dan 22 kota mengalami deflasi. Infla...",263
1850,2021-10-15,2021,2.4.1,Statistik Ekonomi,Statistik Sektoral,"Pertanian, Kehutanan, Perikanan","Produksi Padi Tahun 2021 Naik 1,14 persen (Angka Sementara)","Produksi Padi Tahun 2021 Naik 1,14 persen (Angka Sementara) Luas panen padi pada 2021 diperkirakan sebesar 10,52 juta hektar, mengalami penurunan sebanyak 141,95 ribu hektar atau 1,33 persen dibandingkan luas panen padi di 2020 yang sebesar 10,66 juta hektar. Produksi padi pada 2021 diperkirakan ...",101
1839,2021-10-15,2021,2.8,Statistik Ekonomi,Biaya Tenaga Kerja,Biaya Tenaga Kerja,"Upah Nominal Harian Buruh Tani Nasional September 2021 Naik Sebesar 0,11 Persen","Upah Nominal Harian Buruh Tani Nasional September 2021 Naik Sebesar 0,11 Persen • Upah nominal buruh/pekerja adalah rata-rata upah harian yang diterima buruh sebagai balas jasa pekerjaan yang telah dilakukan. • Upah riil buruh/pekerja menggambarkan daya beli dari pendapatan/upah yang diterima bur...",147
1827,2021-10-15,2021,2.6,Statistik Ekonomi,Perdagangan Internasional,Perdagangan Internasional dan Neraca Pembayaran,"Ekspor September 2021 Mencapai US$20,60 Miliar dan Impor September 2021 Senilai US$16,23 Miliar.","Ekspor September 2021 Mencapai US$20,60 Miliar dan Impor September 2021 Senilai US$16,23 Miliar. EKSPOR Nilai ekspor Indonesia September 2021 mencapai US$20,60 miliar atau turun 3,84 persen dibanding ekspor Agustus 2021. Dibanding September 2020 nilai ekspor naik sebesar 47,64 persen. Ekspor nonm...",432
1817,2021-10-15,2021,1.5,Statistik Demografi dan Sosial,Pendapatan dan Konsumsi,Konsumsi dan Pendapatan,Pola Distribusi Perdagangan Komoditas Strategis Tahun 2020,Pola Distribusi Perdagangan Komoditas Strategis Tahun 2020 • Pola utama distribusi perdagangan komoditas strategis nasional tahun 2020 adalah: Beras : Produsen → Distributor → Pedagang Eceran → Konsumen Akhir. Telur Ayam Ras : Produsen → Pedagang Grosir → Pedagang Eceran → Konsumen Akhir. Minyak ...,161
1804,2021-10-01,2021,2.4.5,Statistik Ekonomi,Statistik Sektoral,Pariwisata,Perkembangan Pariwisata dan Transportasi Nasional Bulan Agustus 2021,"Perkembangan Pariwisata dan Transportasi Nasional Bulan Agustus 2021 A. Perkembangan Pariwisata Jumlah kunjungan wisatawan mancanegara ke Indonesia pada bulan Agustus 2021 turun sebesar 21,19 persen dibandingkan dengan jumlah kunjungan bulan Agustus 2020. Begitu pula jika dibandingkan dengan bula...",370
1792,2021-10-01,2021,2.7,Statistik Ekonomi,Harga,Harga-Harga,"Nilai Tukar Petani (NTP) September 2021 sebesar 105,68 atau naik 0,96 persen","Nilai Tukar Petani (NTP) September 2021 sebesar 105,68 atau naik 0,96 persen Nilai Tukar Petani (NTP) adalah perbandingan indeks harga yang diterima petani (It) terhadap indeks harga yang dibayar petani (Ib). NTP merupakan salah satu indikator untuk melihat tingkat kemampuan/daya beli petani di p...",480
1780,2021-10-01,2021,2.7,Statistik Ekonomi,Harga,Harga-Harga,"Pada September 2021, Indeks Harga Perdagangan Besar (IHPB) Umum Nasional turun 0,01 persen","Pada September 2021, Indeks Harga Perdagangan Besar (IHPB) Umum Nasional turun 0,01 persen Pada September 2021, Indeks Harga Perdagangan Besar (IHPB) Umum Nasional turun sebesar 0,01 persen terhadap Agustus 2021. Penurunan IHPB terjadi pada Sektor Pertanian sebesar 0,93 persen. Beberapa komoditas...",112
1768,2021-10-01,2021,2.7,Statistik Ekonomi,Harga,Harga-Harga,"Deflasi terjadi pada September 2021 sebesar 0,04 persen. Deflasi tertinggi terjadi di Gorontalo sebesar 0,90 persen.","Deflasi terjadi pada September 2021 sebesar 0,04 persen. Deflasi tertinggi terjadi di Gorontalo sebesar 0,90 persen. Pada September 2021 terjadi deflasi sebesar 0,04 persen dengan Indeks Harga Konsumen (IHK) sebesar 106,53. Dari 90 kota IHK, 56 kota mengalami deflasi dan 34 kota mengalami inflasi...",267
1838,2021-09-15,2021,2.8,Statistik Ekonomi,Biaya Tenaga Kerja,Biaya Tenaga Kerja,"Upah Nominal Harian Buruh Tani Nasional Agustus 2021 Naik Sebesar 0,13 Persen","Upah Nominal Harian Buruh Tani Nasional Agustus 2021 Naik Sebesar 0,13 Persen • Upah nominal buruh/pekerja adalah rata-rata upah harian yang diterima buruh sebagai balas jasa pekerjaan yang telah dilakukan. • Upah riil buruh/pekerja menggambarkan daya beli dari pendapatan/upah yang diterima buruh...",147
1826,2021-09-15,2021,2.6,Statistik Ekonomi,Perdagangan Internasional,Perdagangan Internasional dan Neraca Pembayaran,"Ekspor Agustus 2021 Mencapai US$21,42 Miliar dan Impor Agustus 2021 Senilai US$16,68 Miliar","Ekspor Agustus 2021 Mencapai US$21,42 Miliar dan Impor Agustus 2021 Senilai US$16,68 Miliar EKSPOR Nilai ekspor Indonesia Agustus 2021 mencapai US$21,42 miliar atau naik 20,95 persen dibanding ekspor Juli 2021. Dibanding Agustus 2020 nilai ekspor naik 64,10 persen. Ekspor nonmigas Agustus 2021 me...",435
1803,2021-09-01,2021,2.4.5,Statistik Ekonomi,Statistik Sektoral,Pariwisata,"Jumlah kunjungan wisman ke Indonesia pada bulan Juli 2021 mencapai 138,97 ribu kunjungan","Jumlah kunjungan wisman ke Indonesia pada bulan Juli 2021 mencapai 138,97 ribu kunjungan Jumlah kunjungan wisatawan mancanegara ke Indonesia pada bulan Juli 2021 turun sebesar 10,77 persen dibandingkan dengan jumlah kunjungan bulan Juli tahun sebelumnya. Sebaliknya, jika dibandingkan dengan bulan...",385
1791,2021-09-01,2021,2.7,Statistik Ekonomi,Harga,Harga-Harga,"Nilai Tukar Petani (NTP) Agustus 2021 sebesar 104,68 atau naik 1,16 persen","Nilai Tukar Petani (NTP) Agustus 2021 sebesar 104,68 atau naik 1,16 persen Nilai Tukar Petani (NTP) adalah perbandingan indeks harga yang diterima petani (It) terhadap indeks harga yang dibayar petani (Ib). NTP merupakan salah satu indikator untuk melihat tingkat kemampuan/daya beli petani di per...",501
1779,2021-09-01,2021,2.7,Statistik Ekonomi,Harga,Harga-Harga,"Pada Agustus 2021, Indeks Harga Perdagangan Besar (IHPB) Umum Nasional naik 0,09 persen","Pada Agustus 2021, Indeks Harga Perdagangan Besar (IHPB) Umum Nasional naik 0,09 persen • Pada Agustus 2021, Indeks Harga Perdagangan Besar (IHPB) Umum Nasional naik sebesar 0,09 persen terhadap Juli 2021. Kenaikan IHPB tertinggi terjadi pada Sektor Pertambangan dan Penggalian sebesar 1,11 persen...",125
1767,2021-09-01,2021,2.7,Statistik Ekonomi,Harga,Harga-Harga,"Inflasi terjadi pada Agustus 2021 sebesar 0,03 persen. Inflasi tertinggi terjadi di Kendari sebesar 0,62 persen.","Inflasi terjadi pada Agustus 2021 sebesar 0,03 persen. Inflasi tertinggi terjadi di Kendari sebesar 0,62 persen. Pada Agustus 2021 terjadi inflasi sebesar 0,03 persen dengan Indeks Harga Konsumen (IHK) sebesar 106,57. Dari 90 kota IHK, 34 kota mengalami inflasi dan 56 kota mengalami deflasi. Infl...",275
1848,2021-08-18,2021,2.9,Statistik Ekonomi,IPTEK dan Inovasi,"Ilmu Pengetahuan, Teknologi, dan Inovasi","Indeks Pembangunan Teknologi Informasi dan Komunikasi (IP-TIK) Indonesia 2020 Sebesar 5,59 pada Skala 0 –10","Indeks Pembangunan Teknologi Informasi dan Komunikasi (IP-TIK) Indonesia 2020 Sebesar 5,59 pada Skala 0 –10 Indeks Pembangunan Teknologi Informasi dan Komunikasi (IP-TIK) merupakan suatu ukuran standar yang dapat menggambarkan tingkat pembangunan teknologi informasi dan komunikasi suatu wilayah, ...",193
1837,2021-08-18,2021,2.8,Statistik Ekonomi,Biaya Tenaga Kerja,Biaya Tenaga Kerja,"Upah Nominal Harian Buruh Tani Nasional Juli 2021 Naik Sebesar 0,06 Persen","Upah Nominal Harian Buruh Tani Nasional Juli 2021 Naik Sebesar 0,06 Persen • Upah nominal buruh/pekerja adalah rata-rata upah harian yang diterima buruh sebagai balas jasa pekerjaan yang telah dilakukan. • Upah riil buruh/pekerja menggambarkan daya beli dari pendapatan/upah yang diterima buruh/pe...",147
1825,2021-08-18,2021,2.6,Statistik Ekonomi,Perdagangan Internasional,Perdagangan Internasional dan Neraca Pembayaran,"Ekspor Juli 2021 Mencapai US$17,7 Miliar dan Impor Juni 2021 senilai US$15,11 Miliar","Ekspor Juli 2021 Mencapai US$17,7 Miliar dan Impor Juni 2021 senilai US$15,11 Miliar EKSPOR Nilai ekspor Indonesia Juli 2021 mencapai US$17,70 miliar atau turun 4,53 persen dibanding ekspor Juni 2021. Dibanding Juli 2020, nilai ekspor naik 29,32 persen. Ekspor nonmigas Juli 2021 mencapai US$16,71...",435
1813,2021-08-05,2021,2.1,Statistik Ekonomi,Statistik Makroekonomi,Neraca Ekonomi,"Ekonomi Indonesia Triwulan II 2021 Tumbuh 7,07 Persen (y-on-y)","Ekonomi Indonesia Triwulan II 2021 Tumbuh 7,07 Persen (y-on-y) Perekonomian Indonesia berdasarkan besaran Produk Domestik Bruto (PDB) atas dasar harga berlaku triwulan II-2021 mencapai Rp4.175,8 triliun dan atas dasar harga konstan 2010 mencapai Rp2.772,8 triliun. Ekonomi Indonesia triwulan II-20...",196
1809,2021-08-02,2021,2.7,Statistik Ekonomi,Harga,Harga-Harga,"Indeks Harga Produsen (IHP) gabungan tiga sektor (Sektor Pertanian, Pertambangan dan Penggalian, dan Industri Pengolahan) pada triwulan II-2021 naik 1,57 persen terhadap triwulan I-2021 (q-to-q) dan naik 6,18 persen terhadap triwulan II-2020 (y-on-y)","Indeks Harga Produsen (IHP) gabungan tiga sektor (Sektor Pertanian, Pertambangan dan Penggalian, dan Industri Pengolahan) pada triwulan II-2021 naik 1,57 persen terhadap triwulan I-2021 (q-to-q) dan naik 6,18 persen terhadap triwulan II-2020 (y-on-y) Indeks Harga Produsen (IHP) gabungan tiga sekt...",247
1802,2021-08-02,2021,2.4.5,Statistik Ekonomi,Statistik Sektoral,Pariwisata,"Jumlah kunjungan wisman ke Indonesia bulan Juni 2021 mencapai 140,85 ribu kunjungan","Jumlah kunjungan wisman ke Indonesia bulan Juni 2021 mencapai 140,85 ribu kunjungan Jumlah kunjungan wisatawan mancanegara ke Indonesia pada bulan Juni 2021 menurun sebesar 10,04 persen dibandingkan dengan jumlah kunjungan pada bulan Juni 2020. Jika dibandingkan dengan keadaan pada bulan Mei 2021...",175
1790,2021-08-02,2021,2.7,Statistik Ekonomi,Harga,Harga-Harga,"Nilai Tukar Petani (NTP) Juli 2021 sebesar 103,48 atau turun 0,11 persen","Nilai Tukar Petani (NTP) Juli 2021 sebesar 103,48 atau turun 0,11 persen Nilai Tukar Petani (NTP) adalah perbandingan indeks harga yang diterima petani (It) terhadap indeks harga yang dibayar petani (Ib). NTP merupakan salah satu indikator untuk melihat tingkat kemampuan/daya beli petani di perde...",202
1778,2021-08-02,2021,2.7,Statistik Ekonomi,Harga,Harga-Harga,"Pada Juli 2021, Indeks Harga Perdagangan Besar (IHPB) Umum Nasional naik 0,09 persen","Pada Juli 2021, Indeks Harga Perdagangan Besar (IHPB) Umum Nasional naik 0,09 persen • Pada Juli 2021, Indeks Harga Perdagangan Besar (IHPB) Umum Nasional naik sebesar 0,09 persen terhadap Juni 2021. Kenaikan IHPB tertinggi terjadi pada Sektor Pertambangan dan Penggalian sebesar 0,73 persen. • Be...",125
1766,2021-08-02,2021,2.7,Statistik Ekonomi,Harga,Harga-Harga,"Inflasi terjadi pada Juli 2021 sebesar 0,08 persen. Inflasi tertinggi terjadi di Sorong sebesar 1,51 persen.","Inflasi terjadi pada Juli 2021 sebesar 0,08 persen. Inflasi tertinggi terjadi di Sorong sebesar 1,51 persen. Pada Juli 2021 terjadi inflasi sebesar 0,08 persen dengan Indeks Harga Konsumen (IHK) sebesar 106,54. Dari 90 kota IHK, 61 kota mengalami inflasi dan 29 kota mengalami deflasi. Inflasi ter...",274
1845,2021-07-15,2021,3.3.1,Statistik Lingkungan Hidup dan Multi-domain,Statistik Multi-domain,"Kondisi Tempat Tinggal, Kemiskinan, dan Permasalahan Sosial Lintas Sektor","Gini Ratio Maret 2021 tercatat sebesar 0,384.","Gini Ratio Maret 2021 tercatat sebesar 0,384. Pada Maret 2021, tingkat ketimpangan pengeluaran penduduk Indonesia yang diukur oleh Gini Ratio adalah sebesar 0,384. Angka ini menurun 0,001 poin jika dibandingkan dengan Gini Ratio September 2020 yang sebesar 0,385 dan meningkat 0,003 poin dibanding...",168
1843,2021-07-15,2021,3.3.1,Statistik Lingkungan Hidup dan Multi-domain,Statistik Multi-domain,"Kondisi Tempat Tinggal, Kemiskinan, dan Permasalahan Sosial Lintas Sektor","Persentase Penduduk Miskin Maret 2021 turun menjadi 10,14 persen","Persentase Penduduk Miskin Maret 2021 turun menjadi 10,14 persen • Persentase penduduk miskin pada Maret 2021 sebesar 10,14 persen, menurun 0,05 persen poin terhadap September 2020 dan meningkat 0,36 persen poin terhadap Maret 2020. • Jumlah penduduk miskin pada Maret 2021 sebesar 27,54 juta oran...",215
1836,2021-07-15,2021,2.8,Statistik Ekonomi,Biaya Tenaga Kerja,Biaya Tenaga Kerja,"Upah Nominal Harian Buruh Tani Nasional Juni 2021 Naik Sebesar 0,15 Persen","Upah Nominal Harian Buruh Tani Nasional Juni 2021 Naik Sebesar 0,15 Persen • Upah nominal buruh/pekerja adalah rata-rata upah harian yang diterima buruh sebagai balas jasa pekerjaan yang telah dilakukan. • Upah riil buruh/pekerja menggambarkan daya beli dari pendapatan/upah yang diterima buruh/pe...",147
1824,2021-07-15,2021,2.6,Statistik Ekonomi,Perdagangan Internasional,Perdagangan Internasional dan Neraca Pembayaran,"Ekspor Juni 2021 Mencapai US$18,55 Miliar dan Impor Juni 2021 senilai US$17,23 Miliar","Ekspor Juni 2021 Mencapai US$18,55 Miliar dan Impor Juni 2021 senilai US$17,23 Miliar EKSPOR Nilai ekspor Indonesia Juni 2021 mencapai US$18,55 miliar atau naik 9,52 persen dibanding ekspor Mei 2021. Dibanding Juni 2020 nilai ekspor naik cukup signifikan sebesar 54,46 persen. Ekspor nonmigas Juni...",438
1801,2021-07-01,2021,2.4.5,Statistik Ekonomi,Statistik Sektoral,Pariwisata,"Jumlah kunjungan wisman ke Indonesia Mei 2021 mencapai 155,61 ribu kunjungan","Jumlah kunjungan wisman ke Indonesia Mei 2021 mencapai 155,61 ribu kunjungan • Jumlah kunjungan wisatawan mancanegara ke Indonesia Mei 2021 menurun sebesar 3,85 persen dibandingkan dengan jumlah kunjungan Mei 2020. Namun, jika dibandingkan dengan bulan sebelumnya, April 2021, jumlah kunjungan wis...",163
1789,2021-07-01,2021,2.7,Statistik Ekonomi,Harga,Harga-Harga,"Nilai Tukar Petani (NTP) Juni 2021 sebesar 103,59 atau naik 0,19 persen","Nilai Tukar Petani (NTP) Juni 2021 sebesar 103,59 atau naik 0,19 persen Nilai Tukar Petani (NTP) adalah perbandingan indeks harga yang diterima petani (It) terhadap indeks harga yang dibayar petani (Ib). NTP merupakan salah satu indikator untuk melihat tingkat kemampuan/daya beli petani di perdes...",507
1777,2021-07-01,2021,2.7,Statistik Ekonomi,Harga,Harga-Harga,"Pada Juni 2021, Indeks Harga Perdagangan Besar (IHPB) Umum Nasional turun 0,04 persen","Pada Juni 2021, Indeks Harga Perdagangan Besar (IHPB) Umum Nasional turun 0,04 persen Pada Juni 2021, Indeks Harga Perdagangan Besar (IHPB) Umum Nasional turun sebesar 0,04 persen terhadap Mei 2021. Penurunan IHPB terjadi pada Sektor Pertanian sebesar 1,15 persen. Beberapa komoditas yang mengalam...",119
1765,2021-07-01,2021,2.7,Statistik Ekonomi,Harga,Harga-Harga,"Deflasi terjadi pada Juni 2021 sebesar 0,16 persen. Deflasi tertinggi terjadi di Kupang sebesar 0,89 persen.","Deflasi terjadi pada Juni 2021 sebesar 0,16 persen. Deflasi tertinggi terjadi di Kupang sebesar 0,89 persen. Pada Juni 2021 terjadi deflasi sebesar 0,16 persen dengan Indeks Harga Konsumen (IHK) sebesar 106,46. Dari 90 kota IHK, 56 kota mengalami deflasi dan 34 kota mengalami inflasi. Deflasi ter...",273
1847,2021-06-15,2021,1.10,Statistik Demografi dan Sosial,Aktivitas Politik dan Komunitas,Aktivitas Politik dan Komunitas Lainnya,Indeks Perilaku Anti Korupsi (IPAK) Indonesia 2021 Meningkat Dibandingkan IPAK 2020,"Indeks Perilaku Anti Korupsi (IPAK) Indonesia 2021 Meningkat Dibandingkan IPAK 2020 • Indeks Perilaku Anti Korupsi (IPAK) Indonesia 2021 sebesar 3,88 pada skala 0 sampai 5. Angka ini lebih tinggi dibandingkan capaian 2020 sebesar 3,84. • Nilai indeks semakin mendekati 5 menunjukkan bahwa masyarak...",182
1835,2021-06-15,2021,2.8,Statistik Ekonomi,Biaya Tenaga Kerja,Biaya Tenaga Kerja,"Upah Nominal Harian Buruh Tani Nasional Mei 2021 Naik Sebesar 0,14 Persen","Upah Nominal Harian Buruh Tani Nasional Mei 2021 Naik Sebesar 0,14 Persen • Upah nominal buruh/pekerja adalah rata-rata upah harian yang diterima buruh sebagai balas jasa pekerjaan yang telah dilakukan. • Upah riil buruh/pekerja menggambarkan daya beli dari pendapatan/upah yang diterima buruh/pek...",147
1823,2021-06-15,2021,2.6,Statistik Ekonomi,Perdagangan Internasional,Perdagangan Internasional dan Neraca Pembayaran,"Ekspor Mei 2021 Mencapai US$16,6 Miliar dan Impor Mei 2021 senilai US$14,23 Miliar","Ekspor Mei 2021 Mencapai US$16,6 Miliar dan Impor Mei 2021 senilai US$14,23 Miliar EKSPOR Nilai ekspor Indonesia Mei 2021 mencapai US$16,60 miliar atau turun 10,25 persen dibanding ekspor April 2021. Dibanding Mei 2020 nilai ekspor naik cukup signifikan sebesar 58,76 persen. Ekspor nonmigas Mei 2...",437
1800,2021-06-02,2021,2.4.5,Statistik Ekonomi,Statistik Sektoral,Pariwisata,"Jumlah kunjungan wisman ke Indonesia April 2021 mencapai 127,51 ribu kunjungan.","Jumlah kunjungan wisman ke Indonesia April 2021 mencapai 127,51 ribu kunjungan. Jumlah kunjungan wisatawan mancanegara ke Indonesia pada April 2021 menurun sebesar 19,33 persen dibandingkan dengan jumlah kunjungan April 2020. Jika dibandingkan dengan bulan sebelumnya, Maret 2021, jumlah kunjungan...",160
1788,2021-06-02,2021,2.7,Statistik Ekonomi,Harga,Harga-Harga,"Nilai Tukar Petani (NTP) Mei 2021 sebesar 103,39 atau naik 0,44 persen","Nilai Tukar Petani (NTP) Mei 2021 sebesar 103,39 atau naik 0,44 persen Nilai Tukar Petani (NTP) adalah perbandingan indeks harga yang diterima petani (It) terhadap indeks harga yang dibayar petani (Ib). NTP merupakan salah satu indikator untuk melihat tingkat kemampuan/daya beli petani di perdesa...",497
1776,2021-06-02,2021,2.7,Statistik Ekonomi,Harga,Harga-Harga,"Pada Mei 2021, Indeks Harga Perdagangan Besar (IHPB) Umum Nasional naik 0,32%","Pada Mei 2021, Indeks Harga Perdagangan Besar (IHPB) Umum Nasional naik 0,32% - Pada Mei 2021, Indeks Harga Perdagangan Besar (IHPB) Umum Nasional naik sebesar 0,32 persen terhadap April 2021. Kenaikan IHPB tertinggi terjadi pada Sektor Pertanian sebesar 0,41 persen. - Beberapa komoditas yang men...",116
1764,2021-06-02,2021,2.7,Statistik Ekonomi,Harga,Harga-Harga,"Inflasi terjadi pada Mei 2021 sebesar 0,32 persen. Inflasi tertinggi terjadi di Manokwari sebesar 1,82 persen.","Inflasi terjadi pada Mei 2021 sebesar 0,32 persen. Inflasi tertinggi terjadi di Manokwari sebesar 1,82 persen. Pada Mei 2021, terjadi inflasi sebesar 0,32 persen dengan Indeks Harga Konsumen (IHK) sebesar 106,63. Dari 90 kota IHK, 78 kota mengalami inflasi dan 12 kota mengalami deflasi. Inflasi t...",257
1834,2021-05-20,2021,2.8,Statistik Ekonomi,Biaya Tenaga Kerja,Biaya Tenaga Kerja,"Upah Nominal Harian Buruh Tani Nasional April 2021 Naik Sebesar 0,28 Persen","Upah Nominal Harian Buruh Tani Nasional April 2021 Naik Sebesar 0,28 Persen Upah nominal buruh/pekerja adalah rata-rata upah harian yang diterima buruh sebagai balas jasa pekerjaan yang telah dilakukan. Upah riil buruh/pekerja menggambarkan daya beli dari pendapatan/upah yang diterima buruh/peker...",142
1822,2021-05-20,2021,2.6,Statistik Ekonomi,Perdagangan Internasional,Perdagangan Internasional dan Neraca Pembayaran,"Ekspor April 2021 Mencapai US$18,48 Miliar dan Impor Maret 2021 senilai US$16,29 Miliar","Ekspor April 2021 Mencapai US$18,48 Miliar dan Impor Maret 2021 senilai US$16,29 Miliar EKSPOR Nilai ekspor Indonesia April 2021 mencapai US$18,48 miliar atau naik tipis 0,69 persen dibanding ekspor Maret 2021. Dibanding April 2020 nilai ekspor naik cukup signifikan sebesar 51,94 persen. Ekspor n...",438
1815,2021-05-05,2021,1.2,Statistik Demografi dan Sosial,Ketenagakerjaan,Tenaga Kerja,"Februari 2021: Tingkat Pengangguran Terbuka (TPT) sebesar 6,26 persen","Februari 2021: Tingkat Pengangguran Terbuka (TPT) sebesar 6,26 persen Jumlah angkatan kerja pada Februari 2021 sebanyak 139,81 juta orang, naik 1,59 juta orang dibanding Agustus 2020. Sejalan dengan kenaikan jumlah angkatan kerja, Tingkat Partisipasi Angkatan Kerja (TPAK) juga naik sebesar 0,31 p...",212
1812,2021-05-05,2021,2.1,Statistik Ekonomi,Statistik Makroekonomi,Neraca Ekonomi,"Ekonomi Indonesia Triwulan I-2021 turun 0,74 persen (y-on-y)","Ekonomi Indonesia Triwulan I-2021 turun 0,74 persen (y-on-y) Perekonomian Indonesia berdasarkan besaran Produk Domestik Bruto (PDB) atas dasar harga berlaku triwulan I-2021 mencapai Rp3 969,1 triliun dan atas dasar harga konstan 2010 mencapai Rp2 683,1 triliun. Ekonomi Indonesia triwulan I-2021 t...",180
1808,2021-05-03,2021,2.7,Statistik Ekonomi,Harga,Harga-Harga,"Harga Produsen Mengalami Inflasi 2,33 Persen di Triwulan I-2021","Harga Produsen Mengalami Inflasi 2,33 Persen di Triwulan I-2021 • Indeks Harga Produsen (IHP) gabungan tiga sektor (Sektor Pertanian, Pertambangan dan Penggalian, dan Industri Pengolahan) pada triwulan I-2021 naik 2,33 persen terhadap triwulan IV-2020 (q-to-q) dan naik 3,05 persen terhadap triwul...",249
1799,2021-05-03,2021,2.4.5,Statistik Ekonomi,Statistik Sektoral,Pariwisata,"Jumlah kunjungan wisman ke Indonesia bulan Maret 2021 mencapai 132,60 ribu kunjungan.","Jumlah kunjungan wisman ke Indonesia bulan Maret 2021 mencapai 132,60 ribu kunjungan. Jumlah kunjungan wisatawan mancanegara ke Indonesia bulan Maret 2021 merosot tajam sebesar 72,73 persen dibandingkan dengan jumlah kunjungan Maret 2020. Namun, jika dibandingkan dengan bulan sebelumnya, Februari...",171
1787,2021-05-03,2021,2.7,Statistik Ekonomi,Harga,Harga-Harga,"Nilai Tukar Petani (NTP) April 2021 sebesar 102,93 atau turun 0,35 persen","Nilai Tukar Petani (NTP) April 2021 sebesar 102,93 atau turun 0,35 persen Nilai Tukar Petani (NTP) adalah perbandingan indeks harga yang diterima petani (It) terhadap indeks harga yang dibayar petani (Ib). NTP merupakan salah satu indikator untuk melihat tingkat kemampuan/daya beli petani di perd...",505
1775,2021-05-03,2021,2.7,Statistik Ekonomi,Harga,Harga-Harga,"Pada April 2021, Indeks Harga Perdagangan Besar (IHPB) Umum Nasional naik 0,31 persen","Pada April 2021, Indeks Harga Perdagangan Besar (IHPB) Umum Nasional naik 0,31 persen Pada April 2021, Indeks Harga Perdagangan Besar (IHPB) Umum Nasional naik sebesar 0,31 persen terhadap Maret 2021. Kenaikan IHPB tertinggi terjadi pada Sektor Pertambangan dan Penggalian sebesar 0,63 persen. Beb...",130
1763,2021-05-03,2021,2.7,Statistik Ekonomi,Harga,Harga-Harga,"Inflasi terjadi pada April 2021 sebesar 0,13 persen. Inflasi tertinggi terjadi di Kotamobagu sebesar 1,31 persen.","Inflasi terjadi pada April 2021 sebesar 0,13 persen. Inflasi tertinggi terjadi di Kotamobagu sebesar 1,31 persen. Pada April 2021 terjadi inﬂasi sebesar 0,13 persen dengan Indeks Harga Konsumen (IHK) sebesar 106,29. Dari 90 kota IHK, 72 kota mengalami inﬂasi dan 18 kota mengalami deﬂasi. Inﬂasi t...",258
1833,2021-04-15,2021,2.8,Statistik Ekonomi,Biaya Tenaga Kerja,Biaya Tenaga Kerja,"Upah Nominal Harian Buruh Tani Nasional Maret 2021 Naik Sebesar 0,17 Persen","Upah Nominal Harian Buruh Tani Nasional Maret 2021 Naik Sebesar 0,17 Persen • Upah nominal buruh/pekerja adalah rata-rata upah harian yang diterima buruh sebagai balas jasa pekerjaan yang telah dilakukan. • Upah riil buruh/pekerja menggambarkan daya beli dari pendapatan/upah yang diterima buruh/p...",146
1821,2021-04-15,2021,2.6,Statistik Ekonomi,Perdagangan Internasional,Perdagangan Internasional dan Neraca Pembayaran,"Ekspor Maret 2021 Mencapai US$18,35 Miliar dan Impor Maret 2021 senilai US$16,79 Miliar","Ekspor Maret 2021 Mencapai US$18,35 Miliar dan Impor Maret 2021 senilai US$16,79 Miliar EKSPOR Nilai ekspor Indonesia Maret 2021 mencapai US$18,35 miliar atau naik 20,31 persen dibanding ekspor Februari 2021. Demikian juga dibanding Maret 2020 naik 30,47 persen. Ekspor nonmigas Maret 2021 mencapa...",432
1798,2021-04-01,2021,2.4.5,Statistik Ekonomi,Statistik Sektoral,Pariwisata,"Jumlah kunjungan wisman ke Indonesia bulan Februari 2021 mencapai 117,00 ribu kunjungan","Jumlah kunjungan wisman ke Indonesia bulan Februari 2021 mencapai 117,00 ribu kunjungan Jumlah kunjungan wisatawan mancanegara ke Indonesia bulan Februari 2021 mengalami penurunan tajam sebesar 86,59 persen dibandingkan dengan jumlah kunjungan Februari 2020. Jika dibandingkan dengan bulan sebelum...",163
1786,2021-04-01,2021,2.7,Statistik Ekonomi,Harga,Harga-Harga,"Nilai Tukar Petani (NTP) Maret 2021 sebesar 103,29 atau naik 0,18 persen","Nilai Tukar Petani (NTP) Maret 2021 sebesar 103,29 atau naik 0,18 persen Nilai Tukar Petani (NTP) adalah perbandingan indeks harga yang diterima petani (It) terhadap indeks harga yang dibayar petani (Ib). NTP merupakan salah satu indikator untuk melihat tingkat kemampuan/daya beli petani di perde...",499
1774,2021-04-01,2021,2.7,Statistik Ekonomi,Harga,Harga-Harga,"Pada Maret 2021, Indeks Harga Perdagangan Besar (IHPB) Umum Nasional naik 0,13 persen","Pada Maret 2021, Indeks Harga Perdagangan Besar (IHPB) Umum Nasional naik 0,13 persen • Pada Maret 2021, Indeks Harga Perdagangan Besar (IHPB) Umum Nasional naik sebesar 0,13 persen terhadap Februari 2021. Kenaikan IHPB tertinggi terjadi pada Sektor Pertambangan dan Penggalian sebesar 0,43 persen...",119
1762,2021-04-01,2021,2.7,Statistik Ekonomi,Harga,Harga-Harga,"Maret 2021 inflasi sebesar 0,08 persen. Inflasi tertinggi terjadi di Jayapura sebesar 1,07 persen.","Maret 2021 inflasi sebesar 0,08 persen. Inflasi tertinggi terjadi di Jayapura sebesar 1,07 persen. Pada Maret 2021 terjadi inflasi sebesar 0,08 persen dengan Indeks Harga Konsumen (IHK) sebesar 106,15. Dari 90 kota IHK, 58 kota mengalami inflasi dan 32 kota mengalami deflasi. Inflasi tertinggi te...",272
1832,2021-03-15,2021,2.8,Statistik Ekonomi,Biaya Tenaga Kerja,Biaya Tenaga Kerja,"Upah Nominal Harian Buruh Tani Nasional Februari 2021 Naik Sebesar 0,35 Persen","Upah Nominal Harian Buruh Tani Nasional Februari 2021 Naik Sebesar 0,35 Persen • Upah nominal buruh/pekerja adalah rata-rata upah harian yang diterima buruh sebagai balas jasa pekerjaan yang telah dilakukan. • Upah riil buruh/pekerja menggambarkan daya beli dari pendapatan/upah yang diterima buru...",147
1820,2021-03-15,2021,2.6,Statistik Ekonomi,Perdagangan Internasional,Perdagangan Internasional dan Neraca Pembayaran,"Ekspor Februari 2021 Mencapai US$15,27 Miliar dan Impor Januari 2021 senilai US$13,26 Miliar","Ekspor Februari 2021 Mencapai US$15,27 Miliar dan Impor Januari 2021 senilai US$13,26 Miliar EKSPOR Nilai ekspor Indonesia Februari 2021 mencapai US$15,27 miliar atau turun 0,19 persen dibanding ekspor Januari 2021. Sementara dibanding Februari 2020, naik 8,56 persen. Ekspor nonmigas Februari 202...",426
1855,2021-03-01,2021,2.4.1,Statistik Ekonomi,Statistik Sektoral,"Pertanian, Kehutanan, Perikanan","Luas panen padi pada tahun 2020 mengalami penurunan dibandingkan tahun 2019 sebesar 0,19 persen dan produksi padi pada tahun 2020 mengalami kenaikan dibandingkan tahun 2019 sebesar 0,08 persen","Luas panen padi pada tahun 2020 mengalami penurunan dibandingkan tahun 2019 sebesar 0,19 persen dan produksi padi pada tahun 2020 mengalami kenaikan dibandingkan tahun 2019 sebesar 0,08 persen Pada 2020, luas panen padi sebesar 10,66 juta hektar dengan produksi sebesar 54,65 juta ton GKG. Jika di...",239
1797,2021-03-01,2021,2.4.5,Statistik Ekonomi,Statistik Sektoral,Pariwisata,"Jumlah kunjungan wisman ke Indonesia bulan Januari 2021 mencapai 141,26 ribu kunjungan","Jumlah kunjungan wisman ke Indonesia bulan Januari 2021 mencapai 141,26 ribu kunjungan Jumlah kunjungan wisatawan mancanegara ke Indonesia bulan Januari 2021 mengalami penurunan sebesar 89,05 persen dibandingkan dengan bulan Januari 2020, yaitu dari 1,29 juta kunjungan menjadi 141,26 ribu kunjung...",138
1785,2021-03-01,2021,2.7,Statistik Ekonomi,Harga,Harga-Harga,"Nilai Tukar Petani (NTP) Februari 2021 sebesar 103,10 atau turun 0,15 persen","Nilai Tukar Petani (NTP) Februari 2021 sebesar 103,10 atau turun 0,15 persen Nilai Tukar Petani (NTP) adalah perbandingan indeks harga yang diterima petani (It) terhadap indeks harga yang dibayar petani (Ib). NTP merupakan salah satu indikator untuk melihat tingkat kemampuan/daya beli petani di p...",493
1773,2021-03-01,2021,2.7,Statistik Ekonomi,Harga,Harga-Harga,"Pada Februari 2021, Indeks Harga Perdagangan Besar (IHPB) Umum Nasional naik 0,18 persen","Pada Februari 2021, Indeks Harga Perdagangan Besar (IHPB) Umum Nasional naik 0,18 persen Pada Februari 2021, Indeks Harga Perdagangan Besar (IHPB) Umum Nasional naik sebesar 0,18 persen terhadap Januari 2021. Kenaikan IHPB tertinggi terjadi pada Sektor Pertambangan dan Penggalian sebesar 1,26 per...",122
1761,2021-03-01,2021,2.7,Statistik Ekonomi,Harga,Harga-Harga,"Inflasi terjadi pada Februari 2021 sebesar 0,10 persen. Inflasi tertinggi terjadi di Mamuju sebesar 1,12 persen.","Inflasi terjadi pada Februari 2021 sebesar 0,10 persen. Inflasi tertinggi terjadi di Mamuju sebesar 1,12 persen. Pada Februari 2021 terjadi inflasi sebesar 0,10 persen dengan Indeks Harga Konsumen (IHK) sebesar 106,06. Dari 90 kota IHK, 56 kota mengalami inflasi dan 34 kota mengalami deflasi. Inf...",280
1852,2021-02-15,2021,3.3.1,Statistik Lingkungan Hidup dan Multi-domain,Statistik Multi-domain,"Kondisi Tempat Tinggal, Kemiskinan, dan Permasalahan Sosial Lintas Sektor","Gini Ratio September 2020 tercatat sebesar 0,385","Gini Ratio September 2020 tercatat sebesar 0,385 Pada September 2020, tingkat ketimpangan pengeluaran penduduk Indonesia yang diukur oleh Gini Ratio adalah sebesar 0,385. Angka ini meningkat 0,004 poin jika dibandingkan dengan Gini Ratio Maret 2020 yang sebesar 0,381 dan meningkat 0,005 poin diba...",166
1851,2021-02-15,2021,3.3.1,Statistik Lingkungan Hidup dan Multi-domain,Statistik Multi-domain,"Kondisi Tempat Tinggal, Kemiskinan, dan Permasalahan Sosial Lintas Sektor","Persentase Penduduk Miskin September 2020 naik menjadi 10,19 persen","Persentase Penduduk Miskin September 2020 naik menjadi 10,19 persen Persentase penduduk miskin pada September 2020 sebesar 10,19 persen, meningkat 0,41 persen poin terhadap Maret 2020 dan meningkat 0,97 persen poin terhadap September 2019. Jumlah penduduk miskin pada September 2020 sebesar 27,55 ...",208
1831,2021-02-15,2021,2.8,Statistik Ekonomi,Biaya Tenaga Kerja,Biaya Tenaga Kerja,"Upah Nominal Harian Buruh Tani Nasional Januari 2021 Naik Sebesar 0,46 Persen","Upah Nominal Harian Buruh Tani Nasional Januari 2021 Naik Sebesar 0,46 Persen • Upah nominal buruh/pekerja adalah rata-rata upah harian yang diterima buruh sebagai balas jasa pekerjaan yang telah dilakukan. • Upah riil buruh/pekerja menggambarkan daya beli dari pendapatan/upah yang diterima buruh...",147
1819,2021-02-15,2021,2.6,Statistik Ekonomi,Perdagangan Internasional,Perdagangan Internasional dan Neraca Pembayaran,"Ekspor Januari 2021 Mencapai US$15,30 Miliar dan Impor Januari 2021 senilai US$13,34 Miliar","Ekspor Januari 2021 Mencapai US$15,30 Miliar dan Impor Januari 2021 senilai US$13,34 Miliar EKSPOR Nilai ekspor Indonesia Januari 2021 mencapai US$15,30 miliar atau turun 7,48 persen dibanding ekspor Desember 2020. Sementara dibanding Januari 2020 naik 12,24 persen. Ekspor nonmigas Januari 2021 m...",397
1811,2021-02-05,2021,2.1,Statistik Ekonomi,Statistik Makroekonomi,Neraca Ekonomi,"Ekonomi Indonesia 2020 Turun sebesar 2,07 Persen (c-to-c)","Ekonomi Indonesia 2020 Turun sebesar 2,07 Persen (c-to-c) Perekonomian Indonesia 2020 yang diukur berdasarkan Produk Domestik Bruto (PDB) atas dasar harga berlaku mencapai Rp15.434,2 triliun dan PDB per kapita mencapai Rp56,9 Juta atau US$3.911,7. Ekonomi Indonesia tahun 2020 mengalami kontraksi ...",231
1807,2021-02-01,2021,2.7,Statistik Ekonomi,Harga,Harga-Harga,"Harga Produsen Mengalami Inflasi 1,31 Persen di Triwulan IV 2020","Harga Produsen Mengalami Inflasi 1,31 Persen di Triwulan IV 2020 • Indeks Harga Produsen (IHP) gabungan tiga sektor (Sektor Pertanian, Pertambangan dan Penggalian, dan Industri Pengolahan) pada triwulan IV-2020 naik 1,31 persen terhadap triwulan III-2020 (q-to-q) dan naik 1,07 persen terhadap tri...",250
1796,2021-02-01,2021,2.4.5,Statistik Ekonomi,Statistik Sektoral,Pariwisata,"Jumlah kunjungan wisman ke Indonesia bulan Desember 2020 mencapai 164,09 ribu kunjungan.","Jumlah kunjungan wisman ke Indonesia bulan Desember 2020 mencapai 164,09 ribu kunjungan. Jumlah kunjungan wisatawan mancanegara ke Indonesia bulan 2020 mengalami penurunan tajam sebesar 88,08 persen dibandingkan dengan jumlah kunjungan Desember 2019. Namun, jika dibandingkan dengan bulan sebelumn...",159
1784,2021-02-01,2021,2.7,Statistik Ekonomi,Harga,Harga-Harga,"Nilai Tukar Petani (NTP) Januari 2021 sebesar 103,26 atau naik 0,01 persen","Nilai Tukar Petani (NTP) Januari 2021 sebesar 103,26 atau naik 0,01 persen Nilai Tukar Petani (NTP) adalah perbandingan indeks harga yang diterima petani (It) terhadap indeks harga yang dibayar petani (Ib). NTP merupakan salah satu indikator untuk melihat tingkat kemampuan/daya beli petani di per...",487
1772,2021-02-01,2021,2.7,Statistik Ekonomi,Harga,Harga-Harga,"Pada Januari 2021, Indeks Harga Perdagangan Besar (IHPB) Umum Nasional naik 0,56 persen","Pada Januari 2021, Indeks Harga Perdagangan Besar (IHPB) Umum Nasional naik 0,56 persen Pada Januari 2021, Indeks Harga Perdagangan Besar (IHPB) Umum Nasional naik sebesar 0,56 persen terhadap Desember 2020. Kenaikan IHPB tertinggi terjadi pada Sektor Pertambangan dan Penggalian sebesar 1,50 pers...",121
1760,2021-02-01,2021,2.7,Statistik Ekonomi,Harga,Harga-Harga,"Inflasi terjadi pada Januari 2021 sebesar 0,26 persen. Inflasi tertinggi terjadi di Mamuju sebesar 1,43 persen.","Inflasi terjadi pada Januari 2021 sebesar 0,26 persen. Inflasi tertinggi terjadi di Mamuju sebesar 1,43 persen. Pada Januari 2021 terjadi inflasi sebesar 0,26 persen dengan Indeks Harga Konsumen (IHK) sebesar 105,95. Dari 90 kota IHK, 75 kota mengalami inflasi dan 15 kota mengalami deflasi. Infla...",272
1854,2021-01-21,2021,1.1,Statistik Demografi dan Sosial,Populasi dan Migrasi,Kependudukan dan Migrasi,"Hasil Sensus Penduduk (SP2020) pada September 2020 mencatat jumlah penduduk sebesar 270,20 juta jiwa.","Hasil Sensus Penduduk (SP2020) pada September 2020 mencatat jumlah penduduk sebesar 270,20 juta jiwa. Hasil Sensus Penduduk (SP2020) pada September 2020 mencatat jumlah penduduk sebesar 270,20 juta jiwa. Jumlah penduduk hasil SP2020 bertambah 32,56 juta jiwa dibandingkan hasil SP2010. Dengan luas...",75
1830,2021-01-15,2021,2.8,Statistik Ekonomi,Biaya Tenaga Kerja,Biaya Tenaga Kerja,"Upah Nominal Harian Buruh Tani Nasional Desember 2020 Naik Sebesar 0,13 Persen","Upah Nominal Harian Buruh Tani Nasional Desember 2020 Naik Sebesar 0,13 Persen • Upah nominal buruh/pekerja adalah rata-rata upah harian yang diterima buruh sebagai balas jasa pekerjaan yang telah dilakukan. • Upah riil buruh/pekerja menggambarkan daya beli dari pendapatan/upah yang diterima buru...",147
1818,2021-01-15,2021,2.6,Statistik Ekonomi,Perdagangan Internasional,Perdagangan Internasional dan Neraca Pembayaran,"Ekspor Desember 2020 Mencapai US$16,54 Miliar dan Impor Desember 2020 senilai US$14,44 Miliar","Ekspor Desember 2020 Mencapai US$16,54 Miliar dan Impor Desember 2020 senilai US$14,44 Miliar EKSPOR Nilai ekspor Indonesia Desember 2020 mencapai US$16,54 miliar atau meningkat 8,39 persen dibanding ekspor November 2020. Demikian juga dibanding Desember 2019 meningkat 14,63 persen. Ekspor nonmig...",412
1795,2021-01-04,2021,2.4.5,Statistik Ekonomi,Statistik Sektoral,Pariwisata,"Jumlah kunjungan wisman ke Indonesia bulan November 2020 mencapai 175,31 ribu kunjungan.","Jumlah kunjungan wisman ke Indonesia bulan November 2020 mencapai 175,31 ribu kunjungan. Jumlah kunjungan wisatawan mancanegara ke Indonesia bulan November 2020 mengalami penurunan tajam sebesar 86,31 persen dibandingkan dengan jumlah kunjungan November 2019. Namun jika dibandingkan dengan bulan ...",162
1783,2021-01-04,2021,2.7,Statistik Ekonomi,Harga,Harga-Harga,"Nilai Tukar Petani (NTP) Desember 2020 Sebesar 103,25 Atau Naik 0,37 Persen","Nilai Tukar Petani (NTP) Desember 2020 Sebesar 103,25 Atau Naik 0,37 Persen Nilai Tukar Petani (NTP) adalah perbandingan indeks harga yang diterima petani (It) terhadap indeks harga yang dibayar petani (Ib). NTP merupakan salah satu indikator untuk melihat tingkat kemampuan/daya beli petani di pe...",546
1771,2021-01-04,2021,2.7,Statistik Ekonomi,Harga,Harga-Harga,"Pada Desember 2020, Indeks Harga Perdagangan Besar (IHPB) Umum Nasional naik 0,54 persen","Pada Desember 2020, Indeks Harga Perdagangan Besar (IHPB) Umum Nasional naik 0,54 persen Pada Desember 2020, Indeks Harga Perdagangan Besar (IHPB) Umum Nasional naik sebesar 0,54 persen terhadap November 2020. Kenaikan IHPB tertinggi terjadi pada Sektor Pertanian sebesar 1,98 persen. Beberapa kom...",119
1759,2021-01-04,2021,2.7,Statistik Ekonomi,Harga,Harga-Harga,"Inflasi terjadi pada Desember 2020 sebesar 0,45 persen. Inflasi tertinggi terjadi di Gunungsitoli sebesar 1,87 persen.","Inflasi terjadi pada Desember 2020 sebesar 0,45 persen. Inflasi tertinggi terjadi di Gunungsitoli sebesar 1,87 persen. Pada Desember 2020 terjadi inflasi sebesar 0,45 persen dengan Indeks Harga Konsumen (IHK) sebesar 105,68. Dari 90 kota IHK, 87 kota mengalami inflasi dan 3 kota mengalami deflasi...",265
1948,2022-12-19,2022,2.4,Statistik Ekonomi,Statistik Sektoral,Statistik sektoral,"Pada tahun 1443H/2022M, indeks kepuasan jemaah haji Indonesia (IKJHI) sebesar 90,45.","Pada tahun 1443H/2022M, indeks kepuasan jemaah haji Indonesia (IKJHI) sebesar 90,45. Indeks pelayanan di Non-Armuzna lebih tinggi dari pelayanan di Armuzna. Indeks tertinggi untuk layanan di Non-Armuzna adalah pelayanan transportasi bus antarkota (91,93). Sementara itu, pelayanan transportasi bus...",69
1928,2022-12-15,2022,2.6,Statistik Ekonomi,Perdagangan Internasional,Perdagangan Internasional dan Neraca Pembayaran,"Ekspor November 2022 mencapai US$24,12 miliar, turun 2,46 persen dibanding Oktober 2022 dan Impor November 2022 senilai US$18,96 miliar, turun 0,91 persen dibanding Oktober 2022","Ekspor November 2022 mencapai US$24,12 miliar, turun 2,46 persen dibanding Oktober 2022 dan Impor November 2022 senilai US$18,96 miliar, turun 0,91 persen dibanding Oktober 2022 A. PERKEMBANGAN EKSPOR Nilai ekspor Indonesia November 2022 mencapai US$24,12 miliar atau turun 2,46 persen dibanding e...",452
1946,2022-12-01,2022,2.8,Statistik Ekonomi,Biaya Tenaga Kerja,Biaya Tenaga Kerja,"Upah Nominal Harian Buruh Tani Nasional November 2022 Naik Sebesar 0,25 Persen","Upah Nominal Harian Buruh Tani Nasional November 2022 Naik Sebesar 0,25 Persen Upah nominal buruh/pekerja adalah rata-rata upah harian yang diterima buruh sebagai balas jasa pekerjaan yang telah dilakukan. Upah riil buruh/pekerja menggambarkan daya beli dari pendapatan/upah yang diterima buruh/pe...",144
1903,2022-12-01,2022,2.7,Statistik Ekonomi,Harga,Harga-Harga,"Pada November 2022, perubahan Indeks Harga  Perdagangan Besar (IHPB) Umum Nasional tahun ke tahun  sebesar 5,75 persen","Pada November 2022, perubahan Indeks Harga Perdagangan Besar (IHPB) Umum Nasional tahun ke tahun sebesar 5,75 persen Pada November 2022, perubahan Indeks Harga Perdagangan Besar (IHPB) Umum Nasional tahun ke tahun (y-on-y) sebesar 5,75 persen terhadap IHPB November 2021. Kenaikan IHPB tertinggi t...",134
1891,2022-12-01,2022,2.7,Statistik Ekonomi,Harga,Harga-Harga,Perkembangan Nilai Tukar Petani dan Harga Produsen Gabah November 2022,Perkembangan Nilai Tukar Petani dan Harga Produsen Gabah November 2022 Perkembangan Nilai Tukar Petani Nilai Tukar Petani (NTP) adalah perbandingan indeks harga yang diterima petani (It) terhadap indeks harga yang dibayar petani (Ib). NTP merupakan salah satu indikator untuk melihat tingkat kemam...,478
1879,2022-12-01,2022,2.4.4,Statistik Ekonomi,Statistik Sektoral,Transportasi,"Jumlah kunjungan wisman ke Indonesia pada Oktober 2022 mencapai 678,53 ribu kunjungan dan Jumlah penumpang angkutan udara domestik pada Oktober 2022 naik 10,08 persen","Jumlah kunjungan wisman ke Indonesia pada Oktober 2022 mencapai 678,53 ribu kunjungan dan Jumlah penumpang angkutan udara domestik pada Oktober 2022 naik 10,08 persen A. Perkembangan Pariwisata Jumlah kunjungan wisman ke Indonesia pada Oktober 2022 mencapai 678,53 ribu kunjungan, naik 364,31 pers...",399
1867,2022-12-01,2022,2.7,Statistik Ekonomi,Harga,Harga-Harga,"Inflasi year-on-year (y-on-y) pada November 2022 sebesar 5,42 persen. Inflasi tertinggi terjadi di Tanjung Selor sebesar 9,20 persen.","Inflasi year-on-year (y-on-y) pada November 2022 sebesar 5,42 persen. Inflasi tertinggi terjadi di Tanjung Selor sebesar 9,20 persen. Pada November 2022 terjadi inflasi Year on Year (y-on-y) sebesar 5,42 persen dengan Indeks Harga Konsumen (IHK) sebesar 112,85. Inflasi y-on-y tertinggi terjadi di...",220
1931,2022-11-15,2022,3.3.1,Statistik Lingkungan Hidup dan Multi-domain,Statistik Multi-domain,"Kondisi Tempat Tinggal, Kemiskinan, dan Permasalahan Sosial Lintas Sektor","Indeks Pembangunan Manusia (IPM) Indonesia tahun 2022 mencapai 72,91, meningkat 0,62 poin (0,86 persen) dibandingkan tahun sebelumnya (72,29)","Indeks Pembangunan Manusia (IPM) Indonesia tahun 2022 mencapai 72,91, meningkat 0,62 poin (0,86 persen) dibandingkan tahun sebelumnya (72,29) Selama 2010–2022, IPM Indonesia rata-rata meningkat sebesar 0,77 persen per tahun Peningkatan IPM 2022 terjadi pada semua dimensi, baik umur panjang dan hi...",169
1927,2022-11-15,2022,2.6,Statistik Ekonomi,Perdagangan Internasional,Perdagangan Internasional dan Neraca Pembayaran,"Ekspor Oktober 2022 mencapai US$24,81 miliar, naik 0,13 persen dibanding September 2022, Impor Oktober 2022 senilai US$19,13 miliar, turun 3,40 persen dibanding September 2022","Ekspor Oktober 2022 mencapai US$24,81 miliar, naik 0,13 persen dibanding September 2022, Impor Oktober 2022 senilai US$19,13 miliar, turun 3,40 persen dibanding September 2022 EKSPOR Nilai ekspor Indonesia Oktober 2022 mencapai US$24,81 miliar atau naik 0,13 persen dibanding ekspor September 202...",448
1916,2022-11-07,2022,1.2,Statistik Demografi dan Sosial,Ketenagakerjaan,Tenaga Kerja,"Agustus 2022: Tingkat Pengangguran Terbuka (TPT) sebesar 5,86 persen dan Rata-rata upah buruh sebesar 3,07 juta rupiah per bulan","Agustus 2022: Tingkat Pengangguran Terbuka (TPT) sebesar 5,86 persen dan Rata-rata upah buruh sebesar 3,07 juta rupiah per bulan Jumlah angkatan kerja berdasarkan Survei Angkatan Kerja Nasional (Sakernas) pada Agustus 2022 sebanyak 143,72 juta orang, naik 3,57 juta orang dibanding Agustus 2021. T...",222
1914,2022-11-07,2022,2.1,Statistik Ekonomi,Statistik Makroekonomi,Neraca Ekonomi,"Ekonomi Indonesia Triwulan III-2022 Tumbuh 5,72 Persen (y-on-y)","Ekonomi Indonesia Triwulan III-2022 Tumbuh 5,72 Persen (y-on-y) Perekonomian Indonesia pada triwulan III-2022 berdasarkan besaran Produk Domestik Bruto (PDB) atas dasar harga berlaku mencapai Rp5.091,2 triliun atau atas dasar harga konstan 2010 mencapai Rp2.976,8 triliun. Ekonomi Indonesia triwul...",196
1945,2022-11-01,2022,2.8,Statistik Ekonomi,Biaya Tenaga Kerja,Biaya Tenaga Kerja,"Upah Nominal Harian Buruh Tani Nasional Oktober 2022 Naik Sebesar 0,32 Persen","Upah Nominal Harian Buruh Tani Nasional Oktober 2022 Naik Sebesar 0,32 Persen Upah nominal buruh/pekerja adalah rata-rata upah harian yang diterima buruh sebagai balas jasa pekerjaan yang telah dilakukan. Upah riil buruh/pekerja menggambarkan daya beli dari pendapatan/upah yang diterima buruh/pek...",145
1907,2022-11-01,2022,2.7,Statistik Ekonomi,Harga,Harga-Harga,"Harga Produsen Mengalami Inflasi 0,89 Persen di Triwulan III-2022","Harga Produsen Mengalami Inflasi 0,89 Persen di Triwulan III-2022 Indeks Harga Produsen (IHP) gabungan tiga sektor (Sektor Pertanian, Pertambangan dan Penggalian, dan Industri Pengolahan) pada triwulan III-2022 naik 0,89 persen terhadap triwulan II-2022 (q-to-q) dan naik 10,68 persen terhadap tri...",240
1902,2022-11-01,2022,2.7,Statistik Ekonomi,Harga,Harga-Harga,"Pada Oktober 2022, perubahan Indeks Harga Perdagangan Besar (IHPB) Umum Nasional tahun ke tahun sebesar 5,80 persen","Pada Oktober 2022, perubahan Indeks Harga Perdagangan Besar (IHPB) Umum Nasional tahun ke tahun sebesar 5,80 persen Pada Oktober 2022, perubahan Indeks Harga Perdagangan Besar (IHPB) Umum Nasional tahun ke tahun (y-o-y) sebesar 5,80 persen terhadap IHPB Oktober 2021. Kenaikan IHPB tertinggi terja...",127
1890,2022-11-01,2022,2.7,Statistik Ekonomi,Harga,Harga-Harga,"Nilai Tukar Petani (NTP) Oktober 2022 sebesar 107,27 atau naik 0,42 persen","Nilai Tukar Petani (NTP) Oktober 2022 sebesar 107,27 atau naik 0,42 persen Nilai Tukar Petani (NTP) adalah perbandingan indeks harga yang diterima petani (It) terhadap indeks harga yang dibayar petani (Ib). NTP merupakan salah satu indikator untuk melihat tingkat kemampuan/daya beli petani di per...",487
1878,2022-11-01,2022,2.4.4,Statistik Ekonomi,Statistik Sektoral,Transportasi,"Jumlah kunjungan wisman ke Indonesia melalui pintu masuk utama pada September 2022 mencapai 538,32 ribu kunjungan dan Jumlah penumpang angkutan udara internasional pada September 2022 naik 11,52 persen.","Jumlah kunjungan wisman ke Indonesia melalui pintu masuk utama pada September 2022 mencapai 538,32 ribu kunjungan dan Jumlah penumpang angkutan udara internasional pada September 2022 naik 11,52 persen. A. Perkembangan Pariwisata Jumlah kunjungan wisman ke Indonesia melalui pintu masuk utama pada...",411
1866,2022-11-01,2022,2.7,Statistik Ekonomi,Harga,Harga-Harga,"Inflasi year-on-year (y-on-y) pada Oktober 2022 sebesar 5,71 persen. Inflasi tertinggi terjadi di Tanjung Selor sebesar 9,11 persen.","Inflasi year-on-year (y-on-y) pada Oktober 2022 sebesar 5,71 persen. Inflasi tertinggi terjadi di Tanjung Selor sebesar 9,11 persen. Pada Oktober 2022 terjadi inflasi year on year (y-on-y) sebesar 5,71 persen dengan Indeks Harga Konsumen (IHK) sebesar 112,75. Inflasi y-on-y tertinggi terjadi di T...",220
1926,2022-10-17,2022,2.6,Statistik Ekonomi,Perdagangan Internasional,Perdagangan Internasional dan Neraca Pembayaran,"Ekspor September 2022 mencapai US$24,80 miliar, turun  10,99 persen dibanding Agustus 2022 dan Impor September 2022 senilai US$19,81 miliar, turun 10,58 persen dibanding Agustus 2022.","Ekspor September 2022 mencapai US$24,80 miliar, turun 10,99 persen dibanding Agustus 2022 dan Impor September 2022 senilai US$19,81 miliar, turun 10,58 persen dibanding Agustus 2022. EKSPOR Nilai ekspor Indonesia September 2022 mencapai US$24,80 miliar atau turun 10,99 persen dibanding ekspor Agu...",468
1910,2022-10-17,2022,2.4.1,Statistik Ekonomi,Statistik Sektoral,"Pertanian, Kehutanan, Perikanan","Pada 2022, luas panen padi diperkirakan sebesar 10,61 juta hektare dengan produksi sekitar 55,67 juta ton GKG","Pada 2022, luas panen padi diperkirakan sebesar 10,61 juta hektare dengan produksi sekitar 55,67 juta ton GKG Jika dikonversikan menjadi beras, maka produksi beras pada 2022 diperkirakan sebesar 32,07 juta ton. Luas panen padi pada 2022 diperkirakan sebesar 10,61 juta hektare, mengalami peningkat...",124
1944,2022-10-03,2022,2.8,Statistik Ekonomi,Biaya Tenaga Kerja,Biaya Tenaga Kerja,"Upah Nominal Harian Buruh Tani Nasional September 2022 Naik Sebesar 0,38 Persen","Upah Nominal Harian Buruh Tani Nasional September 2022 Naik Sebesar 0,38 Persen Upah nominal buruh/pekerja adalah rata-rata upah harian yang diterima buruh sebagai balas jasa pekerjaan yang telah dilakukan. Upah riil buruh/pekerja menggambarkan daya beli dari pendapatan/upah yang diterima buruh/p...",144
1901,2022-10-03,2022,2.7,Statistik Ekonomi,Harga,Harga-Harga,"Pada September 2022, Indeks Harga Perdagangan Besar (IHPB) Umum Nasional naik 0,86 persen","Pada September 2022, Indeks Harga Perdagangan Besar (IHPB) Umum Nasional naik 0,86 persen Pada September 2022, Indeks Harga Perdagangan Besar (IHPB) Umum Nasional naik sebesar 0,86 persen terhadap IHPB Agustus 2022. Kenaikan IHPB tertinggi terjadi pada Sektor Pertambangan dan Penggalian, yaitu se...",121
1889,2022-10-03,2022,2.7,Statistik Ekonomi,Harga,Harga-Harga,"Nilai Tukar Petani (NTP) September 2022 sebesar 106,82 atau naik 0,49 persen","Nilai Tukar Petani (NTP) September 2022 sebesar 106,82 atau naik 0,49 persen Nilai Tukar Petani (NTP) adalah perbandingan indeks harga yang diterima petani (It) terhadap indeks harga yang dibayar petani (Ib). NTP merupakan salah satu indikator untuk melihat tingkat kemampuan/daya beli petani di p...",487
1877,2022-10-03,2022,2.4.4,Statistik Ekonomi,Statistik Sektoral,Transportasi,"Jumlah kunjungan wisman ke Indonesia melalui pintu masuk utama pada Agustus 2022 mencapai 510,25 ribu kunjungan dan Jumlah penumpang angkutan udara internasional pada Agustus 2022 naik 32,29 persen","Jumlah kunjungan wisman ke Indonesia melalui pintu masuk utama pada Agustus 2022 mencapai 510,25 ribu kunjungan dan Jumlah penumpang angkutan udara internasional pada Agustus 2022 naik 32,29 persen A. Perkembangan Pariwisata Jumlah kunjungan wisman ke Indonesia melalui pintu masuk utama pada Agus...",415
1865,2022-10-03,2022,2.7,Statistik Ekonomi,Harga,Harga-Harga,"Inflasi terjadi pada September 2022 inflasi sebesar 1,17 persen. Inflasi tertinggi terjadi di Bukittinggi sebesar 1,87 persen.","Inflasi terjadi pada September 2022 inflasi sebesar 1,17 persen. Inflasi tertinggi terjadi di Bukittinggi sebesar 1,87 persen. Pada September 2022 terjadi inflasi sebesar 1,17 persen dengan Indeks Harga Konsumen (IHK) sebesar 112,87. Dari 90 kota IHK, 88 kota mengalami inflasi dan 2 kota mengalam...",266
1925,2022-09-15,2022,2.6,Statistik Ekonomi,Perdagangan Internasional,Perdagangan Internasional dan Neraca Pembayaran,"Ekspor Agustus 2022 mencapai US$27,91 miliar, naik 9,17 persen dibanding Juli 2022 dan Impor Agustus 2022 senilai US$22,15 miliar, naik 3,77 persen dibanding Juli 2022","Ekspor Agustus 2022 mencapai US$27,91 miliar, naik 9,17 persen dibanding Juli 2022 dan Impor Agustus 2022 senilai US$22,15 miliar, naik 3,77 persen dibanding Juli 2022 EKSPOR Nilai ekspor Indonesia Agustus 2022 mencapai US$27,91 miliar atau naik 9,17 persen dibanding ekspor Juli 2022. Dibanding A...",449
1943,2022-09-01,2022,2.8,Statistik Ekonomi,Biaya Tenaga Kerja,Biaya Tenaga Kerja,Perkembangan Upah Pekerja/Buruh Agustus 2022,"Perkembangan Upah Pekerja/Buruh Agustus 2022 Upah Nominal Harian Buruh Tani Nasional Agustus 2022 Naik Sebesar 0,16 Persen. Upah nominal buruh/pekerja adalah rata-rata upah harian yang diterima buruh sebagai balas jasa pekerjaan yang telah dilakukan. Upah riil buruh/pekerja menggambarkan daya ...",149
1900,2022-09-01,2022,2.7,Statistik Ekonomi,Harga,Harga-Harga,"Pada Agustus 2022, Indeks Harga Perdagangan Besar (IHPB) Umum Nasional turun 0,12 persen","Pada Agustus 2022, Indeks Harga Perdagangan Besar (IHPB) Umum Nasional turun 0,12 persen Pada Agustus 2022, Indeks Harga Perdagangan Besar (IHPB) Umum Nasional turun sebesar 0,12 persen terhadap IHPB Juli 2022. Penurunan IHPB terjadi pada Sektor Pertanian sebesar 2,56 persen. Beberapa komoditas y...",114
1888,2022-09-01,2022,2.7,Statistik Ekonomi,Harga,Harga-Harga,"Nilai Tukar Petani (NTP) Agustus 2022 sebesar 106,31 atau naik 1,97 persen","Nilai Tukar Petani (NTP) Agustus 2022 sebesar 106,31 atau naik 1,97 persen Nilai Tukar Petani (NTP) adalah perbandingan indeks harga yang diterima petani (It) terhadap indeks harga yang dibayar petani (Ib). NTP merupakan salah satu indikator untuk melihat tingkat kemampuan/daya beli petani di per...",486
1876,2022-09-01,2022,2.4.4,Statistik Ekonomi,Statistik Sektoral,Transportasi,"Jumlah kunjungan wisman ke Indonesia melalui pintu masuk utama pada Juli 2022 mencapai 476,97 ribu kunjungan, dan Jumlah penumpang kereta api pada Juli 2022 naik 9,02 persen.","Jumlah kunjungan wisman ke Indonesia melalui pintu masuk utama pada Juli 2022 mencapai 476,97 ribu kunjungan, dan Jumlah penumpang kereta api pada Juli 2022 naik 9,02 persen. Perkembangan Pariwisata Jumlah kunjungan wisman ke Indonesia melalui pintu masuk utama pada Juli 2022 mencapai 476,97 ribu...",411
1864,2022-09-01,2022,2.7,Statistik Ekonomi,Harga,Harga-Harga,"Deflasi terjadi pada Agustus 2022 sebesar 0,21 persen. Deflasi tertinggi terjadi di Tanjung Pandan sebesar 1,65 persen.","Deflasi terjadi pada Agustus 2022 sebesar 0,21 persen. Deflasi tertinggi terjadi di Tanjung Pandan sebesar 1,65 persen. Pada Agustus 2022 terjadi deflasi sebesar 0,21 persen dengan Indeks Harga Konsumen (IHK) sebesar 111,57. Dari 90 kota IHK, 79 kota mengalami deflasi dan 11 kota mengalami inflas...",274
1924,2022-08-15,2022,2.6,Statistik Ekonomi,Perdagangan Internasional,Perdagangan Internasional dan Neraca Pembayaran,"Ekspor Juli 2022 mencapai US$25,57 miliar, turun 2,20 persen dibanding Juni 2022 dan Impor Juli 2022 senilai US$21,35 miliar, naik 1,64 persen dibanding Juni 2022","Ekspor Juli 2022 mencapai US$25,57 miliar, turun 2,20 persen dibanding Juni 2022 dan Impor Juli 2022 senilai US$21,35 miliar, naik 1,64 persen dibanding Juni 2022 A. EKSPOR Nilai ekspor Indonesia Juli 2022 mencapai US$25,57 miliar atau turun 2,20 persen dibanding ekspor Juni 2022. Dibanding Juli ...",448
1913,2022-08-05,2022,2.1,Statistik Ekonomi,Statistik Makroekonomi,Neraca Ekonomi,"Ekonomi Indonesia Triwulan II-2022 Tumbuh 5,44 Persen (y-on-y)","Ekonomi Indonesia Triwulan II-2022 Tumbuh 5,44 Persen (y-on-y) Perekonomian Indonesia berdasarkan besaran Produk Domestik Bruto (PDB) atas dasar harga berlaku triwulan II-2022 mencapai Rp4 919,9 triliun dan atas dasar harga konstan 2010 mencapai Rp2 923,7 triliun. Ekonomi Indonesia triwulan II-20...",161
1942,2022-08-01,2022,2.8,Statistik Ekonomi,Biaya Tenaga Kerja,Biaya Tenaga Kerja,"Upah Nominal Harian Buruh Tani Nasional Juli 2022 Naik Sebesar 0,19 Persen","Upah Nominal Harian Buruh Tani Nasional Juli 2022 Naik Sebesar 0,19 Persen Upah nominal buruh/pekerja adalah rata-rata upah harian yang diterima buruh sebagai balas jasa pekerjaan yang telah dilakukan. Upah riil buruh/pekerja menggambarkan daya beli dari pendapatan/upah yang diterima buruh/pekerj...",144
1908,2022-08-01,2022,1.10,Statistik Demografi dan Sosial,Aktivitas Politik dan Komunitas,Aktivitas Politik dan Komunitas Lainnya,"Indeks Perilaku Anti Korupsi (IPAK) Indonesia 2022 sebesar 3,93; meningkat dibandingkan IPAK 2021","Indeks Perilaku Anti Korupsi (IPAK) Indonesia 2022 sebesar 3,93; meningkat dibandingkan IPAK 2021 Indeks Perilaku Anti Korupsi (IPAK) Indonesia 2022 sebesar 3,93 pada skala 0 sampai 5. Angka ini lebih tinggi dibandingkan capaian 2021 (3,88). Nilai indeks semakin mendekati 5 menunjukkan bahwa masy...",142
1906,2022-08-01,2022,2.7,Statistik Ekonomi,Harga,Harga-Harga,"Harga Produsen Mengalami Inflasi 4,09 Persen di Triwulan II-2022","Harga Produsen Mengalami Inflasi 4,09 Persen di Triwulan II-2022 Indeks Harga Produsen (IHP) gabungan tiga sektor (Sektor Pertanian, Pertambangan dan Penggalian, dan Industri Pengolahan) pada triwulan II- 2022 naik 4,09 persen terhadap triwulan I-2022 (q-to-q) dan naik 11,77 persen terhadap triwu...",241
1899,2022-08-01,2022,2.7,Statistik Ekonomi,Harga,Harga-Harga,"Pada Juli 2022, Indeks Harga Perdagangan Besar (IHPB) Umum Nasional naik 0,46 persen","Pada Juli 2022, Indeks Harga Perdagangan Besar (IHPB) Umum Nasional naik 0,46 persen Pada Juli 2022, Indeks Harga Perdagangan Besar (IHPB) Umum Nasional naik sebesar 0,46 persen terhadap IHPB Juni 2022. Kenaikan IHPB tertinggi terjadi pada Sektor Pertambangan dan Penggalian sebesar 1,06 persen. B...",116
1887,2022-08-01,2022,2.7,Statistik Ekonomi,Harga,Harga-Harga,"Nilai Tukar Petani (NTP) Juli 2022 sebesar 104,25 atau turun 1,61 persen","Nilai Tukar Petani (NTP) Juli 2022 sebesar 104,25 atau turun 1,61 persen Nilai Tukar Petani (NTP) adalah perbandingan indeks harga yang diterima petani (It) terhadap indeks harga yang dibayar petani (Ib). NTP merupakan salah satu indikator untuk melihat tingkat kemampuan/daya beli petani di perde...",483
1875,2022-08-01,2022,2.4.4,Statistik Ekonomi,Statistik Sektoral,Transportasi,"Jumlah kunjungan wisman ke Indonesia melalui pintu masuk utama pada Juni 2022 mencapai 345,44 ribu kunjungan dan Jumlah penumpang angkutan udara internasional pada Juni 2022 naik 23,28 persen","Jumlah kunjungan wisman ke Indonesia melalui pintu masuk utama pada Juni 2022 mencapai 345,44 ribu kunjungan dan Jumlah penumpang angkutan udara internasional pada Juni 2022 naik 23,28 persen A. Perkembangan Pariwisata Jumlah kunjungan wisman ke Indonesia melalui pintu masuk utama pada Juni 2022 ...",436
1863,2022-08-01,2022,2.7,Statistik Ekonomi,Harga,Harga-Harga,"Inflasi terjadi pada Juli 2022 sebesar 0,64 persen. Inflasi tertinggi terjadi di Kendari sebesar 2,27 persen.","Inflasi terjadi pada Juli 2022 sebesar 0,64 persen. Inflasi tertinggi terjadi di Kendari sebesar 2,27 persen. Pada Juli 2022 terjadi inflasi sebesar 0,64 persen dengan Indeks Harga Konsumen (IHK) sebesar 111,80. Seluruh kota mengalami inflasi. Inflasi tertinggi terjadi di Kendari sebesar 2,27 per...",239
1933,2022-07-15,2022,3.3.1,Statistik Lingkungan Hidup dan Multi-domain,Statistik Multi-domain,"Kondisi Tempat Tinggal, Kemiskinan, dan Permasalahan Sosial Lintas Sektor","Gini Ratio Maret 2022 tercatat sebesar 0,384","Gini Ratio Maret 2022 tercatat sebesar 0,384 Pada Maret 2022, tingkat ketimpangan pengeluaran penduduk Indonesia yang diukur menggunakan Gini Ratio adalah sebesar 0,384. Angka ini meningkat 0,003 poin jika dibandingkan dengan Gini Ratio September 2021 yang sebesar 0,381, namun tidak mengalami per...",170
1930,2022-07-15,2022,3.3.1,Statistik Lingkungan Hidup dan Multi-domain,Statistik Multi-domain,"Kondisi Tempat Tinggal, Kemiskinan, dan Permasalahan Sosial Lintas Sektor","Persentase Penduduk Miskin Maret 2022 turun menjadi 9,54 persen","Persentase Penduduk Miskin Maret 2022 turun menjadi 9,54 persen Persentase penduduk miskin pada Maret 2022 sebesar 9,54 persen, menurun 0,17 persen poin terhadap September 2021 dan menurun 0,60 persen poin terhadap Maret 2021. Jumlah penduduk miskin pada Maret 2022 sebesar 26,16 juta orang, menur...",208
1923,2022-07-15,2022,2.6,Statistik Ekonomi,Perdagangan Internasional,Perdagangan Internasional dan Neraca Pembayaran,"Ekspor Juni 2022 mencapai US$26,09 miliar, naik 21,30 persen dibanding Mei 2022 & Impor Juni 2022 senilai US$21,00 miliar, naik 12,87 persen dibanding Mei 2022","Ekspor Juni 2022 mencapai US$26,09 miliar, naik 21,30 persen dibanding Mei 2022 & Impor Juni 2022 senilai US$21,00 miliar, naik 12,87 persen dibanding Mei 2022 A. EKSPOR Nilai ekspor Indonesia Juni 2022 mencapai US$26,09 miliar atau naik 21,30 persen dibanding ekspor Mei 2022. Dibanding Juni 2021...",450
1941,2022-07-01,2022,2.8,Statistik Ekonomi,Biaya Tenaga Kerja,Biaya Tenaga Kerja,"Upah Nominal Harian Buruh Tani Nasional Juni 2022 Naik Sebesar 0,18 Persen","Upah Nominal Harian Buruh Tani Nasional Juni 2022 Naik Sebesar 0,18 Persen Upah nominal buruh/pekerja adalah rata-rata upah harian yang diterima buruh sebagai balas jasa pekerjaan yang telah dilakukan. Upah riil buruh/pekerja menggambarkan daya beli dari pendapatan/upah yang diterima buruh/pekerj...",144
1898,2022-07-01,2022,2.7,Statistik Ekonomi,Harga,Harga-Harga,"Pada Juni 2022, Indeks Harga Perdagangan Besar (IHPB) Umum Nasional naik 0,67 persen","Pada Juni 2022, Indeks Harga Perdagangan Besar (IHPB) Umum Nasional naik 0,67 persen Pada Juni 2022, Indeks Harga Perdagangan Besar (IHPB) Umum Nasional naik sebesar 0,67 persen terhadap IHPB Mei 2022. Kenaikan IHPB tertinggi terjadi pada Sektor Pertanian sebesar 1,96 persen. Beberapa komoditas y...",113
1886,2022-07-01,2022,2.7,Statistik Ekonomi,Harga,Harga-Harga,"Nilai Tukar Petani (NTP) Juni 2022 sebesar 105,96 atau naik 0,52 persen","Nilai Tukar Petani (NTP) Juni 2022 sebesar 105,96 atau naik 0,52 persen Nilai Tukar Petani (NTP) adalah perbandingan indeks harga yang diterima petani (It) terhadap indeks harga yang dibayar petani (Ib). NTP merupakan salah satu indikator untuk melihat tingkat kemampuan/daya beli petani di perdes...",489
1874,2022-07-01,2022,2.4.4,Statistik Ekonomi,Statistik Sektoral,Transportasi,"Jumlah kunjungan wisman ke Indonesia melalui pintu masuk utama pada Mei 2022 mencapai 212,33 ribu kunjungan, dan Jumlah penumpang angkutan udara domestik pada Mei 2022 naik 40,41 persen","Jumlah kunjungan wisman ke Indonesia melalui pintu masuk utama pada Mei 2022 mencapai 212,33 ribu kunjungan, dan Jumlah penumpang angkutan udara domestik pada Mei 2022 naik 40,41 persen A. Perkembangan Pariwisata Jumlah kunjungan wisman ke Indonesia melalui pintu masuk utama pada Mei 2022 mencapa...",429
1862,2022-07-01,2022,2.7,Statistik Ekonomi,Harga,Harga-Harga,"Inflasi terjadi pada Juni 2022 sebesar 0,61 persen. Inflasi tertinggi terjadi di Gunungsitoli sebesar 2,72 persen.","Inflasi terjadi pada Juni 2022 sebesar 0,61 persen. Inflasi tertinggi terjadi di Gunungsitoli sebesar 2,72 persen. Pada Juni 2022 terjadi inflasi sebesar 0,61 persen dengan Indeks Harga Konsumen (IHK) sebesar 111,09. Dari 90 kota IHK, 85 kota mengalami inflasi dan 5 kota mengalami deflasi. Inflas...",267
1940,2022-06-15,2022,2.8,Statistik Ekonomi,Biaya Tenaga Kerja,Biaya Tenaga Kerja,"Upah Nominal Harian Buruh Tani Nasional Mei 2022 Naik Sebesar 0,21 Persen","Upah Nominal Harian Buruh Tani Nasional Mei 2022 Naik Sebesar 0,21 Persen Upah nominal buruh/pekerja adalah rata-rata upah harian yang diterima buruh sebagai balas jasa pekerjaan yang telah dilakukan. Upah riil buruh/pekerja menggambarkan daya beli dari pendapatan/upah yang diterima buruh/pekerja...",143
1922,2022-06-15,2022,2.6,Statistik Ekonomi,Perdagangan Internasional,Perdagangan Internasional dan Neraca Pembayaran,"Ekspor Mei 2022 mencapai US$21,51 miliar, turun 21,29 persen dibanding April 2022 & Impor Mei 2022 senilai US$18,61 miliar, turun 5,81 persen dibanding April 2022","Ekspor Mei 2022 mencapai US$21,51 miliar, turun 21,29 persen dibanding April 2022 & Impor Mei 2022 senilai US$18,61 miliar, turun 5,81 persen dibanding April 2022 A. EKSPOR Nilai ekspor Indonesia Mei 2022 mencapai US$21,51 miliar atau turun 21,29 persen dibanding ekspor April 2022. Dibanding Mei ...",451
1897,2022-06-02,2022,2.7,Statistik Ekonomi,Harga,Harga-Harga,"Mei 2022, Indeks Harga Perdagangan Besar (IHPB) Umum Nasional naik 0,33 persen","Mei 2022, Indeks Harga Perdagangan Besar (IHPB) Umum Nasional naik 0,33 persen Pada Mei 2022, Indeks Harga Perdagangan Besar (IHPB) Umum Nasional naik sebesar 0,33 persen terhadap IHPB April 2022. Kenaikan IHPB tertinggi terjadi pada Sektor Industri sebesar 0,38 persen. Beberapa komoditas yang me...",114
1885,2022-06-02,2022,2.7,Statistik Ekonomi,Harga,Harga-Harga,"Nilai Tukar Petani (NTP) Mei 2022 sebesar 105,41 atau turun 2,81 persen","Nilai Tukar Petani (NTP) Mei 2022 sebesar 105,41 atau turun 2,81 persen Nilai Tukar Petani (NTP) adalah perbandingan indeks harga yang diterima petani (It) terhadap indeks harga yang dibayar petani (Ib). NTP merupakan salah satu indikator untuk melihat tingkat kemampuan/daya beli petani di perdes...",482
1873,2022-06-02,2022,2.4.4,Statistik Ekonomi,Statistik Sektoral,Transportasi,"Jumlah kunjungan wisman ke Indonesia melalui pintu masuk utama pada April 2022 mencapai 111,06 ribu kunjungan dan jumlah penumpang angkutan udara internasional pada April 2022 naik 55,77 persen.","Jumlah kunjungan wisman ke Indonesia melalui pintu masuk utama pada April 2022 mencapai 111,06 ribu kunjungan dan jumlah penumpang angkutan udara internasional pada April 2022 naik 55,77 persen. A. Perkembangan Pariwisata Jumlah kunjungan wisman ke Indonesia melalui pintu masuk utama pada April 2...",434
1861,2022-06-02,2022,2.7,Statistik Ekonomi,Harga,Harga-Harga,"Inflasi terjadi pada Mei 2022 sebesar 0,40 persen. Inflasi tertinggi terjadi di Tanjung Pandan sebesar 2,24 persen.","Inflasi terjadi pada Mei 2022 sebesar 0,40 persen. Inflasi tertinggi terjadi di Tanjung Pandan sebesar 2,24 persen. Pada Mei 2022 terjadi inflasi sebesar 0,40 persen dengan Indeks Harga Konsumen (IHK) sebesar 110,42. Dari 90 kota IHK, 87 kota mengalami inflasi dan 3 kota mengalami deflasi. Inflas...",274
1939,2022-05-17,2022,2.8,Statistik Ekonomi,Biaya Tenaga Kerja,Biaya Tenaga Kerja,"Upah Nominal Harian Buruh Tani Nasional April 2022 Naik Sebesar 0,29 Persen","Upah Nominal Harian Buruh Tani Nasional April 2022 Naik Sebesar 0,29 Persen Upah nominal buruh/pekerja adalah rata-rata upah harian yang diterima buruh sebagai balas jasa pekerjaan yang telah dilakukan. Upah riil buruh/pekerja menggambarkan daya beli dari pendapatan/upah yang diterima buruh/peker...",143
1921,2022-05-17,2022,2.6,Statistik Ekonomi,Perdagangan Internasional,Perdagangan Internasional dan Neraca Pembayaran,"Ekspor April 2022 mencapai US$27,32 miliar, naik 3,11 persen dibanding Maret 2022 & Impor April 2022 senilai US$19,76 miliar, turun 10,01 persen dibanding Maret 2022","Ekspor April 2022 mencapai US$27,32 miliar, naik 3,11 persen dibanding Maret 2022 & Impor April 2022 senilai US$19,76 miliar, turun 10,01 persen dibanding Maret 2022 A. EKSPOR Nilai ekspor Indonesia April 2022 mencapai US$27,32 miliar atau naik 3,11 persen dibanding ekspor Maret 2022. Dibanding A...",491
1915,2022-05-09,2022,1.2,Statistik Demografi dan Sosial,Ketenagakerjaan,Tenaga Kerja,"Februari 2022: Tingkat Pengangguran Terbuka (TPT) sebesar 5,83 persen dan Rata-rata upah buruh sebesar 2,89 juta rupiah per bulan","Februari 2022: Tingkat Pengangguran Terbuka (TPT) sebesar 5,83 persen dan Rata-rata upah buruh sebesar 2,89 juta rupiah per bulan Jumlah angkatan kerja pada Februari 2022 sebanyak 144,01 juta orang, naik 4,20 juta orang dibanding Februari 2021. Tingkat Partisipasi Angkatan Kerja (TPAK) naik sebes...",345
1912,2022-05-09,2022,2.1,Statistik Ekonomi,Statistik Makroekonomi,Neraca Ekonomi,Pertumbuhan Ekonomi Indonesia Triwulan I-2022,"Pertumbuhan Ekonomi Indonesia Triwulan I-2022 Perekonomian Indonesia berdasarkan besaran Produk Domestik Bruto (PDB) atas dasar harga berlaku triwulan I-2022 mencapai Rp4.513,0 triliun dan atas dasar harga konstan 2010 mencapai Rp2.818,6 triliun. Ekonomi Indonesia triwulan I-2022 terhadap triwula...",151
1905,2022-05-09,2022,2.7,Statistik Ekonomi,Harga,Harga-Harga,"Harga Produsen Mengalami Inflasi 2,59 Persen di Triwulan I-2022","Harga Produsen Mengalami Inflasi 2,59 Persen di Triwulan I-2022 Indeks Harga Produsen (IHP) gabungan tiga sektor (Sektor Pertanian, Pertambangan dan Penggalian, dan Industri Pengolahan) pada triwulan I-2022 naik 2,59 persen terhadap triwulan IV-2021 (q-to-q) dan naik 9,06 persen terhadap triwulan...",231
1896,2022-05-09,2022,2.7,Statistik Ekonomi,Harga,Harga-Harga,"Pada April 2022, Indeks Harga Perdagangan Besar (IHPB) Umum Nasional naik 0,97 persen","Pada April 2022, Indeks Harga Perdagangan Besar (IHPB) Umum Nasional naik 0,97 persen Pada April 2022, Indeks Harga Perdagangan Besar (IHPB) Umum Nasional naik sebesar 0,97 persen terhadap IHPB Maret 2022. Kenaikan IHPB tertinggi terjadi pada Sektor Pertambangan dan Penggalian sebesar 1,44 persen...",112
1884,2022-05-09,2022,2.7,Statistik Ekonomi,Harga,Harga-Harga,"Nilai Tukar Petani (NTP) April 2022 sebesar 108,46 atau turun 0,76 persen","Nilai Tukar Petani (NTP) April 2022 sebesar 108,46 atau turun 0,76 persen Perkembangan Nilai Tukar Petani Nilai Tukar Petani (NTP) adalah perbandingan indeks harga yang diterima petani (It) terhadap indeks harga yang dibayar petani (Ib). NTP merupakan salah satu indikator untuk melihat tingkat ke...",473
1872,2022-05-09,2022,2.4.4,Statistik Ekonomi,Statistik Sektoral,Transportasi,"Jumlah kunjungan wisman ke Indonesia melalui pintu masuk utama pada Maret 2022 mencapai 40,79 ribu kunjungan dan Jumlah penumpang angkutan udara internasional pada Maret 2022 naik 84,40 persen.","Jumlah kunjungan wisman ke Indonesia melalui pintu masuk utama pada Maret 2022 mencapai 40,79 ribu kunjungan dan Jumlah penumpang angkutan udara internasional pada Maret 2022 naik 84,40 persen. A. Perkembangan Pariwisata Jumlah kunjungan wisman ke Indonesia melalui pintu masuk utama pada Maret 20...",416
1860,2022-05-09,2022,2.7,Statistik Ekonomi,Harga,Harga-Harga,"Inflasi terjadi pada April 2022 sebesar 0,95 persen. Inflasi tertinggi terjadi di Tanjung Pandan sebesar 2,58 persen.","Inflasi terjadi pada April 2022 sebesar 0,95 persen. Inflasi tertinggi terjadi di Tanjung Pandan sebesar 2,58 persen. Pada April 2022 terjadi inflasi sebesar 0,95 persen dengan Indeks Harga Konsumen (IHK) sebesar 109,98. Seluruh kota mengalami inflasi. Inflasi tertinggi terjadi di Tanjung Pandan ...",232
1938,2022-04-18,2022,2.8,Statistik Ekonomi,Biaya Tenaga Kerja,Biaya Tenaga Kerja,"Upah Nominal Harian Buruh Tani Nasional Maret 2022 Naik Sebesar 0,30 Persen","Upah Nominal Harian Buruh Tani Nasional Maret 2022 Naik Sebesar 0,30 Persen Upah nominal buruh/pekerja adalah rata-rata upah harian yang diterima buruh sebagai balas jasa pekerjaan yang telah dilakukan. Upah riil buruh/pekerja menggambarkan daya beli dari pendapatan/upah yang diterima buruh/peker...",143
1920,2022-04-18,2022,2.6,Statistik Ekonomi,Perdagangan Internasional,Perdagangan Internasional dan Neraca Pembayaran,"Ekspor Maret 2022 mencapai US$26,50 miliar & Impor Maret 2022 senilai US$21,97 miliar","Ekspor Maret 2022 mencapai US$26,50 miliar & Impor Maret 2022 senilai US$21,97 miliar A. EKSPOR Nilai ekspor Indonesia Maret 2022 mencapai US$26,50 miliar atau naik 29,42 persen dibanding ekspor Februari 2022. Dibanding Maret 2021 nilai ekspor naik sebesar 44,36 persen.  Ekspor nonmigas Maret 20...",445
1895,2022-04-01,2022,2.7,Statistik Ekonomi,Harga,Harga-Harga,"Pada Maret 2022, Indeks Harga Perdagangan Besar (IHPB) Umum Nasional naik 0,75 persen","Pada Maret 2022, Indeks Harga Perdagangan Besar (IHPB) Umum Nasional naik 0,75 persen Pada Maret 2022, Indeks Harga Perdagangan Besar (IHPB) Umum Nasional naik sebesar 0,75 persen terhadap IHPB Februari 2022. Kenaikan IHPB tertinggi terjadi pada Sektor Pertanian sebesar 1,53 persen. Beberapa komo...",115
1883,2022-04-01,2022,2.7,Statistik Ekonomi,Harga,Harga-Harga,"Nilai Tukar Petani (NTP) Maret 2022 sebesar 109,29 atau naik 0,42 persen","Nilai Tukar Petani (NTP) Maret 2022 sebesar 109,29 atau naik 0,42 persen Nilai Tukar Petani (NTP) adalah perbandingan indeks harga yang diterima petani (It) terhadap indeks harga yang dibayar petani (Ib). NTP merupakan salah satu indikator untuk melihat tingkat kemampuan/daya beli petani di perde...",483
1871,2022-04-01,2022,2.4.4,Statistik Ekonomi,Statistik Sektoral,Transportasi,"Jumlah kunjungan wisman ke Indonesia pada Februari 2022 melalui pintu masuk utama mencapai 18,46 ribu kunjungan, dan Jumlah penumpang angkutan udara internasional pada Februari 2022 naik 21,74 persen.","Jumlah kunjungan wisman ke Indonesia pada Februari 2022 melalui pintu masuk utama mencapai 18,46 ribu kunjungan, dan Jumlah penumpang angkutan udara internasional pada Februari 2022 naik 21,74 persen. A. Perkembangan Pariwisata Jumlah kunjungan wisman ke Indonesia yang datang melalui pintu masuk ...",420
1859,2022-04-01,2022,2.7,Statistik Ekonomi,Harga,Harga-Harga,"Inflasi terjadi pada Maret 2022 sebesar 0,66 persen. Inflasi tertinggi terjadi di Merauke sebesar 1,86 persen.","Inflasi terjadi pada Maret 2022 sebesar 0,66 persen. Inflasi tertinggi terjadi di Merauke sebesar 1,86 persen. Pada Maret 2022 terjadi inflasi sebesar 0,66 persen dengan Indeks Harga Konsumen (IHK) sebesar 108,95. Dari 90 kota IHK, 88 kota mengalami inflasi dan 2 kota mengalami deflasi. Inflasi t...",260
1937,2022-03-15,2022,2.8,Statistik Ekonomi,Biaya Tenaga Kerja,Biaya Tenaga Kerja,"Upah Nominal Harian Buruh Tani Nasional Februari 2022 Naik Sebesar 0,31 Persen","Upah Nominal Harian Buruh Tani Nasional Februari 2022 Naik Sebesar 0,31 Persen Upah nominal buruh/pekerja adalah rata-rata upah harian yang diterima buruh sebagai balas jasa pekerjaan yang telah dilakukan. Upah riil buruh/pekerja menggambarkan daya beli dari pendapatan/upah yang diterima buruh/pe...",143
1919,2022-03-15,2022,2.6,Statistik Ekonomi,Perdagangan Internasional,Perdagangan Internasional dan Neraca Pembayaran,"Ekspor Februari 2022 mencapai US$20,46 miliar miliar, naik 6,73 persen dibanding Januari 2022 dan Impor Februari 2022 senilai US$16,64 miliar, turun 8,64 persen dibanding Januari 2022","Ekspor Februari 2022 mencapai US$20,46 miliar miliar, naik 6,73 persen dibanding Januari 2022 dan Impor Februari 2022 senilai US$16,64 miliar, turun 8,64 persen dibanding Januari 2022 A. PERKEMBANGAN EKSPOR Nilai ekspor Indonesia Februari 2022 mencapai US$20,46 miliar atau naik 6,73 persen diband...",455
1909,2022-03-01,2022,2.4.1,Statistik Ekonomi,Statistik Sektoral,"Pertanian, Kehutanan, Perikanan","Produksi Padi Tahun 2021 Turun 0,43 persen (Angka Tetap)","Produksi Padi Tahun 2021 Turun 0,43 persen (Angka Tetap) Luas panen padi pada 2021 mencapai sekitar 10,41 juta hektar, mengalami penurunan sebanyak 245,47 ribu hektar atau 2,30 persen dibandingkan luas panen padi di 2020 yang sebesar 10,66 juta hektar. Produksi padi pada 2021 yaitu sebesar 54,42 ...",98
1894,2022-03-01,2022,2.7,Statistik Ekonomi,Harga,Harga-Harga,"Februari 2022, Indeks Harga Perdagangan Besar (IHPB) Umum Nasional turun 0,01 persen","Februari 2022, Indeks Harga Perdagangan Besar (IHPB) Umum Nasional turun 0,01 persen Pada Februari 2022, Indeks Harga Perdagangan Besar (IHPB) Umum Nasional turun sebesar 0,01 persen terhadap IHPB Januari 2022. Penurunan IHPB terjadi pada Sektor Pertanian sebesar 1,14 persen. Beberapa komoditas y...",123
1882,2022-03-01,2022,2.7,Statistik Ekonomi,Harga,Harga-Harga,"Nilai Tukar Petani (NTP) Februari 2022 sebesar 108,83 atau naik 0,15 persen","Nilai Tukar Petani (NTP) Februari 2022 sebesar 108,83 atau naik 0,15 persen Nilai Tukar Petani (NTP) adalah perbandingan indeks harga yang diterima petani (It) terhadap indeks harga yang dibayar petani (Ib). NTP merupakan salah satu indikator untuk melihat tingkat kemampuan/daya beli petani di pe...",498
1870,2022-03-01,2022,2.4.4,Statistik Ekonomi,Statistik Sektoral,Transportasi,"Jumlah kunjungan wisman ke Indonesia bulan Januari 2022 mencapai 143,74 ribu kunjungan, dan Jumlah penumpang kereta api pada Januari 2022 naik 1,78 persen.","Jumlah kunjungan wisman ke Indonesia bulan Januari 2022 mencapai 143,74 ribu kunjungan, dan Jumlah penumpang kereta api pada Januari 2022 naik 1,78 persen. A. Perkembangan Pariwisata Jumlah kunjungan wisman ke Indonesia pada bulan Januari 2022 mencapai 143,74 ribu kunjungan, naik 13,62 persen dib...",284
1858,2022-03-01,2022,2.7,Statistik Ekonomi,Harga,Harga-Harga,"Deflasi terjadi pada Februari 2022 sebesar 0,02 persen. Deflasi tertinggi terjadi di Tanjung Pandan sebesar 2,08 persen.","Deflasi terjadi pada Februari 2022 sebesar 0,02 persen. Deflasi tertinggi terjadi di Tanjung Pandan sebesar 2,08 persen. Pada Februari 2022 terjadi deflasi sebesar 0,02 persen dengan Indeks Harga Konsumen (IHK) sebesar 108,24. Dari 90 kota IHK, 53 kota mengalami deflasi dan 37 kota mengalami infl...",277
1936,2022-02-15,2022,2.8,Statistik Ekonomi,Biaya Tenaga Kerja,Biaya Tenaga Kerja,"Upah Nominal Harian Buruh Tani Nasional Januari 2022 Naik Sebesar 0,72 Persen","Upah Nominal Harian Buruh Tani Nasional Januari 2022 Naik Sebesar 0,72 Persen Upah nominal buruh/pekerja adalah rata-rata upah harian yang diterima buruh sebagai balas jasa pekerjaan yang telah dilakukan. Upah riil buruh/pekerja menggambarkan daya beli dari pendapatan/upah yang diterima buruh/pek...",143
1918,2022-02-15,2022,2.6,Statistik Ekonomi,Perdagangan Internasional,Perdagangan Internasional dan Neraca Pembayaran,"Ekspor Januari 2022 mencapai US$19,16 miliar dan Impor Januari 2022 senilai US$18,23 miliar","Ekspor Januari 2022 mencapai US$19,16 miliar dan Impor Januari 2022 senilai US$18,23 miliar EKSPOR Nilai ekspor Indonesia Januari 2022 mencapai US$19,16 miliar atau turun 14,29 persen dibanding ekspor Desember 2021. Dibanding Januari 2021 nilai ekspor naik sebesar 25,31 persen. Ekspor nonmigas Ja...",394
1911,2022-02-07,2022,2.1,Statistik Ekonomi,Statistik Makroekonomi,Neraca Ekonomi,"Ekonomi Indonesia Triwulan IV 2021 Tumbuh 5,02 Persen (y-on-y)","Ekonomi Indonesia Triwulan IV 2021 Tumbuh 5,02 Persen (y-on-y) Perekonomian Indonesia 2021 yang diukur berdasarkan Produk Domestik Bruto (PDB) atas dasar harga berlaku mencapai Rp16.970,8 triliun dan PDB per kapita mencapai Rp62,2 juta atau US$4.349,5. Ekonomi Indonesia tahun 2021 tumbuh sebesar ...",208
1904,2022-02-02,2022,2.7,Statistik Ekonomi,Harga,Harga-Harga,"Harga Produsen Mengalami Inflasi 2,74 Persen di Triwulan IV-2021","Harga Produsen Mengalami Inflasi 2,74 Persen di Triwulan IV-2021 Indeks Harga Produsen (IHP) gabungan tiga sektor (Sektor Pertanian, Pertambangan dan Penggalian, dan Industri Pengolahan) pada triwulan IV- 2021 naik 2,74 persen terhadap triwulan III-2021 (q-to-q) dan naik 8,77 persen terhadap triw...",242
1893,2022-02-02,2022,2.7,Statistik Ekonomi,Harga,Harga-Harga,"Januari 2022, Indeks Harga Perdagangan Besar (IHPB) Umum Nasional naik 0,75 persen","Januari 2022, Indeks Harga Perdagangan Besar (IHPB) Umum Nasional naik 0,75 persen Pada Januari 2022, Indeks Harga Perdagangan Besar (IHPB) Umum Nasional naik sebesar 0,75 persen terhadap IHPB Desember 2021. Kenaikan IHPB tertinggi terjadi pada Sektor Pertanian sebesar 0,79 persen. Beberapa ko...",116
1881,2022-02-02,2022,2.7,Statistik Ekonomi,Harga,Harga-Harga,"Nilai Tukar Petani (NTP) Januari 2022 sebesar 108,67 atau naik 0,30 persen","Nilai Tukar Petani (NTP) Januari 2022 sebesar 108,67 atau naik 0,30 persen Nilai Tukar Petani (NTP) adalah perbandingan indeks harga yang diterima petani (It) terhadap indeks harga yang dibayar petani (Ib). NTP merupakan salah satu indikator untuk melihat tingkat kemampuan/daya beli petani di per...",487
1869,2022-02-02,2022,2.4.4,Statistik Ekonomi,Statistik Sektoral,Transportasi,"Jumlah kunjungan wisman ke Indonesia bulan Desember 2021 mencapai 163,62 ribu kunjungan dan Jumlah penumpang angkutan udara internasional bulan Desember 2021 naik 29,84 persen.","Jumlah kunjungan wisman ke Indonesia bulan Desember 2021 mencapai 163,62 ribu kunjungan dan Jumlah penumpang angkutan udara internasional bulan Desember 2021 naik 29,84 persen. Perkembangan Pariwisata Jumlah kunjungan wisman ke Indonesia pada bulan Desember 2021 mencapai 163,62 ribu kunjungan, tu...",389
1857,2022-02-02,2022,2.7,Statistik Ekonomi,Harga,Harga-Harga,"Inflasi terjadi pada Januari 2022 sebesar 0,56 persen. Inflasi tertinggi terjadi di Sibolga sebesar 1,53 persen.","Inflasi terjadi pada Januari 2022 sebesar 0,56 persen. Inflasi tertinggi terjadi di Sibolga sebesar 1,53 persen. Pada Januari 2022 terjadi inflasi sebesar 0,56 persen dengan Indeks Harga Konsumen (IHK) sebesar 108,26. Dari 90 kota IHK, 85 kota mengalami inflasi dan 5 kota mengalami deflasi. Infla...",266
1935,2022-01-17,2022,2.8,Statistik Ekonomi,Biaya Tenaga Kerja,Biaya Tenaga Kerja,"Upah Nominal Harian Buruh Tani Nasional Desember 2021 Naik Sebesar 0,17 Persen","Upah Nominal Harian Buruh Tani Nasional Desember 2021 Naik Sebesar 0,17 Persen • Upah nominal buruh/pekerja adalah rata-rata upah harian yang diterima buruh sebagai balas jasa pekerjaan yang telah dilakukan. • Upah riil buruh/pekerja menggambarkan daya beli dari pendapatan/upah yang diterima buru...",148
1932,2022-01-17,2022,3.3.1,Statistik Lingkungan Hidup dan Multi-domain,Statistik Multi-domain,"Kondisi Tempat Tinggal, Kemiskinan, dan Permasalahan Sosial Lintas Sektor","[Revisi per 25 Jan 2022] Gini Ratio September 2021 tercatat sebesar 0,381","[Revisi per 25 Jan 2022] Gini Ratio September 2021 tercatat sebesar 0,381 Pada September 2021, tingkat ketimpangan pengeluaran penduduk Indonesia yang diukur oleh Gini Ratio adalah sebesar 0,381. Angka ini menurun 0,003 poin jika dibandingkan dengan Gini Ratio Maret 2021 yang sebesar 0,384 dan me...",177
1929,2022-01-17,2022,3.3.1,Statistik Lingkungan Hidup dan Multi-domain,Statistik Multi-domain,"Kondisi Tempat Tinggal, Kemiskinan, dan Permasalahan Sosial Lintas Sektor","Persentase Penduduk Miskin September 2021 turun menjadi 9,71 persen","Persentase Penduduk Miskin September 2021 turun menjadi 9,71 persen Persentase penduduk miskin pada September 2021 sebesar 9,71 persen, menurun 0,43 persen poin terhadap Maret 2021 dan menurun 0,48 persen poin terhadap September 2020. Jumlah penduduk miskin pada September 2021 sebesar 26,50 juta ...",208
1917,2022-01-17,2022,2.6,Statistik Ekonomi,Perdagangan Internasional,Perdagangan Internasional dan Neraca Pembayaran,"Ekspor Desember 2021 mencapai US$22,38 miliar dan Impor Desember 2021 senilai US$21,36 miliar","Ekspor Desember 2021 mencapai US$22,38 miliar dan Impor Desember 2021 senilai US$21,36 miliar EKSPOR Nilai ekspor Indonesia Desember 2021 mencapai US$22,38 miliar atau turun 2,04 persen dibanding ekspor November 2021. Dibanding Desember 2020 nilai ekspor naik sebesar 35,30 persen. Ekspor nonmigas...",430
1892,2022-01-03,2022,2.7,Statistik Ekonomi,Harga,Harga-Harga,"Pada Desember 2021, Indeks Harga Perdagangan Besar (IHPB) Umum Nasional naik 0,73 persen","Pada Desember 2021, Indeks Harga Perdagangan Besar (IHPB) Umum Nasional naik 0,73 persen Pada Desember 2021, Indeks Harga Perdagangan Besar (IHPB) Umum Nasional naik sebesar 0,73 persen terhadap IHPB November 2021. Kenaikan IHPB tertinggi terjadi pada Sektor Pertanian sebesar 1,68 persen. Beberap...",122
1880,2022-01-03,2022,2.7,Statistik Ekonomi,Harga,Harga-Harga,"Nilai Tukar Petani (NTP) Desember 2021 sebesar 108,34 atau naik 1,08 persen","Nilai Tukar Petani (NTP) Desember 2021 sebesar 108,34 atau naik 1,08 persen Nilai Tukar Petani (NTP) adalah perbandingan indeks harga yang diterima petani (It) terhadap indeks harga yang dibayar petani (Ib). NTP merupakan salah satu indikator untuk melihat tingkat kemampuan/daya beli petani di pe...",503
1868,2022-01-03,2022,2.4.4,Statistik Ekonomi,Statistik Sektoral,Transportasi,"Jumlah kunjungan wisman ke Indonesia pada November 2021 mencapai 153,20 ribu kunjungan dan Jumlah penumpang angkutan udara internasional pada November 2021 naik 42,26 persen.","Jumlah kunjungan wisman ke Indonesia pada November 2021 mencapai 153,20 ribu kunjungan dan Jumlah penumpang angkutan udara internasional pada November 2021 naik 42,26 persen. Jumlah kunjungan wisman ke Indonesia pada November 2021 mencapai 153,20 ribu kunjungan, naik 6,04 persen dibandingkan deng...",360
1856,2022-01-03,2022,2.7,Statistik Ekonomi,Harga,Harga-Harga,"Inflasi terjadi pada Desember 2021 sebesar 0,57 persen. Inflasi tertinggi terjadi di Jayapura sebesar 1,91 persen.","Inflasi terjadi pada Desember 2021 sebesar 0,57 persen. Inflasi tertinggi terjadi di Jayapura sebesar 1,91 persen. Pada Desember 2021, terjadi inflasi sebesar 0,57 persen dengan Indeks Harga Konsumen (IHK) sebesar 107,66. Dari 90 kota IHK, 88 kota mengalami inflasi dan 2 kota mengalami deflasi. I...",259
1972,2023-12-15,2023,2.6,Statistik Ekonomi,Perdagangan Internasional,Perdagangan Internasional dan Neraca Pembayaran,"Ekspor November 2023 mencapai US$22,00 miliar, turun 0,67 persen dibanding Oktober 2023 dan Impor November 2023 senilai US$19,59 miliar, naik 4,89 persen dibanding Oktober 2023","Ekspor November 2023 mencapai US$22,00 miliar, turun 0,67 persen dibanding Oktober 2023 dan Impor November 2023 senilai US$19,59 miliar, naik 4,89 persen dibanding Oktober 2023 A. Perkembangan Ekspor Nilai ekspor Indonesia November 2023 mencapai US$22,00 miliar atau turun 0,67 persen dibanding ek...",463
2050,2023-12-04,2023,-,Tidak Berkategori,Tidak Berkategori,Tidak Berkategori,Hasil Pencacahan Lengkap Sensus Pertanian 2023 - Tahap I,"Hasil Pencacahan Lengkap Sensus Pertanian 2023 - Tahap I Jumlah Usaha Pertanian Perorangan (UTP) sebanyak 29.342.202 unit atau turun 7,45 persen dari tahun 2013 yang sebanyak 31.705.295 unit. Jumlah Rumah Tangga Usaha Pertanian (RTUP) sebanyak 28.419.398 rumah tangga, naik 8,74 persen dari tahun ...",168
2048,2023-12-01,2023,-,Tidak Berkategori,Tidak Berkategori,Tidak Berkategori,"Kunjungan wisatawan mancanegara pada Oktober 2023 mencapai 978,50 ribu kunjungan, naik 33,27 persen (year-on-year)","Kunjungan wisatawan mancanegara pada Oktober 2023 mencapai 978,50 ribu kunjungan, naik 33,27 persen (year-on-year) Kunjungan wisatawan mancanegara pada Oktober 2023 mencapai 978,50 ribu kunjungan, naik 33,27 persen (year-on-year). Perjalanan wisatawan nusantara pada Oktober 2023 mencapai 62,70 ju...",58
2045,2023-12-01,2023,-,Tidak Berkategori,Tidak Berkategori,Tidak Berkategori,"Jumlah penumpang kereta api pada Oktober 2023 naik 6,57 persen","Jumlah penumpang kereta api pada Oktober 2023 naik 6,57 persen Jumlah penumpang angkutan udara domestik yang berangkat pada Oktober 2023 sebanyak 5,3 juta orang atau naik 5,38 persen dibanding kondisi pada September 2023. Jumlah penumpang tujuan luar negeri (internasional) naik 0,78 persen menjad...",223
2014,2023-12-01,2023,2.7,Statistik Ekonomi,Harga,Harga-Harga,"Pada November 2023, perubahan Indeks Harga Perdagangan Besar(IHPB) Umum Nasional tahun ke tahun sebesar 3,55 persen","Pada November 2023, perubahan Indeks Harga Perdagangan Besar(IHPB) Umum Nasional tahun ke tahun sebesar 3,55 persen Pada November 2023, perubahan Indeks Harga Perdagangan Besar (IHPB) Umum Nasional tahun ke tahun (y-on-y) sebesar 3,55 persen terhadap IHPB November 2022. Kenaikan IHPB tertinggi te...",130
1996,2023-12-01,2023,2.7,Statistik Ekonomi,Harga,Harga-Harga,"Nilai Tukar Petani (NTP) November 2023 sebesar 116,73 atau naik 0,82 persen. Harga Gabah Kering Panen di Tingkat Petani turun 1,94 persen dan Harga Beras Premium di Penggilingan turun 0,91 persen.","Nilai Tukar Petani (NTP) November 2023 sebesar 116,73 atau naik 0,82 persen. Harga Gabah Kering Panen di Tingkat Petani turun 1,94 persen dan Harga Beras Premium di Penggilingan turun 0,91 persen. Nilai Tukar Petani (NTP) adalah perbandingan indeks harga yang diterima petani (It) terhadap indeks ...",201
1960,2023-12-01,2023,2.7,Statistik Ekonomi,Harga,Harga-Harga,"Inflasi year-on-year (y-on-y) pada November 2023 sebesar 2,86 persen. Inflasi tertinggi terjadi di Tanjung Pandan sebesar 5,89 persen.","Inflasi year-on-year (y-on-y) pada November 2023 sebesar 2,86 persen. Inflasi tertinggi terjadi di Tanjung Pandan sebesar 5,89 persen. Pada November 2023 terjadi inflasi year on year (y-on-y) sebesar 2,86 persen dengan Indeks Harga Konsumen (IHK) sebesar 116,08. Inflasi tertinggi terjadi di Tanju...",211
2033,2023-11-15,2023,3.3.1,Statistik Lingkungan Hidup dan Multi-domain,Statistik Multi-domain,"Kondisi Tempat Tinggal, Kemiskinan, dan Permasalahan Sosial Lintas Sektor","Indeks Pembangunan Manusia (IPM) Indonesia tahun 2023 mencapai 74,39, meningkat 0,62 poin (0,84 persen) dibandingkan tahun sebelumnya (73,77).","Indeks Pembangunan Manusia (IPM) Indonesia tahun 2023 mencapai 74,39, meningkat 0,62 poin (0,84 persen) dibandingkan tahun sebelumnya (73,77). Indeks Pembangunan Manusia (IPM) Indonesia tahun 2023 mencapai 74,39, meningkat 0,62 poin (0,84 persen) dibandingkan tahun sebelumnya (73,77). Selama 2020...",218
1971,2023-11-15,2023,2.6,Statistik Ekonomi,Perdagangan Internasional,Perdagangan Internasional dan Neraca Pembayaran,"Ekspor Oktober 2023 mencapai US$22,15 miliar, naik 6,76 persen dibanding September 2023 dan Impor Oktober 2023 senilai US$18,67 miliar, naik 7,68 persen dibanding September 2023","Ekspor Oktober 2023 mencapai US$22,15 miliar, naik 6,76 persen dibanding September 2023 dan Impor Oktober 2023 senilai US$18,67 miliar, naik 7,68 persen dibanding September 2023 A. Perkembangan Ekspor Nilai ekspor Indonesia Oktober 2023 mencapai US$22,15 miliar atau naik 6,76 persen dibanding eks...",460
2046,2023-11-06,2023,-,Tidak Berkategori,Tidak Berkategori,Tidak Berkategori,"Indeks Perilaku Anti Korupsi (IPAK) Indonesia 2023 sebesar 3,92, menurun dibandingkan IPAK 2022","Indeks Perilaku Anti Korupsi (IPAK) Indonesia 2023 sebesar 3,92, menurun dibandingkan IPAK 2022 IPAK Indonesia 2023 sebesar 3,92 pada skala 0 sampai 5. Angka ini lebih rendah dibandingkan capaian 2022 sebesar 3,93. Nilai indeks semakin mendekati 5 menunjukkan bahwa masyarakat berperilaku semakin ...",175
2002,2023-11-06,2023,1.2,Statistik Demografi dan Sosial,Ketenagakerjaan,Tenaga Kerja,"Tingkat Pengangguran Terbuka (TPT) sebesar 5,32 persen dan Rata-rata upah buruh sebesar 3,18 juta rupiah per bulan","Tingkat Pengangguran Terbuka (TPT) sebesar 5,32 persen dan Rata-rata upah buruh sebesar 3,18 juta rupiah per bulan A. Keadaan Ketenagakerjaan Jumlah angkatan kerja berdasarkan Survei Angkatan Kerja Nasional (Sakernas) pada Agustus 2023 sebanyak 147,71 juta orang, naik 3,99 juta orang dibanding Ag...",304
2000,2023-11-06,2023,2.1,Statistik Ekonomi,Statistik Makroekonomi,Neraca Ekonomi,"Ekonomi Indonesia triwulan III-2023 tumbuh 4,94 persen (y-on-y)","Ekonomi Indonesia triwulan III-2023 tumbuh 4,94 persen (y-on-y) Perekonomian Indonesia pada triwulan III-2023 berdasarkan besaran Produk Domestik Bruto (PDB) atas dasar harga berlaku mencapai Rp5.296,0 triliun atau atas dasar harga konstan 2010 mencapai Rp3.124,9 triliun. Ekonomi Indonesia triwul...",201
2047,2023-11-01,2023,-,Tidak Berkategori,Tidak Berkategori,Tidak Berkategori,"Kunjungan wisatawan mancanegara pada September 2023 tumbuh 52,76 persen bila dibandingkan bulan yang sama pada tahun lalu","Kunjungan wisatawan mancanegara pada September 2023 tumbuh 52,76 persen bila dibandingkan bulan yang sama pada tahun lalu Pada September 2023, kunjungan wisatawan mancanegara (wisman) di Indonesia mencapai 1,07 juta kunjungan. Jumlah ini turun 5,51 persen dibandingkan Agustus 2023 (month-to-month...",244
2044,2023-11-01,2023,-,Tidak Berkategori,Tidak Berkategori,Tidak Berkategori,"Jumlah penumpang kereta api pada September 2023 naik 0,62 persen","Jumlah penumpang kereta api pada September 2023 naik 0,62 persen Jumlah penumpang angkutan udara domestik yang berangkat pada September 2023 sebanyak 5,0 juta orang atau turun 3,90 persen dibanding kondisi pada Agustus 2023. Jumlah penumpang tujuan luar negeri (internasional) turun 3,74 persen me...",223
2020,2023-11-01,2023,2.7,Statistik Ekonomi,Harga,Harga-Harga,"Harga Produsen Mengalami Inflasi 0,08 Persen di Triwulan III-2023","Harga Produsen Mengalami Inflasi 0,08 Persen di Triwulan III-2023 Indeks Harga Produsen (IHP) gabungan tiga sektor (Sektor Pertanian; Pertambangan dan Penggalian; dan Industri Pengolahan) pada triwulan III-2023 naik 0,08 persen terhadap triwulan II-2023 (q-to-q) dan naik 0,75 persen terhadap triw...",239
2013,2023-11-01,2023,2.7,Statistik Ekonomi,Harga,Harga-Harga,"Pada Oktober 2023, perubahan Indeks Harga Perdagangan Besar (IHPB) Umum Nasional tahun ke tahun sebesar 3,56 persen","Pada Oktober 2023, perubahan Indeks Harga Perdagangan Besar (IHPB) Umum Nasional tahun ke tahun sebesar 3,56 persen Pada Oktober 2023, perubahan Indeks Harga Perdagangan Besar (IHPB) Umum Nasional tahun ke tahun (y-on-y) sebesar 3,56 persen terhadap IHPB Oktober 2022. Kenaikan IHPB tertinggi terj...",129
1995,2023-11-01,2023,2.7,Statistik Ekonomi,Harga,Harga-Harga,"Nilai Tukar Petani (NTP) Oktober 2023 sebesar 115,78 atau naik 1,43 persen. Harga Gabah Kering Panen di Tingkat Petani naik 5,16 persen dan Harga Beras Premium di Penggilingan naik 3,65 persen.","Nilai Tukar Petani (NTP) Oktober 2023 sebesar 115,78 atau naik 1,43 persen. Harga Gabah Kering Panen di Tingkat Petani naik 5,16 persen dan Harga Beras Premium di Penggilingan naik 3,65 persen. Nilai Tukar Petani (NTP) adalah perbandingan indeks harga yang diterima petani (It) terhadap indeks har...",483
1959,2023-11-01,2023,2.7,Statistik Ekonomi,Harga,Harga-Harga,"Inflasi year-on-year (y-on-y) pada Oktober 2023 sebesar 2,56 persen. Inflasi tertinggi terjadi di Tanjung Pandan sebesar 5,43 persen","Inflasi year-on-year (y-on-y) pada Oktober 2023 sebesar 2,56 persen. Inflasi tertinggi terjadi di Tanjung Pandan sebesar 5,43 persen Pada Oktober 2023 terjadi inflasi year on year (y-on-y) sebesar 2,56 persen dengan Indeks Harga Konsumen (IHK) sebesar 115,64. Inflasi tertinggi terjadi di Tanjung ...",211
2049,2023-10-16,2023,-,Tidak Berkategori,Tidak Berkategori,Tidak Berkategori,Luas Panen dan Produksi Jagung di Indonesia 2023 (Angka Sementara),"Luas Panen dan Produksi Jagung di Indonesia 2023 (Angka Sementara) Pada 2023, luas panen jagung pipilan diperkirakan sebesar 2,49 juta hektare. Produksi jagung pipilan kering dengan kadar air 14 persen pada 2023 sebesar 14,46 juta ton. Luas panen jagung pipilan pada 2023 diperkirakan sebesar 2,49...",99
2037,2023-10-16,2023,2.4.1,Statistik Ekonomi,Statistik Sektoral,"Pertanian, Kehutanan, Perikanan",Luas Panen dan Produksi Padi di Indonesia 2023 (Angka Sementara),"Luas Panen dan Produksi Padi di Indonesia 2023 (Angka Sementara) Pada 2023, luas panen padi diperkirakan sebesar 10,20 juta hektare dengan produksi padi sekitar 53,63 juta ton gabah kering giling (GKG). Jika dikonversikan menjadi beras untuk konsumsi pangan penduduk, produksi beras pada 2023 dipe...",140
1970,2023-10-16,2023,2.6,Statistik Ekonomi,Perdagangan Internasional,Perdagangan Internasional dan Neraca Pembayaran,"Ekspor September 2023 mencapai US$20,76 miliar, turun 5,63 persen dibanding Agustus 2023 dan Impor September 2023 senilai US$17,34 miliar, turun 8,15 persen dibanding Agustus 2023","Ekspor September 2023 mencapai US$20,76 miliar, turun 5,63 persen dibanding Agustus 2023 dan Impor September 2023 senilai US$17,34 miliar, turun 8,15 persen dibanding Agustus 2023 A. Perkembangan Ekspor Nilai ekspor Indonesia September 2023 mencapai US$20,76 miliar atau turun 5,63 persen dibandin...",460
2043,2023-10-02,2023,-,Tidak Berkategori,Tidak Berkategori,Tidak Berkategori,Perkembangan Transportasi Nasional Agustus 2023,"Perkembangan Transportasi Nasional Agustus 2023 Jumlah penumpang angkutan udara internasional pada Agustus 2023 naik 13,40 persen. Jumlah barang yang diangkut oleh angkutan laut pada Agustus 2023 naik 2,06 persen. Jumlah penumpang angkutan udara domestik yang berangkat pada Agustus 2023 sebanyak ...",239
2012,2023-10-02,2023,2.7,Statistik Ekonomi,Harga,Harga-Harga,"Pada September 2023, perubahan Indeks Harga Perdagangan Besar (IHPB) Umum Nasional tahun ke tahun sebesar 3,28 persen.","Pada September 2023, perubahan Indeks Harga Perdagangan Besar (IHPB) Umum Nasional tahun ke tahun sebesar 3,28 persen. Pada September 2023, perubahan Indeks Harga Perdagangan Besar (IHPB) Umum Nasional tahun ke tahun (y-on-y) sebesar 3,28 persen terhadap IHPB September 2022. Kenaikan IHPB terting...",129
1994,2023-10-02,2023,2.7,Statistik Ekonomi,Harga,Harga-Harga,"Nilai Tukar Petani (NTP) September 2023 sebesar 114,14 atau naik 2,05 persen. Harga Gabah Kering Panen di Tingkat Petani naik 11,69 persen dan Harga Beras Premium di Penggilingan naik 9,75 persen.","Nilai Tukar Petani (NTP) September 2023 sebesar 114,14 atau naik 2,05 persen. Harga Gabah Kering Panen di Tingkat Petani naik 11,69 persen dan Harga Beras Premium di Penggilingan naik 9,75 persen. Nilai Tukar Petani (NTP) adalah perbandingan indeks harga yang diterima petani (It) terhadap indeks ...",482
1982,2023-10-02,2023,2.4.4,Statistik Ekonomi,Statistik Sektoral,Transportasi,"Kunjungan wisatawan mancanegara pada Agustus 2023 tumbuh 68,92 persen bila dibandingkan bulan yang sama pada tahun lalu","Kunjungan wisatawan mancanegara pada Agustus 2023 tumbuh 68,92 persen bila dibandingkan bulan yang sama pada tahun lalu Memasuki Agustus 2023, kunjungan wisatawan mancanegara (wisman) di Indonesia mencapai 1,13 juta kunjungan. Jumlah ini naik tipis 1,02 persen dibandingkan Juli 2023 (month-to-mon...",189
1958,2023-10-02,2023,2.7,Statistik Ekonomi,Harga,Harga-Harga,"September 2023 inflasi Year on Year (y-on-y) sebesar 2,28 persen. Inflasi tertinggi terjadi di Manokwari sebesar 5,26 persen","September 2023 inflasi Year on Year (y-on-y) sebesar 2,28 persen. Inflasi tertinggi terjadi di Manokwari sebesar 5,26 persen Pada September 2023 terjadi inflasi year on year (y-on-y) sebesar 2,28 persen dengan Indeks Harga Konsumen (IHK) sebesar 115,44. Inflasi tertinggi terjadi di Manokwari sebe...",216
1969,2023-09-15,2023,2.6,Statistik Ekonomi,Perdagangan Internasional,Perdagangan Internasional dan Neraca Pembayaran,"Ekspor Agustus 2023 mencapai US$22,00 miliar, naik 5,47 persen dibanding Juli 2023 dan Impor Agustus 2023 senilai US$18,88 miliar, turun 3,53 persen dibanding Juli 2023","Ekspor Agustus 2023 mencapai US$22,00 miliar, naik 5,47 persen dibanding Juli 2023 dan Impor Agustus 2023 senilai US$18,88 miliar, turun 3,53 persen dibanding Juli 2023 A. PERKEMBANGAN EKSPOR Nilai ekspor Indonesia Agustus 2023 mencapai US$22,00 miliar atau naik 5,47 persen dibanding ekspor Juli ...",461
2011,2023-09-01,2023,2.7,Statistik Ekonomi,Harga,Harga-Harga,"Pada Agustus 2023, perubahan Indeks Harga Perdagangan Besar (IHPB) Umum Nasional tahun ke tahun sebesar 3,72 persen.","Pada Agustus 2023, perubahan Indeks Harga Perdagangan Besar (IHPB) Umum Nasional tahun ke tahun sebesar 3,72 persen. Pada Agustus 2023, perubahan Indeks Harga Perdagangan Besar (IHPB) Umum Nasional tahun ke tahun (y-on-y) sebesar 3,72 persen terhadap IHPB Agustus 2022. Kenaikan IHPB tertinggi ter...",131
1993,2023-09-01,2023,2.7,Statistik Ekonomi,Harga,Harga-Harga,Perkembangan Nilai Tukar Petani dan Harga Produsen Gabah Agustus 2023,"Perkembangan Nilai Tukar Petani dan Harga Produsen Gabah Agustus 2023 Nilai Tukar Petani (NTP) Agustus 2023 sebesar 111,85 atau naik 1,09 persen. Harga Gabah Kering Panen di Tingkat Petani naik 3,62 persen dan Harga Beras Premium di Penggilingan naik 1,88 persen. Nilai Tukar Petani (NTP) adalah p...",211
1981,2023-09-01,2023,2.4.4,Statistik Ekonomi,Statistik Sektoral,Transportasi,"Kunjungan wisatawan mancanegara pada Juli 2023 tumbuh 74,07 persen bila dibandingkan bulan yang sama pada tahun lalu dan Jumlah penumpang angkutan udara domestik pada Juli 2023 naik 9,11 persen","Kunjungan wisatawan mancanegara pada Juli 2023 tumbuh 74,07 persen bila dibandingkan bulan yang sama pada tahun lalu dan Jumlah penumpang angkutan udara domestik pada Juli 2023 naik 9,11 persen A. Perkembangan Pariwisata Memasuki Juli 2023, kunjungan wisatawan mancanegara (wisman) di Indonesia me...",416
1957,2023-09-01,2023,2.7,Statistik Ekonomi,Harga,Harga-Harga,"Agustus 2023 inflasi Year on Year (y-on-y) sebesar 3,27 persen. Inflasi tertinggi terjadi di Manokwari sebesar 6,40 persen","Agustus 2023 inflasi Year on Year (y-on-y) sebesar 3,27 persen. Inflasi tertinggi terjadi di Manokwari sebesar 6,40 persen Pada Agustus 2023 terjadi inflasi year on year (y-on-y) sebesar 3,27 persen dengan Indeks Harga Konsumen (IHK) sebesar 115,22. Inflasi tertinggi terjadi di Manokwari sebesar ...",222
1968,2023-08-15,2023,2.6,Statistik Ekonomi,Perdagangan Internasional,Perdagangan Internasional dan Neraca Pembayaran,"Ekspor Juli 2023 mencapai US$20,88 miliar, naik 1,36 persen dibanding Juni 2023 dan Impor Juli 2023 senilai US$19,57 miliar, naik 14,10 persen dibanding Juni 2023","Ekspor Juli 2023 mencapai US$20,88 miliar, naik 1,36 persen dibanding Juni 2023 dan Impor Juli 2023 senilai US$19,57 miliar, naik 14,10 persen dibanding Juni 2023 A. PERKEMBANGAN EKSPOR Nilai ekspor Indonesia Juli 2023 mencapai US$20,88 miliar atau naik 1,36 persen dibanding ekspor Juni 2023. Dib...",463
1999,2023-08-07,2023,2.1,Statistik Ekonomi,Statistik Makroekonomi,Neraca Ekonomi,"Ekonomi Indonesia Triwulan II-2023 Tumbuh 5,17 Persen (y-on-y)","Ekonomi Indonesia Triwulan II-2023 Tumbuh 5,17 Persen (y-on-y) Perekonomian Indonesia berdasarkan besaran Produk Domestik Bruto (PDB) atas dasar harga berlaku triwulan II-2023 mencapai Rp5.226,7 triliun dan atas dasar harga konstan 2010 mencapai Rp3.075,7 triliun. Ekonomi Indonesia triwulan II-20...",201
2042,2023-08-01,2023,-,Tidak Berkategori,Tidak Berkategori,Tidak Berkategori,Indeks Ketimpangan Gender (IKG) 2022,"Indeks Ketimpangan Gender (IKG) 2022 Indeks Ketimpangan Gender (IKG) Indonesia tahun 2022 sebesar 0,459, turun 0,006 poin dibandingkan 2021. Penurunan ketimpangan gender terjadi di sebagian besar provinsi di Indonesia. Indeks Ketimpangan Gender (IKG) tahun 2022 sebesar 0,459, turun 0,006 poin dib...",133
2019,2023-08-01,2023,2.7,Statistik Ekonomi,Harga,Harga-Harga,"Harga Produsen Mengalami Deflasi 0,98 Persen di Triwulan II-2023","Harga Produsen Mengalami Deflasi 0,98 Persen di Triwulan II-2023 Indeks Harga Produsen (IHP) gabungan tiga sektor (Sektor Pertanian; Pertambangan dan Penggalian; dan Industri Pengolahan) pada triwulan II 2023 turun 0,98 persen terhadap triwulan I-2023 (q-to-q) dan naik 1,56persen terhadap triwula...",239
2010,2023-08-01,2023,2.7,Statistik Ekonomi,Harga,Harga-Harga,"Pada Juli 2023, perubahan Indeks Harga Perdagangan Besar (IHPB) Umum Nasional tahun ke tahun sebesar 3,56 persen","Pada Juli 2023, perubahan Indeks Harga Perdagangan Besar (IHPB) Umum Nasional tahun ke tahun sebesar 3,56 persen Pada Juli 2023, perubahan Indeks Harga Perdagangan Besar (IHPB) Umum Nasional tahun ke tahun (y-on-y) sebesar 3,56 persen terhadap IHPB Juli 2022. Kenaikan IHPB tertinggi terjadi pada ...",133
1992,2023-08-01,2023,2.7,Statistik Ekonomi,Harga,Harga-Harga,"Nilai Tukar Petani (NTP) Juli 2023 sebesar 110,64 atau naik 0,21 persen. Harga Gabah Kering Panen di Tingkat Petani naik 1,55 persen dan Harga Beras Premium di Penggilingan naik 0,11 persen.","Nilai Tukar Petani (NTP) Juli 2023 sebesar 110,64 atau naik 0,21 persen. Harga Gabah Kering Panen di Tingkat Petani naik 1,55 persen dan Harga Beras Premium di Penggilingan naik 0,11 persen. Nilai Tukar Petani (NTP) adalah perbandingan indeks harga yang diterima petani (It) terhadap indeks harga ...",483
1980,2023-08-01,2023,2.4.4,Statistik Ekonomi,Statistik Sektoral,Transportasi,"Kunjungan wisatawan mancanegara pada Juni 2023 tumbuh 119,64 persen bila dibandingkan bulan yang sama pada tahun lalu dan Jumlah penumpang angkutan udara internasional pada Juni 2023 naik 10,66 persen","Kunjungan wisatawan mancanegara pada Juni 2023 tumbuh 119,64 persen bila dibandingkan bulan yang sama pada tahun lalu dan Jumlah penumpang angkutan udara internasional pada Juni 2023 naik 10,66 persen A. Perkembangan Pariwisata Memasuki bulan Juni tahun 2023, kunjungan wisatawan mancanegara (wism...",403
1956,2023-08-01,2023,2.7,Statistik Ekonomi,Harga,Harga-Harga,"Juli 2023 inflasi Year on Year (y-on-y) sebesar 3,08 persen. Inflasi tertinggi terjadi di Merauke sebesar 5,21 persen","Juli 2023 inflasi Year on Year (y-on-y) sebesar 3,08 persen. Inflasi tertinggi terjadi di Merauke sebesar 5,21 persen Pada Juli 2023 terjadi inflasi year on year (y-on-y) sebesar 3,08 persen dengan Indeks Harga Konsumen (IHK) sebesar 115,24. Inflasi tertinggi terjadi di Merauke sebesar 5,21 perse...",219
2035,2023-07-17,2023,3.3.1,Statistik Lingkungan Hidup dan Multi-domain,Statistik Multi-domain,"Kondisi Tempat Tinggal, Kemiskinan, dan Permasalahan Sosial Lintas Sektor","Gini Ratio Maret 2023 tercatat sebesar 0,388.","Gini Ratio Maret 2023 tercatat sebesar 0,388. Pada Maret 2023, tingkat ketimpangan pengeluaran penduduk Indonesia yang diukur menggunakan Gini Ratio adalah sebesar 0,388. Angka ini meningkat 0,007 poin jika dibandingkan dengan Gini Ratio September 2022 yang sebesar 0,381 dan meningkat 0,004 poin ...",172
2016,2023-07-17,2023,3.3.1,Statistik Lingkungan Hidup dan Multi-domain,Statistik Multi-domain,"Kondisi Tempat Tinggal, Kemiskinan, dan Permasalahan Sosial Lintas Sektor",Profil Kemiskinan di Indonesia Maret 2023,"Profil Kemiskinan di Indonesia Maret 2023 Persentase penduduk miskin pada Maret 2023 sebesar 9,36 persen, menurun 0,21 persen poin terhadap September 2022 dan menurun 0,18 persen poin terhadap Maret 2022. Jumlah penduduk miskin pada Maret 2023 sebesar 25,90 juta orang, menurun 0,46 juta orang ter...",206
1967,2023-07-17,2023,2.6,Statistik Ekonomi,Perdagangan Internasional,Perdagangan Internasional dan Neraca Pembayaran,"Ekspor Juni 2023 mencapai US$20,61 miliar, turun 5,08 persen dibanding Mei 2023 dan Impor Juni 2023 senilai US$17,15 miliar, turun 19,40 persen dibanding Mei 2023","Ekspor Juni 2023 mencapai US$20,61 miliar, turun 5,08 persen dibanding Mei 2023 dan Impor Juni 2023 senilai US$17,15 miliar, turun 19,40 persen dibanding Mei 2023 A. PERKEMBANGAN EKSPOR Nilai ekspor Indonesia Juni 2023 mencapai US$20,61 miliar atau turun 5,08 persen dibanding ekspor Mei 2023. Dib...",459
2009,2023-07-03,2023,2.7,Statistik Ekonomi,Harga,Harga-Harga,"Pada Juni 2023, perubahan Indeks Harga Perdagangan Besar (IHPB) Umum Nasional tahun ke tahun sebesar 3,87 persen","Pada Juni 2023, perubahan Indeks Harga Perdagangan Besar (IHPB) Umum Nasional tahun ke tahun sebesar 3,87 persen Pada Juni 2023, perubahan Indeks Harga Perdagangan Besar (IHPB) Umum Nasional tahun ke tahun (y-on-y) sebesar 3,87 persen terhadap IHPB Juni 2022. Kenaikan IHPB tertinggi terjadi pada ...",133
1991,2023-07-03,2023,2.7,Statistik Ekonomi,Harga,Harga-Harga,"Nilai Tukar Petani (NTP) Juni 2023 sebesar 110,41 atau naik 0,19 persen dan Harga Gabah Kering Panen di Tingkat Petani turun 0,72 persen dan Harga Beras Premium di Penggilingan turun 0,85 persen","Nilai Tukar Petani (NTP) Juni 2023 sebesar 110,41 atau naik 0,19 persen dan Harga Gabah Kering Panen di Tingkat Petani turun 0,72 persen dan Harga Beras Premium di Penggilingan turun 0,85 persen Nilai Tukar Petani (NTP) adalah perbandingan indeks harga yang diterima petani (It) terhadap indeks ha...",482
1979,2023-07-03,2023,2.4.4,Statistik Ekonomi,Statistik Sektoral,Transportasi,"Kunjungan wisatawan mancanegara pada Mei 2023 tumbuh 166,42 persen bila dibandingkan bulan yang sama pada tahun lalu dan Jumlah penumpang angkutan udara internasional pada Mei 2023 naik 14,40 persen","Kunjungan wisatawan mancanegara pada Mei 2023 tumbuh 166,42 persen bila dibandingkan bulan yang sama pada tahun lalu dan Jumlah penumpang angkutan udara internasional pada Mei 2023 naik 14,40 persen A. Perkembangan Pariwisata Memasuki Mei 2023, kunjungan wisatawan mancanegara (wisman) di Indonesi...",426
1955,2023-07-03,2023,2.7,Statistik Ekonomi,Harga,Harga-Harga,"Inflasi year-on-year (y-on-y) pada Juni 2023 sebesar 3,52 persen. Inflasi tertinggi terjadi di Ambon sebesar 6,10 persen.","Inflasi year-on-year (y-on-y) pada Juni 2023 sebesar 3,52 persen. Inflasi tertinggi terjadi di Ambon sebesar 6,10 persen. Pada Juni 2023 terjadi inflasi year on year (y-on-y) sebesar 3,52 persen dengan Indeks Harga Konsumen (IHK) sebesar 115,00. Inflasi y-on-y tertinggi terjadi di Ambon sebesar 6...",219
1966,2023-06-15,2023,2.6,Statistik Ekonomi,Perdagangan Internasional,Perdagangan Internasional dan Neraca Pembayaran,"Ekspor Mei 2023 mencapai US$21,72 miliar, naik 12,61 persen dibanding April 2023 dan Impor Mei 2023 senilai US$21,28 miliar, naik 38,65 persen dibanding April 2023","Ekspor Mei 2023 mencapai US$21,72 miliar, naik 12,61 persen dibanding April 2023 dan Impor Mei 2023 senilai US$21,28 miliar, naik 38,65 persen dibanding April 2023 A. EKSPOR Nilai ekspor Indonesia Mei 2023 mencapai US$21,72 miliar atau naik 12,61 persen dibanding ekspor April 2023. Dibanding Mei ...",456
2008,2023-06-05,2023,2.7,Statistik Ekonomi,Harga,Harga-Harga,"Pada Mei 2023, perubahan Indeks Harga Perdagangan Besar (IHPB) Umum Nasional tahun ke tahun sebesar 4,43 persen","Pada Mei 2023, perubahan Indeks Harga Perdagangan Besar (IHPB) Umum Nasional tahun ke tahun sebesar 4,43 persen Pada Mei 2023, perubahan Indeks Harga Perdagangan Besar (IHPB) Umum Nasional tahun ke tahun (y-on-y) sebesar 4,43 persen terhadap IHPB Mei 2022. Kenaikan IHPB tertinggi terjadi pada Sek...",133
1990,2023-06-05,2023,2.7,Statistik Ekonomi,Harga,Harga-Harga,"Nilai Tukar Petani (NTP) Mei 2023 sebesar 110,20 atau turun 0,34 persen. Harga Gabah Kering Panen di Tingkat Petani naik 3,37 persen dan Harga Beras Premium di Penggilingan turun 0,42 persen.","Nilai Tukar Petani (NTP) Mei 2023 sebesar 110,20 atau turun 0,34 persen. Harga Gabah Kering Panen di Tingkat Petani naik 3,37 persen dan Harga Beras Premium di Penggilingan turun 0,42 persen. Nilai Tukar Petani (NTP) adalah perbandingan indeks harga yang diterima petani (It) terhadap indeks harga...",482
1978,2023-06-05,2023,2.4.4,Statistik Ekonomi,Statistik Sektoral,Transportasi,"Peningkatan kunjungan wisatawan mancanegara pada April 2023 yang tumbuh 276,31 persen dibandingkan April 2022 dan Jumlah penumpang angkutan laut dalam negeri pada April 2023 naik 24,75 persen","Peningkatan kunjungan wisatawan mancanegara pada April 2023 yang tumbuh 276,31 persen dibandingkan April 2022 dan Jumlah penumpang angkutan laut dalam negeri pada April 2023 naik 24,75 persen A. Perkembangan Pariwisata Memasuki bulan keempat tahun 2023, kunjungan wisatawan mancanegara (wisman) di...",423
1954,2023-06-05,2023,2.7,Statistik Ekonomi,Harga,Harga-Harga,"Inflasi year-on-year (y-on-y) pada Mei 2023 sebesar 4,00 persen. Inflasi tertinggi terjadi di Kotabaru dan Timika masing-masing sebesar 6,04 persen.","Inflasi year-on-year (y-on-y) pada Mei 2023 sebesar 4,00 persen. Inflasi tertinggi terjadi di Kotabaru dan Timika masing-masing sebesar 6,04 persen. Pada Mei 2023 terjadi inflasi year on year (y-on-y) sebesar 4,00 persen dengan Indeks Harga Konsumen (IHK) sebesar 114,84. Inflasi y-on-y tertinggi ...",229
1965,2023-05-15,2023,2.6,Statistik Ekonomi,Perdagangan Internasional,Perdagangan Internasional dan Neraca Pembayaran,"Ekspor April 2023 mencapai US$19,29 miliar, turun 17,62 persen dibanding Maret 2023 dan Impor April 2023 senilai US$15,35 miliar, turun 25,45 persen dibanding Maret 2023","Ekspor April 2023 mencapai US$19,29 miliar, turun 17,62 persen dibanding Maret 2023 dan Impor April 2023 senilai US$15,35 miliar, turun 25,45 persen dibanding Maret 2023 A. PERKEMBANGAN EKSPOR Nilai ekspor Indonesia April 2023 mencapai US$19,29 miliar atau turun 17,62 persen dibanding ekspor Mare...",460
2001,2023-05-05,2023,1.2,Statistik Demografi dan Sosial,Ketenagakerjaan,Tenaga Kerja,"Februari 2023: Tingkat Pengangguran Terbuka (TPT) sebesar 5,45 persen dan Rata-rata upah buruh sebesar 2,94 juta rupiah per bulan","Februari 2023: Tingkat Pengangguran Terbuka (TPT) sebesar 5,45 persen dan Rata-rata upah buruh sebesar 2,94 juta rupiah per bulan A. Keadaan Tenaga Kerja Jumlah angkatan kerja berdasarkan Survei Angkatan Kerja Nasional (Sakernas) pada Februari 2023 sebanyak 146,62 juta orang, naik 2,61 juta orang...",357
1998,2023-05-05,2023,2.1,Statistik Ekonomi,Statistik Makroekonomi,Neraca Ekonomi,"Ekonomi Indonesia Triwulan I-2023 Tumbuh 5,03 Persen (y-on-y)","Ekonomi Indonesia Triwulan I-2023 Tumbuh 5,03 Persen (y-on-y) Perekonomian Indonesia berdasarkan besaran Produk Domestik Bruto (PDB) atas dasar harga berlaku triwulan I-2023 mencapai Rp5.071,7 triliun dan atas dasar harga konstan 2010 Rp2.961,2 triliun. Ekonomi Indonesia triwulan I-2023 terhadap ...",154
2041,2023-05-02,2023,2.4.5,Statistik Ekonomi,Statistik Sektoral,Pariwisata,Pemulihan Pariwisata Domestik Indonesia 2022,"Pemulihan Pariwisata Domestik Indonesia 2022 Pariwisata domestik Indonesia berangsur pulih dengan meningkatnya jumlah perjalanan wisnus tahun 2022 sebesar 19,82 persen dibandingkan tahun 2021, serta tumbuh 1,76 persen dibandingkan tahun 2019. Perjalanan wisnus tertinggi terjadi pada Maret 2022 ya...",239
2018,2023-05-02,2023,2.7,Statistik Ekonomi,Harga,Harga-Harga,"Harga Produsen Mengalami Inflasi 0,76 Persen di Triwulan I-2023","Harga Produsen Mengalami Inflasi 0,76 Persen di Triwulan I-2023 Indeks Harga Produsen (IHP) gabungan tiga sektor (Sektor Pertanian, Pertambangan dan Penggalian, dan Industri Pengolahan) pada triwulan I-2023 naik 0,76 persen terhadap triwulan IV-2022 (q-to-q) dan naik 6,76 persen terhadap triwulan...",239
2007,2023-05-02,2023,2.7,Statistik Ekonomi,Harga,Harga-Harga,"Pada April 2023, perubahan Indeks Harga Perdagangan Besar (IHPB) Umum Nasional tahun ke tahun sebesar 4,56 persen.","Pada April 2023, perubahan Indeks Harga Perdagangan Besar (IHPB) Umum Nasional tahun ke tahun sebesar 4,56 persen. Pada April 2023, perubahan Indeks Harga Perdagangan Besar (IHPB) Umum Nasional tahun ke tahun (y-on-y) sebesar 4,56 persen terhadap IHPB April 2022. Kenaikan IHPB tertinggi terjadi p...",135
1989,2023-05-02,2023,2.7,Statistik Ekonomi,Harga,Harga-Harga,"Nilai Tukar Petani (NTP) April 2023 sebesar 110,58 atau turun 0,24 persen. Harga Gabah Kering Panen di Tingkat Petani naik 2,40 persen dan Harga Beras Premium di Penggilingan turun 0,08 persen","Nilai Tukar Petani (NTP) April 2023 sebesar 110,58 atau turun 0,24 persen. Harga Gabah Kering Panen di Tingkat Petani naik 2,40 persen dan Harga Beras Premium di Penggilingan turun 0,08 persen Nilai Tukar Petani (NTP) adalah perbandingan indeks harga yang diterima petani (It) terhadap indeks harg...",480
1977,2023-05-02,2023,2.4.4,Statistik Ekonomi,Statistik Sektoral,Transportasi,"Kunjungan wisatawan mancanegara pada Maret 2023 tumbuh 470,37 persen bila dibandingkan bulan yang sama pada tahun lalu dan Jumlah penumpang angkutan kereta api pada Maret 2023 naik 13,56 persen","Kunjungan wisatawan mancanegara pada Maret 2023 tumbuh 470,37 persen bila dibandingkan bulan yang sama pada tahun lalu dan Jumlah penumpang angkutan kereta api pada Maret 2023 naik 13,56 persen A. Perkembangan Pariwisata Memasuki bulan ketiga tahun 2023, kunjungan wisatawan mancanegara (wisman) d...",436
1953,2023-05-02,2023,2.7,Statistik Ekonomi,Harga,Harga-Harga,"Inflasi year-on-year (y-on-y) pada April 2023 sebesar 4,33 persen. Inflasi tertinggi terjadi di Kotabaru sebesar 6,75 persen.","Inflasi year-on-year (y-on-y) pada April 2023 sebesar 4,33 persen. Inflasi tertinggi terjadi di Kotabaru sebesar 6,75 persen. Pada April 2023 terjadi inflasi year on year (y-on-y) sebesar 4,33 persen dengan Indeks Harga Konsumen (IHK) sebesar 114,74. Inflasi y-on-y tertinggi terjadi di Kotabaru s...",219
1964,2023-04-17,2023,2.6,Statistik Ekonomi,Perdagangan Internasional,Perdagangan Internasional dan Neraca Pembayaran,"Ekspor Maret 2023 mencapai US$23,50 miliar, naik 9,89 persen dibanding Februari 2023 dan Impor Maret 2023 senilai US$20,59 miliar, naik 29,33 persen dibanding Februari 2023","Ekspor Maret 2023 mencapai US$23,50 miliar, naik 9,89 persen dibanding Februari 2023 dan Impor Maret 2023 senilai US$20,59 miliar, naik 29,33 persen dibanding Februari 2023 A. PERKEMBANGAN EKSPOR Nilai ekspor Indonesia Maret 2023 mencapai US$23,50 miliar atau naik 9,89 persen dibanding ekspor Feb...",454
2006,2023-04-03,2023,2.7,Statistik Ekonomi,Harga,Harga-Harga,"Pada Maret 2023, perubahan Indeks Harga Perdagangan Besar (IHPB) Umum Nasional tahun ke tahun sebesar 5,44 persen","Pada Maret 2023, perubahan Indeks Harga Perdagangan Besar (IHPB) Umum Nasional tahun ke tahun sebesar 5,44 persen Pada Maret 2023, perubahan Indeks Harga Perdagangan Besar (IHPB) Umum Nasional tahun ke tahun (y-on-y) sebesar 5,44 persen terhadap IHPB Maret 2022. Kenaikan IHPB tertinggi terjadi pa...",133
1988,2023-04-03,2023,2.7,Statistik Ekonomi,Harga,Harga-Harga,"Nilai Tukar Petani (NTP) Maret 2023 sebesar 110,85 atau naik 0,29 persen dan Harga Gabah Kering Panen di Tingkat Petani turun 7,65 persen dan Harga Beras Premium di Penggilingan turun 1,16 persen","Nilai Tukar Petani (NTP) Maret 2023 sebesar 110,85 atau naik 0,29 persen dan Harga Gabah Kering Panen di Tingkat Petani turun 7,65 persen dan Harga Beras Premium di Penggilingan turun 1,16 persen Nilai Tukar Petani (NTP) adalah perbandingan indeks harga yang diterima petani (It) terhadap indeks h...",483
1976,2023-04-03,2023,2.4.4,Statistik Ekonomi,Statistik Sektoral,Transportasi,"Kunjungan wisatawan mancanegara pada Februari 2023 yang tumbuh 567,27 dibandingkan Februari 2022 dan Jumlah penumpang angkutan udara domestik selama Januari-Februari 2023 sebanyak 9,3 juta orang","Kunjungan wisatawan mancanegara pada Februari 2023 yang tumbuh 567,27 dibandingkan Februari 2022 dan Jumlah penumpang angkutan udara domestik selama Januari-Februari 2023 sebanyak 9,3 juta orang A. Perkembangan Pariwisata Memasuki bulan kedua tahun 2023, kunjungan wisatawan mancanegara (wisman) d...",441
1952,2023-04-03,2023,2.7,Statistik Ekonomi,Harga,Harga-Harga,"Inflasi year-on-year (y-on-y) pada Maret 2023 sebesar 4,97 persen. Inflasi tertinggi terjadi di Tual sebesar 7,49 persen.","Inflasi year-on-year (y-on-y) pada Maret 2023 sebesar 4,97 persen. Inflasi tertinggi terjadi di Tual sebesar 7,49 persen. Pada Maret 2023 terjadi inflasi year on year (y-on-y) sebesar 4,97 persen dengan Indeks Harga Konsumen (IHK) sebesar 114,36. Inflasi y-on-y tertinggi terjadi di Tual sebesar 7...",219
1963,2023-03-15,2023,2.6,Statistik Ekonomi,Perdagangan Internasional,Perdagangan Internasional dan Neraca Pembayaran,"Ekspor Februari 2023 mencapai US$21,40 miliar, turun 4,15 persen dibanding Januari 2023 dan Impor Februari 2023 senilai US$15,92 miliar, turun 13,68 persen dibanding Januari 2023","Ekspor Februari 2023 mencapai US$21,40 miliar, turun 4,15 persen dibanding Januari 2023 dan Impor Februari 2023 senilai US$15,92 miliar, turun 13,68 persen dibanding Januari 2023 A. PERKEMBANGAN EKSPOR Nilai ekspor Indonesia Februari 2023 mencapai US$21,40 miliar atau turun 4,15 persen dibanding ...",460
2036,2023-03-01,2023,2.4.1,Statistik Ekonomi,Statistik Sektoral,"Pertanian, Kehutanan, Perikanan","Pada 2022, luas panen padi mencapai sekitar 10,45 juta hektar dengan produksi sebesar 54,75 juta ton GKG.","Pada 2022, luas panen padi mencapai sekitar 10,45 juta hektar dengan produksi sebesar 54,75 juta ton GKG. Luas panen padi pada 2022 mencapai sekitar 10,45 juta hektar, mengalami kenaikan sebanyak 40,87 ribu hektar atau 0,39 persen dibandingkan luas panen padi di 2021 yang sebesar 10,41 juta hekta...",108
2005,2023-03-01,2023,2.7,Statistik Ekonomi,Harga,Harga-Harga,"Pada Februari 2023, perubahan Indeks Harga Perdagangan Besar (IHPB) Umum Nasional tahun ke tahun sebesar 5,93 persen","Pada Februari 2023, perubahan Indeks Harga Perdagangan Besar (IHPB) Umum Nasional tahun ke tahun sebesar 5,93 persen Pada Februari 2023, perubahan Indeks Harga Perdagangan Besar (IHPB) Umum Nasional tahun ke tahun (y-on-y) sebesar 5,93 persen terhadap IHPB Februari 2022. Kenaikan IHPB tertinggi t...",131
1987,2023-03-01,2023,2.7,Statistik Ekonomi,Harga,Harga-Harga,"Nilai Tukar Petani (NTP) Februari 2023 sebesar 110,53 atau naik 0,63 persen. Harga Gabah Kering Panen di Tingkat Petani turun 2,16 persen dan Harga Beras Premium di Penggilingan naik 4,17 persen.","Nilai Tukar Petani (NTP) Februari 2023 sebesar 110,53 atau naik 0,63 persen. Harga Gabah Kering Panen di Tingkat Petani turun 2,16 persen dan Harga Beras Premium di Penggilingan naik 4,17 persen. Nilai Tukar Petani (NTP) adalah perbandingan indeks harga yang diterima petani (It) terhadap indeks h...",483
1975,2023-03-01,2023,2.4.4,Statistik Ekonomi,Statistik Sektoral,Transportasi,"Jumlah kunjungan wisman ke Indonesia pada Januari 2023 mencapai 735,95 ribu kunjungan dan Jumlah penumpang angkutan udara internasional pada Januari 2023 naik 1,97 persen","Jumlah kunjungan wisman ke Indonesia pada Januari 2023 mencapai 735,95 ribu kunjungan dan Jumlah penumpang angkutan udara internasional pada Januari 2023 naik 1,97 persen Jumlah kunjungan wisman ke Indonesia pada Januari 2023 mencapai 735,95 ribu kunjungan, naik 503,34 persen dibandingkan dengan ...",157
1951,2023-03-01,2023,2.7,Statistik Ekonomi,Harga,Harga-Harga,"Inflasi year-on-year (y-on-y) pada Februari 2023 sebesar 5,47 persen. Inflasi tertinggi terjadi di Kotabaru sebesar 7,88 persen.","Inflasi year-on-year (y-on-y) pada Februari 2023 sebesar 5,47 persen. Inflasi tertinggi terjadi di Kotabaru sebesar 7,88 persen. Pada Februari 2023 terjadi inflasi year on year (y-on-y) sebesar 5,47 persen dengan Indeks Harga Konsumen (IHK) sebesar 114,16. Inflasi y-on-y tertinggi terjadi di Kota...",221
1962,2023-02-15,2023,2.6,Statistik Ekonomi,Perdagangan Internasional,Perdagangan Internasional dan Neraca Pembayaran,"Ekspor Januari 2023 mencapai US$22,31 miliar, turun 6,36  persen dibanding Desember 2022 dan Impor Januari 2023 senilai US$18,44 miliar, turun 7,15 persen dibanding Desember 2022","Ekspor Januari 2023 mencapai US$22,31 miliar, turun 6,36 persen dibanding Desember 2022 dan Impor Januari 2023 senilai US$18,44 miliar, turun 7,15 persen dibanding Desember 2022 A. PERKEMBANGAN EKSPOR Nilai ekspor Indonesia Januari 2023 mencapai US$22,31 miliar atau turun 6,36 persen dibanding ek...",422
1997,2023-02-06,2023,2.1,Statistik Ekonomi,Statistik Makroekonomi,Neraca Ekonomi,"Ekonomi Indonesia Tahun 2022 Tumbuh 5,31 Persen","Ekonomi Indonesia Tahun 2022 Tumbuh 5,31 Persen Perekonomian Indonesia tahun 2022 yang dihitung berdasarkan Produk Domestik Bruto (PDB) atas dasar harga berlaku mencapai Rp19.588,4 triliun dan PDB per kapita mencapai Rp71,0 juta atau US$4.783,9. Ekonomi Indonesia tahun 2022 tumbuh sebesar 5,31 pe...",202
2017,2023-02-01,2023,2.7,Statistik Ekonomi,Harga,Harga-Harga,"Harga Produsen Mengalami Inflasi 0,90 Persen di Triwulan IV-2022","Harga Produsen Mengalami Inflasi 0,90 Persen di Triwulan IV-2022 · Indeks Harga Produsen (IHP) gabungan tiga sektor (Sektor Pertanian, Pertambangan dan Penggalian, dan Industri Pengolahan) pada triwulan IV-2022 naik 0,90 persen terhadap triwulan III-2022 (q-to-q) dan naik 8,70 persen terhadap tri...",249
2004,2023-02-01,2023,2.7,Statistik Ekonomi,Harga,Harga-Harga,"Pada Januari 2023, perubahan Indeks Harga Perdagangan Besar (IHPB) Umum Nasional tahun ke tahun sebesar 5,59 persen","Pada Januari 2023, perubahan Indeks Harga Perdagangan Besar (IHPB) Umum Nasional tahun ke tahun sebesar 5,59 persen Pada Januari 2023, perubahan Indeks Harga Perdagangan Besar (IHPB) Umum Nasional tahun ke tahun (y-on-y) sebesar 5,59 persen terhadap IHPB Januari 2022. Kenaikan IHPB tertinggi terj...",134
1986,2023-02-01,2023,2.7,Statistik Ekonomi,Harga,Harga-Harga,"Nilai Tukar Petani (NTP) Januari 2023 sebesar 109,84 atau naik 0,77 persen. Harga Gabah Kering Panen di Tingkat Petani naik 3,79 persen dan Harga Beras Premium di Penggilingan naik 3,57 persen.","Nilai Tukar Petani (NTP) Januari 2023 sebesar 109,84 atau naik 0,77 persen. Harga Gabah Kering Panen di Tingkat Petani naik 3,79 persen dan Harga Beras Premium di Penggilingan naik 3,57 persen. Nilai Tukar Petani (NTP) adalah perbandingan indeks harga yang diterima petani (It) terhadap indeks har...",485
1974,2023-02-01,2023,2.4.4,Statistik Ekonomi,Statistik Sektoral,Transportasi,"Jumlah kunjungan wisman ke Indonesia pada Desember 2022 mencapai 895,12 ribu kunjungan dan Jumlah penumpang angkutan udara internasional pada Desember 2022 naik 14,87 persen","Jumlah kunjungan wisman ke Indonesia pada Desember 2022 mencapai 895,12 ribu kunjungan dan Jumlah penumpang angkutan udara internasional pada Desember 2022 naik 14,87 persen A. Perkembangan Pariwisata Jumlah kunjungan wisman ke Indonesia pada Desember 2022 mencapai 895,12 ribu kunjungan, naik 447...",396
1950,2023-02-01,2023,2.7,Statistik Ekonomi,Harga,Harga-Harga,"Inflasi year-on-year (y-on-y) pada Januari 2023 sebesar 5,28 persen. Inflasi tertinggi terjadi di Kotabaru sebesar 7,78 persen.","Inflasi year-on-year (y-on-y) pada Januari 2023 sebesar 5,28 persen. Inflasi tertinggi terjadi di Kotabaru sebesar 7,78 persen. Pada Januari 2023 terjadi inflasi year on year (y-on-y) sebesar 5,28 persen dengan Indeks Harga Konsumen (IHK) sebesar 113,98. Inflasi y-on-y tertinggi terjadi di Kotaba...",222
2039,2023-01-30,2023,1.1,Statistik Demografi dan Sosial,Populasi dan Migrasi,Kependudukan dan Migrasi,Hasil Long Form Sensus Penduduk 2020,Hasil Long Form Sensus Penduduk 2020 Angka Kelahiran Total (TFR) Indonesia Menuju Replacement Level. Penurunan Angka Kematian Bayi (IMR) Indonesia hampir 90 persen dalam 50 tahun terakhir. Arus migrasi risen dan seumur hidup menunjukkan terjadinya proses redistribusi penduduk Indonesia ke wilayah...,46
2034,2023-01-16,2023,3.3.1,Statistik Lingkungan Hidup dan Multi-domain,Statistik Multi-domain,"Kondisi Tempat Tinggal, Kemiskinan, dan Permasalahan Sosial Lintas Sektor","Gini Ratio September 2022 tercatat sebesar 0,381","Gini Ratio September 2022 tercatat sebesar 0,381 Pada September 2022, tingkat ketimpangan pengeluaran penduduk Indonesia yang diukur menggunakan Gini Ratio adalah sebesar 0,381. Angka ini menurun 0,003 poin jika dibandingkan dengan Gini Ratio Maret 2022 yang sebesar 0,384, namun tidak mengalami p...",171
2015,2023-01-16,2023,3.3.1,Statistik Lingkungan Hidup dan Multi-domain,Statistik Multi-domain,"Kondisi Tempat Tinggal, Kemiskinan, dan Permasalahan Sosial Lintas Sektor","Persentase Penduduk Miskin September 2022 naik menjadi 9,57 persen","Persentase Penduduk Miskin September 2022 naik menjadi 9,57 persen Persentase penduduk miskin pada September 2022 sebesar 9,57 persen, meningkat 0,03 persen poin terhadap Maret 2022 dan menurun 0,14 persen poin terhadap September 2021. Jumlah penduduk miskin pada September 2022 sebesar 26,36 juta...",209
1961,2023-01-16,2023,2.6,Statistik Ekonomi,Perdagangan Internasional,Perdagangan Internasional dan Neraca Pembayaran,"Ekspor Desember 2022 mencapai US$23,83 miliar, turun 1,10 persen dibanding November 2022 dan Impor Desember 2022 senilai US$19,94 miliar, naik 5,16 persen dibanding November 2022","Ekspor Desember 2022 mencapai US$23,83 miliar, turun 1,10 persen dibanding November 2022 dan Impor Desember 2022 senilai US$19,94 miliar, naik 5,16 persen dibanding November 2022 A. PERKEMBANGAN EKSPOR Nilai ekspor Indonesia Desember 2022 mencapai US$23,83 miliar atau turun 1,10 persen dibanding ...",471
2021,2023-01-02,2023,2.8,Statistik Ekonomi,Biaya Tenaga Kerja,Biaya Tenaga Kerja,"Upah Nominal Harian Buruh Tani Nasional Desember 2022 Naik Sebesar 0,22 Persen","Upah Nominal Harian Buruh Tani Nasional Desember 2022 Naik Sebesar 0,22 Persen Upah nominal buruh/pekerja adalah rata-rata upah harian yang diterima uruh sebagai balas jasa pekerjaan yang telah dilakukan. Upah riil buruh/pekerja menggambarkan daya beli dari pendapatan/upah yang diterima buruh/pek...",144
2003,2023-01-02,2023,2.7,Statistik Ekonomi,Harga,Harga-Harga,"Pada Desember 2022, perubahan Indeks Harga Perdagangan Besar (IHPB) Umum Nasional tahun ke tahun sebesar 5,78 persen","Pada Desember 2022, perubahan Indeks Harga Perdagangan Besar (IHPB) Umum Nasional tahun ke tahun sebesar 5,78 persen Pada Desember 2022, perubahan Indeks Harga Perdagangan Besar (IHPB) Umum Nasional tahun ke tahun (y-on-y) sebesar 5,78 persen terhadap IHPB Desember 2021. Kenaikan IHPB tertinggi t...",134
1985,2023-01-02,2023,2.7,Statistik Ekonomi,Harga,Harga-Harga,"Nilai Tukar Petani (NTP) Desember 2022 sebesar 109,00 atau naik 1,11 persen. Harga Gabah Kering Panen di Tingkat Petani naik 4,20 persen dan Harga Beras Premium di Penggilingan naik 4,21 persen","Nilai Tukar Petani (NTP) Desember 2022 sebesar 109,00 atau naik 1,11 persen. Harga Gabah Kering Panen di Tingkat Petani naik 4,20 persen dan Harga Beras Premium di Penggilingan naik 4,21 persen Nilai Tukar Petani (NTP) adalah perbandingan indeks harga yang diterima petani (It) terhadap indeks har...",499
1973,2023-01-02,2023,2.4.4,Statistik Ekonomi,Statistik Sektoral,Transportasi,"Jumlah kunjungan wisman ke Indonesia pada November 2022 mencapai 657,27 ribu kunjungan dan Jumlah penumpang angkutan udara domestik pada November 2022 naik 1,06 persen.","Jumlah kunjungan wisman ke Indonesia pada November 2022 mencapai 657,27 ribu kunjungan dan Jumlah penumpang angkutan udara domestik pada November 2022 naik 1,06 persen. A. Perkembangan Pariwisata Jumlah kunjungan wisman ke Indonesia pada November 2022 mencapai 657,27 ribu kunjungan, naik 336,50 p...",399
1949,2023-01-02,2023,2.7,Statistik Ekonomi,Harga,Harga-Harga,"Inflasi year-on-year (y-on-y) pada Desember 2022 sebesar 5,51 persen. Inflasi tertinggi terjadi di Kotabaru sebesar 8,65 persen.","Inflasi year-on-year (y-on-y) pada Desember 2022 sebesar 5,51 persen. Inflasi tertinggi terjadi di Kotabaru sebesar 8,65 persen. Pada Desember 2022 terjadi inflasi Year on Year (y-on-y) sebesar 5,51 persen dengan Indeks Harga Konsumen (IHK) sebesar 113,59. Inflasi y-on-y tertinggi terjadi di Kota...",219
2388,2024-12-16,2024,2.1,Statistik Ekonomi,Statistik Makroekonomi,Neraca Ekonomi,"PMTB tahun 2022 secara meningkat 8,49 persen dibandingkan tahun 2021 dan Stok Kapital Neto (SKN) ADHB tahun 2022 meningkat 9,03 persen dibandingkan tahun 2021","PMTB tahun 2022 secara meningkat 8,49 persen dibandingkan tahun 2021 dan Stok Kapital Neto (SKN) ADHB tahun 2022 meningkat 9,03 persen dibandingkan tahun 2021 PMTB tahun 2022 secara nominal tercatat sebesar Rp5.714,97 triliun, meningkat 8,49 persen dibandingkan tahun 2021. Jenis aset tetap utama ...",247
2345,2024-12-16,2024,2.6,Statistik Ekonomi,Perdagangan Internasional,Perdagangan Internasional dan Neraca Pembayaran,"Ekspor November 2024 mencapai US$24,01 miliar.Impor November 2024 senilai US$19,59 miliar.","Ekspor November 2024 mencapai US$24,01 miliar.Impor November 2024 senilai US$19,59 miliar. A. Perkembangan Ekspor Nilai ekspor Indonesia November 2024 mencapai US$24,01 miliar atau turun 1,70 persen dibanding ekspor Oktober 2024. Dibanding November 2023 nilai ekspor naik sebesar 9,14 persen. Eksp...",466
2369,2024-12-02,2024,2.4.4,Statistik Ekonomi,Statistik Sektoral,Transportasi,"Jumlah penumpang kereta yang berangkat pada Oktober 2024 naik 6,82persen dibanding September 2024.Pada Oktober 2024, jumlah barang yang diangkut dengan kereta mengalamipeningkatan sebesar 5,92.","Jumlah penumpang kereta yang berangkat pada Oktober 2024 naik 6,82persen dibanding September 2024.Pada Oktober 2024, jumlah barang yang diangkut dengan kereta mengalamipeningkatan sebesar 5,92. Jumlah penumpang angkutan udara domestik yang berangkat pada Oktober 2024 sebanyak 5,3 juta orang atau ...",267
2357,2024-12-02,2024,2.4.5,Statistik Ekonomi,Statistik Sektoral,Pariwisata,"Kunjungan wisatawan mancanegara (wisman) pada Oktober 2024 mencapai 1,19 juta kunjungan, naik 22,01 persen year-on-year (y-on-y).","Kunjungan wisatawan mancanegara (wisman) pada Oktober 2024 mencapai 1,19 juta kunjungan, naik 22,01 persen year-on-year (y-on-y). Kunjungan wisatawan mancanegara (wisman) pada Oktober 2024 mencapai 1,19 juta kunjungan, naik 22,01 persen (Y-on-Y). Jumlah perjalanan wisatawan nusantara (wisnus) pad...",79
2334,2024-12-02,2024,2.7,Statistik Ekonomi,Harga,Harga-Harga,"Nilai Tukar Petani (NTP) November 2024 sebesar 121,29 atau naik 0,49 persen. Harga Gabah Kering Panen di Tingkat Petani turun 1,86 persen dan Harga Beras Premium di Penggilingan turun 1,15 persen.","Nilai Tukar Petani (NTP) November 2024 sebesar 121,29 atau naik 0,49 persen. Harga Gabah Kering Panen di Tingkat Petani turun 1,86 persen dan Harga Beras Premium di Penggilingan turun 1,15 persen. Nilai Tukar Petani (NTP) adalah perbandingan indeks harga yang diterima petani (It) terhadap indeks ...",201
2322,2024-12-02,2024,2.7,Statistik Ekonomi,Harga,Harga-Harga,"Pada November 2024 terjadi perubahan Indeks Harga Perdagangan Besar (IHPB) Umum Nasional tahun ke tahun sebesar 1,96 persen.","Pada November 2024 terjadi perubahan Indeks Harga Perdagangan Besar (IHPB) Umum Nasional tahun ke tahun sebesar 1,96 persen. Pada November 2024, perubahan Indeks Harga Perdagangan Besar (IHPB) Umum Nasional tahun ke tahun (y-on-y) sebesar 1,96 persen terhadap IHPB November 2023. Kenaikan IHPB ter...",131
2310,2024-12-02,2024,2.7,Statistik Ekonomi,Harga,Harga-Harga,"November 2024 inflasi Year-on-Year (y-on-y) sebesar 1,55 persen. Inflasiprovinsi y-on-y tertinggi terjadi di Provinsi Papua Tengah sebesar 4,35persen dan inflasi kabupaten/kota y-on-y tertinggi terj","November 2024 inflasi Year-on-Year (y-on-y) sebesar 1,55 persen. Inflasiprovinsi y-on-y tertinggi terjadi di Provinsi Papua Tengah sebesar 4,35persen dan inflasi kabupaten/kota y-on-y tertinggi terj Pada November 2024 terjadi inflasi year on year (y-on-y) sebesar 1,55 persen dengan Indeks Harga K...",292
2344,2024-11-15,2024,2.6,Statistik Ekonomi,Perdagangan Internasional,Perdagangan Internasional dan Neraca Pembayaran,"Ekspor Oktober 2024 mencapai US$24,41 miliar, naik 10,69 persen dibanding September dan Impor Oktober 2024 senilai US$21,94 miliar, naik 16,54 persen dibanding September 2024","Ekspor Oktober 2024 mencapai US$24,41 miliar, naik 10,69 persen dibanding September dan Impor Oktober 2024 senilai US$21,94 miliar, naik 16,54 persen dibanding September 2024 A. Perkembangan Ekspor Nilai ekspor Indonesia Oktober 2024 mencapai US$24,41 miliar atau naik 10,69 persen dibanding ekspo...",477
2296,2024-11-15,2024,3.3.1,Statistik Lingkungan Hidup dan Multi-domain,Statistik Multi-domain,"Kondisi Tempat Tinggal, Kemiskinan, dan Permasalahan Sosial Lintas Sektor","Indeks Pembangunan Manusia (IPM) Indonesia tahun 2024 mencapai 75,02, meningkat 0,63 poin atau 0,85% dibandingkan tahun sebelumnya yang sebesar 74,39.","Indeks Pembangunan Manusia (IPM) Indonesia tahun 2024 mencapai 75,02, meningkat 0,63 poin atau 0,85% dibandingkan tahun sebelumnya yang sebesar 74,39. Indeks Pembangunan Manusia (IPM) Indonesia tahun 2024 mencapai 75,02, meningkat 0,63 poin atau 0,85% dibandingkan tahun sebelumnya yang sebesar 74...",171
2382,2024-11-05,2024,2.1,Statistik Ekonomi,Statistik Makroekonomi,Neraca Ekonomi,"Ekonomi Indonesia Triwulan III-2024 Tumbuh 1,50 Persen (Q-to-Q)","Ekonomi Indonesia Triwulan III-2024 Tumbuh 1,50 Persen (Q-to-Q) Perekonomian Indonesia berdasarkan besaran Produk Domestik Bruto (PDB) atas dasar harga berlaku triwulan III-2024 mencapai Rp5.638,9 triliun dan atas dasar harga konstan 2010 mencapai Rp3.279,6 triliun. Ekonomi Indonesia triwulan III...",202
2373,2024-11-05,2024,1.2,Statistik Demografi dan Sosial,Ketenagakerjaan,Tenaga Kerja,"Tingkat Pengangguran Terbuka (TPT) sebesar 4,91 persen dan Rata-rata upah buruh sebesar 3,27 juta rupiah per bulan.","Tingkat Pengangguran Terbuka (TPT) sebesar 4,91 persen dan Rata-rata upah buruh sebesar 3,27 juta rupiah per bulan. Jumlah angkatan kerja berdasarkan Survei Angkatan Kerja Nasional (Sakernas) pada Agustus 2024 sebanyak 152,11 juta orang, naik 4,40 juta orang dibanding Agustus 2023. Tingkat Partis...",303
2386,2024-11-01,2024,2.7,Statistik Ekonomi,Harga,Harga-Harga,"Harga Produsen Mengalami Inflasi 0,16 Persen di Triwulan III-2024","Harga Produsen Mengalami Inflasi 0,16 Persen di Triwulan III-2024 Indeks Harga Produsen (IHP) umum sembilan sektor pada triwulan III-2024 naik 0,16 persen terhadap triwulan II-2024 (q-to-q) dan naik 0,83 persen terhadap triwulan III-2023 (y-on-y). IHP Sektor Pertanian, Kehutanan, dan Perikanan tr...",233
2368,2024-11-01,2024,2.4.4,Statistik Ekonomi,Statistik Sektoral,Transportasi,"Selama Januari–September 2024, jumlah penumpang angkutan laut dalam negeri naik 27,17 persen dibanding periode yang sama tahun 2023.","Selama Januari–September 2024, jumlah penumpang angkutan laut dalam negeri naik 27,17 persen dibanding periode yang sama tahun 2023. Jumlah penumpang angkutan udara domestik yang berangkat pada September 2024 sebanyak 5,4 juta orang atau turun 2,69 persen dibanding kondisi pada Agustus 2024. Juml...",263
2356,2024-11-01,2024,2.4.5,Statistik Ekonomi,Statistik Sektoral,Pariwisata,"Kunjungan wisatawan mancanegara (wisman) pada September 2024 mencapai 1,28 juta kunjungan, naik 19,53 persen year-on-year (y-on-y).","Kunjungan wisatawan mancanegara (wisman) pada September 2024 mencapai 1,28 juta kunjungan, naik 19,53 persen year-on-year (y-on-y). Pada September 2024, kunjungan wisman di Indonesia mencapai 1,28 juta kunjungan. Jumlah ini turun sebesar 4,53 persen dibandingkan Agustus 2024 month-to-month (m-to-...",267
2333,2024-11-01,2024,2.7,Statistik Ekonomi,Harga,Harga-Harga,"Nilai Tukar Petani (NTP) Oktober 2024 sebesar 120,70 atau naik 0,33 persen. Harga Gabah Kering Panen di Tingkat Petani turun 0,85 persen dan Harga Beras Premium di Penggilingan turun 0,11 persen.","Nilai Tukar Petani (NTP) Oktober 2024 sebesar 120,70 atau naik 0,33 persen. Harga Gabah Kering Panen di Tingkat Petani turun 0,85 persen dan Harga Beras Premium di Penggilingan turun 0,11 persen. Nilai Tukar Petani (NTP) adalah perbandingan indeks harga yang diterima petani (It) terhadap indeks h...",204
2321,2024-11-01,2024,2.7,Statistik Ekonomi,Harga,Harga-Harga,"Pada Oktober 2024, perubahan Indeks Harga Perdagangan Besar (IHPB) Umum Nasional tahun ke tahun sebesar 1,95 persen.","Pada Oktober 2024, perubahan Indeks Harga Perdagangan Besar (IHPB) Umum Nasional tahun ke tahun sebesar 1,95 persen. Pada Oktober 2024, perubahan Indeks Harga Perdagangan Besar (IHPB) Umum Nasional tahun ke tahun (y-on-y) sebesar 1,95 persen terhadap IHPB Oktober 2023. Kenaikan IHPB tertinggi ter...",135
2309,2024-11-01,2024,2.7,Statistik Ekonomi,Harga,Harga-Harga,"Oktober 2024 inflasi Year-on-Year (y-on-y) sebesar 1,71 persen. Inflasiprovinsi y-on-y tertinggi terjadi di Provinsi Papua Tengah sebesar 4,19persen.","Oktober 2024 inflasi Year-on-Year (y-on-y) sebesar 1,71 persen. Inflasiprovinsi y-on-y tertinggi terjadi di Provinsi Papua Tengah sebesar 4,19persen. Pada Oktober 2024 terjadi inflasi year on year (y-on-y) sebesar 1,71 persen dengan Indeks Harga Konsumen (IHK) sebesar 106,01. Inflasi provinsi y-o...",288
2378,2024-10-15,2024,2.4.1,Statistik Ekonomi,Statistik Sektoral,"Pertanian, Kehutanan, Perikanan","Pada 2024, luas panen jagung pipilan diperkirakan sebesar 2,58 juta hektare dan produksi jagung pipilan kering dengan kadar air 14 persen sebesar 15,21 juta ton.","Pada 2024, luas panen jagung pipilan diperkirakan sebesar 2,58 juta hektare dan produksi jagung pipilan kering dengan kadar air 14 persen sebesar 15,21 juta ton. Luas panen jagung pipilan pada 2024 diperkirakan sebesar 2,58 juta hektare, mengalami peningkatan sebanyak 0,11 juta hektare atau 4,34 ...",88
2376,2024-10-15,2024,2.4.1,Statistik Ekonomi,Statistik Sektoral,"Pertanian, Kehutanan, Perikanan","Luas panen padi Tahun 2024 diperkirakan sebesar 10,05 juta hektare dengan produksi padi sekitar 52,66 juta ton gabah kering giling (GKG).","Luas panen padi Tahun 2024 diperkirakan sebesar 10,05 juta hektare dengan produksi padi sekitar 52,66 juta ton gabah kering giling (GKG). Luas panen padi pada 2024 diperkirakan sekitar 10,05 juta hektare, mengalami penurunan sebanyak 167,25 ribu hektare atau 1,64 persen dibandingkan luas panen pa...",114
2343,2024-10-15,2024,2.6,Statistik Ekonomi,Perdagangan Internasional,Perdagangan Internasional dan Neraca Pembayaran,"Ekspor September 2024 mencapai US$22,08 miliar, turun 5,80 persen dibanding Agustus 2024 dan Impor September 2024 senilai US$18,82 miliar, turun 8,91 persen dibanding Agustus 2024","Ekspor September 2024 mencapai US$22,08 miliar, turun 5,80 persen dibanding Agustus 2024 dan Impor September 2024 senilai US$18,82 miliar, turun 8,91 persen dibanding Agustus 2024 A. Perkembangan Ekspor Nilai ekspor Indonesia September 2024 mencapai US$22,08 miliar atau turun 5,80 persen dibandin...",478
2367,2024-10-01,2024,2.4.4,Statistik Ekonomi,Statistik Sektoral,Transportasi,"Pada Agustus 2024, jumlah keberangkatan penumpang angkutan udara internasional naik 12,46 persen dibandingkan Juli 2024.","Pada Agustus 2024, jumlah keberangkatan penumpang angkutan udara internasional naik 12,46 persen dibandingkan Juli 2024. Jumlah penumpang angkutan udara domestik yang berangkat pada Agustus 2024 sebanyak 5,6 juta orang atau turun 7,67 persen dibanding kondisi pada Juli 2024. Sementara jumlah penu...",256
2355,2024-10-01,2024,2.4.5,Statistik Ekonomi,Statistik Sektoral,Pariwisata,"Kunjungan wisatawan mancanegara (wisman) pada Agustus 2024 mencapai 1,34 juta kunjungan, naik 18,30 persen year-on-year (y-on-y).","Kunjungan wisatawan mancanegara (wisman) pada Agustus 2024 mencapai 1,34 juta kunjungan, naik 18,30 persen year-on-year (y-on-y). Pada Agustus 2024, kunjungan wisatawan mancanegara (wisman) di Indonesia mencapai 1,34 juta kunjungan. Jumlah ini naik sebesar 2,23 persen dibandingkan Juli 2024 month...",274
2332,2024-10-01,2024,2.7,Statistik Ekonomi,Harga,Harga-Harga,"Nilai Tukar Petani (NTP) September 2024 sebesar 120,30 atau naik 0,38 persen. Harga Gabah Kering Panen di Tingkat Petani naik 0,87 persen dan Harga Beras Premium di Penggilingan turun 0,56 persen.","Nilai Tukar Petani (NTP) September 2024 sebesar 120,30 atau naik 0,38 persen. Harga Gabah Kering Panen di Tingkat Petani naik 0,87 persen dan Harga Beras Premium di Penggilingan turun 0,56 persen. Nilai Tukar Petani (NTP) adalah perbandingan indeks harga yang diterima petani (It) terhadap indeks ...",201
2320,2024-10-01,2024,2.7,Statistik Ekonomi,Harga,Harga-Harga,"Pada September 2024, perubahan Indeks Harga Perdagangan Besar (IHPB) Umum Nasional tahun ke tahun sebesar 2,20 persen","Pada September 2024, perubahan Indeks Harga Perdagangan Besar (IHPB) Umum Nasional tahun ke tahun sebesar 2,20 persen Pada September 2024, perubahan Indeks Harga Perdagangan Besar (IHPB) Umum Nasional tahun ke tahun (y-on-y) sebesar 2,20 persen terhadap IHPB September 2023. Kenaikan IHPB tertingg...",130
2308,2024-10-01,2024,2.7,Statistik Ekonomi,Harga,Harga-Harga,"September 2024 inflasi Year-on-Year (y-on-y) sebesar 1,84 persen.","September 2024 inflasi Year-on-Year (y-on-y) sebesar 1,84 persen. Pada September 2024 terjadi inflasi year on year (y-on-y) sebesar 1,84 persen dengan Indeks Harga Konsumen (IHK) sebesar 105,93. Inflasi provinsi y-on-y tertinggi terjadi di Provinsi Papua Pegunungan sebesar 4,14 persen dengan IHK ...",276
2342,2024-09-17,2024,2.6,Statistik Ekonomi,Perdagangan Internasional,Perdagangan Internasional dan Neraca Pembayaran,"Ekspor Agustus 2024 mencapai US$23,56 miliar, naik 5,97 persen dibanding Juli 2024 dan Impor Agustus 2024 senilai US$20,67 miliar, turun 4,93 persen dibanding Juli 2024","Ekspor Agustus 2024 mencapai US$23,56 miliar, naik 5,97 persen dibanding Juli 2024 dan Impor Agustus 2024 senilai US$20,67 miliar, turun 4,93 persen dibanding Juli 2024 A. Perkembangan Ekspor Nilai ekspor Indonesia Agustus 2024 mencapai US$23,56 miliar atau naik 5,97 persen dibanding ekspor Juli ...",479
2366,2024-09-02,2024,2.4.4,Statistik Ekonomi,Statistik Sektoral,Transportasi,"Pada Juli 2024, jumlah keberangkatan penumpang angkutan udara domestik naik 11,04 persen dibandingkan Juni 2024.","Pada Juli 2024, jumlah keberangkatan penumpang angkutan udara domestik naik 11,04 persen dibandingkan Juni 2024. Jumlah penumpang angkutan udara domestik yang berangkat pada Juli 2024 sebanyak 6,0 juta orang atau naik 11,04 persen dibanding kondisi pada Juni 2024. Jumlah penumpang tujuan luar neg...",260
2354,2024-09-02,2024,2.4.5,Statistik Ekonomi,Statistik Sektoral,Pariwisata,"Kunjungan wisatawan mancanegara (wisman) pada Juli 2024 mencapai  1,31 juta kunjungan, naik 16,91 persen year-on-year (y-on-y).","Kunjungan wisatawan mancanegara (wisman) pada Juli 2024 mencapai 1,31 juta kunjungan, naik 16,91 persen year-on-year (y-on-y). Pada Juli 2024, kunjungan wisman di Indonesia mencapai 1,31 juta kunjungan. Jumlah ini naik sebesar 9,42 persen dibandingkan Juni 2024 month-to-month (m-to-m) dan naik 16...",271
2331,2024-09-02,2024,2.7,Statistik Ekonomi,Harga,Harga-Harga,"Nilai Tukar Petani (NTP) Agustus 2024 sebesar 119,85 atau naik 0,20 persen. Harga Gabah Kering Panen di Tingkat Petani turun 1,15 persen dan Harga Beras Premium di Penggilingan turun 1,19 persen.","Nilai Tukar Petani (NTP) Agustus 2024 sebesar 119,85 atau naik 0,20 persen. Harga Gabah Kering Panen di Tingkat Petani turun 1,15 persen dan Harga Beras Premium di Penggilingan turun 1,19 persen. Nilai Tukar Petani (NTP) adalah perbandingan indeks harga yang diterima petani (It) terhadap indeks h...",466
2319,2024-09-02,2024,2.7,Statistik Ekonomi,Harga,Harga-Harga,"Pada Agustus 2024, perubahan Indeks Harga Perdagangan Besar (IHPB) Umum Nasional tahun ke tahun sebesar 2,82 persen","Pada Agustus 2024, perubahan Indeks Harga Perdagangan Besar (IHPB) Umum Nasional tahun ke tahun sebesar 2,82 persen Pada Agustus 2024, perubahan Indeks Harga Perdagangan Besar (IHPB) Umum Nasional tahun ke tahun (y-on-y) sebesar 2,82 persen terhadap IHPB Agustus 2023. Kenaikan IHPB tertinggi terj...",128
2307,2024-09-02,2024,2.7,Statistik Ekonomi,Harga,Harga-Harga,"Agustus 2024 inflasi Year-on-Year (y-on-y) sebesar 2,12 persen. Inflasi provinsi y-on-y tertinggi terjadi di Provinsi Papua Pegunungan sebesar 5,05 persen dan inflasi kabupaten/kota y-on-y tertinggi","Agustus 2024 inflasi Year-on-Year (y-on-y) sebesar 2,12 persen. Inflasi provinsi y-on-y tertinggi terjadi di Provinsi Papua Pegunungan sebesar 5,05 persen dan inflasi kabupaten/kota y-on-y tertinggi Pada Agustus 2024 terjadi inflasi year on year (y-on-y) sebesar 2,12 persen dengan Indeks Harga Ko...",279
2341,2024-08-15,2024,2.6,Statistik Ekonomi,Perdagangan Internasional,Perdagangan Internasional dan Neraca Pembayaran,"Ekspor Juli 2024 mencapai US$22,21 miliar, naik 6,55 persen dibanding Juni 2024 dan Impor Juli 2024 senilai US$21,74 miliar, naik 17,82 persen dibanding Juni 2024","Ekspor Juli 2024 mencapai US$22,21 miliar, naik 6,55 persen dibanding Juni 2024 dan Impor Juli 2024 senilai US$21,74 miliar, naik 17,82 persen dibanding Juni 2024 A. Perkembangan Ekspor Nilai ekspor Indonesia Juli 2024 mencapai US$22,21 miliar atau naik 6,55 persen dibanding ekspor Juni 2024. Dib...",484
2381,2024-08-05,2024,2.1,Statistik Ekonomi,Statistik Makroekonomi,Neraca Ekonomi,"Ekonomi Indonesia Triwulan II-2024 Tumbuh 3,79 Persen (Q-to-Q), Ekonomi Indonesia Triwulan II-2024 Tumbuh 5,05 Persen (Y-on-Y), dan Ekonomi Indonesia Semester I-2024 Tumbuh 5,08 Persen (C-to-C)","Ekonomi Indonesia Triwulan II-2024 Tumbuh 3,79 Persen (Q-to-Q), Ekonomi Indonesia Triwulan II-2024 Tumbuh 5,05 Persen (Y-on-Y), dan Ekonomi Indonesia Semester I-2024 Tumbuh 5,08 Persen (C-to-C) Perekonomian Indonesia berdasarkan besaran Produk Domestik Bruto (PDB) atas dasar harga berlaku triwula...",223
2385,2024-08-01,2024,2.7,Statistik Ekonomi,Harga,Harga-Harga,"Harga Produsen Mengalami Inflasi 0,64 Persen di Triwulan II-2024","Harga Produsen Mengalami Inflasi 0,64 Persen di Triwulan II-2024 Indeks Harga Produsen (IHP) umum sembilan sektor pada triwulan II-2024 naik 0,64 persen terhadap triwulan I-2024 quarter-to-quarter (q-to-q) dan naik 0,01 persen terhadap triwulan II-2023 year-on-year (y-on-y). IHP Sektor Pertanian,...",235
2365,2024-08-01,2024,2.4.4,Statistik Ekonomi,Statistik Sektoral,Transportasi,"Jumlah penumpang angkutan laut dalam negeri yang berangkat pada Juni 2024 naik 5,94 persen dibanding Mei 2024.","Jumlah penumpang angkutan laut dalam negeri yang berangkat pada Juni 2024 naik 5,94 persen dibanding Mei 2024. Jumlah penumpang angkutan udara domestik yang berangkat pada Juni 2024 sebanyak 5,4 juta orang atau naik 2,80 persen dibanding kondisi pada Mei 2024. Sementara jumlah penumpang tujuan lu...",258
2353,2024-08-01,2024,2.4.5,Statistik Ekonomi,Statistik Sektoral,Pariwisata,"Kunjungan wisatawan mancanegara pada Juni 2024 mencapai 1,17 juta kunjungan, naik 9,99 persen Year-on-Year (Y-on-Y).","Kunjungan wisatawan mancanegara pada Juni 2024 mencapai 1,17 juta kunjungan, naik 9,99 persen Year-on-Year (Y-on-Y). Pada Juni 2024, kunjungan wisatawan mancanegara (wisman) di Indonesia mencapai 1,17 juta kunjungan. Jumlah ini naik sebesar 2,05 persen dibandingkan Mei 2024 month-to-month (m-to-m...",239
2330,2024-08-01,2024,2.7,Statistik Ekonomi,Harga,Harga-Harga,"Nilai Tukar Petani (NTP) Juli 2024 sebesar 119,61 atau naik 0,70 persen. Harga Gabah Kering Panen di Tingkat Petani naik 5,28 persen dan Harga Beras Premium di Penggilingan naik 2,63 persen.","Nilai Tukar Petani (NTP) Juli 2024 sebesar 119,61 atau naik 0,70 persen. Harga Gabah Kering Panen di Tingkat Petani naik 5,28 persen dan Harga Beras Premium di Penggilingan naik 2,63 persen. Nilai Tukar Petani (NTP) adalah perbandingan indeks harga yang diterima petani (It) terhadap indeks harga ...",201
2318,2024-08-01,2024,2.7,Statistik Ekonomi,Harga,Harga-Harga,"Pada Juli 2024, perubahan Indeks Harga Perdagangan Besar (IHPB) Umum Nasional tahun ke tahun sebesar 2,99 persen","Pada Juli 2024, perubahan Indeks Harga Perdagangan Besar (IHPB) Umum Nasional tahun ke tahun sebesar 2,99 persen Pada Juli 2024, perubahan Indeks Harga Perdagangan Besar (IHPB) Umum Nasional tahun ke tahun (y-on-y) sebesar 2,99 persen terhadap IHPB Juli 2023. Kenaikan IHPB tertinggi terjadi pada ...",129
2306,2024-08-01,2024,2.7,Statistik Ekonomi,Harga,Harga-Harga,"Inflasi year-on-year (y-on-y) pada Juli 2024 sebesar 2,13 persen dengan Indeks Harga Konsumen (IHK) sebesar 106,09.","Inflasi year-on-year (y-on-y) pada Juli 2024 sebesar 2,13 persen dengan Indeks Harga Konsumen (IHK) sebesar 106,09. Pada Juli 2024 terjadi inflasi Year on Year (y-on-y) sebesar 2,13 persen dengan Indeks Harga Konsumen (IHK) sebesar 106,09. Inflasi provinsi y-on-y tertinggi terjadi di Provinsi Pap...",284
2374,2024-07-15,2024,1.8,Statistik Demografi dan Sosial,Hukum dan Kriminal,Hukum dan Kriminal,"Indeks Perilaku Anti Korupsi (IPAK) Indonesia 2024  sebesar 3,85, menurun dibandingkan IPAK 2023.","Indeks Perilaku Anti Korupsi (IPAK) Indonesia 2024 sebesar 3,85, menurun dibandingkan IPAK 2023. Indeks Perilaku Anti Korupsi (IPAK) Indonesia tahun 2024 sebesar 3,85 pada skala 0 sampai 5. Angka ini lebih rendah dibandingkan capaian 2023 sebesar 3,92. Nilai indeks semakin mendekati 5 menunjukkan...",145
2340,2024-07-15,2024,2.6,Statistik Ekonomi,Perdagangan Internasional,Perdagangan Internasional dan Neraca Pembayaran,"Ekspor Juni 2024 mencapai US$20,84 miliar, turun 6,65 persen dibanding Mei 2024. Impor Juni 2024 senilai US$18,45 miliar, turun 4,89 persen dibanding Mei 2024.","Ekspor Juni 2024 mencapai US$20,84 miliar, turun 6,65 persen dibanding Mei 2024. Impor Juni 2024 senilai US$18,45 miliar, turun 4,89 persen dibanding Mei 2024. Nilai ekspor Indonesia Juni 2024 mencapai US$20,84 miliar atau turun 6,65 persen dibanding ekspor Mei 2024. Dibanding Juni 2023 nilai eks...",471
2371,2024-07-01,2024,3.3.1,Statistik Lingkungan Hidup dan Multi-domain,Statistik Multi-domain,"Kondisi Tempat Tinggal, Kemiskinan, dan Permasalahan Sosial Lintas Sektor","Gini ratio Maret 2024 tercatat sebesar 0,379.","Gini ratio Maret 2024 tercatat sebesar 0,379. Pada Maret 2024, tingkat ketimpangan pengeluaran penduduk Indonesia yang diukur menggunakan Gini Ratio adalah sebesar 0,379. Angka ini menurun 0,009 poin jika dibandingkan dengan Gini Ratio Maret 2023 yang sebesar 0,388 dan menurun 0,002 poin jika dib...",141
2370,2024-07-01,2024,3.3.1,Statistik Lingkungan Hidup dan Multi-domain,Statistik Multi-domain,"Kondisi Tempat Tinggal, Kemiskinan, dan Permasalahan Sosial Lintas Sektor","Persentase Penduduk Miskin Maret 2024 turun menjadi 9,03 persen.","Persentase Penduduk Miskin Maret 2024 turun menjadi 9,03 persen. Persentase Penduduk Miskin Maret 2024 turun menjadi 9,03 persen Persentase penduduk miskin pada Maret 2024 sebesar 9,03 persen, menurun 0,33 persen poin terhadap Maret 2023 dan menurun 0,54 persen poin terhadap September 2022. Jumla...",218
2364,2024-07-01,2024,2.4.4,Statistik Ekonomi,Statistik Sektoral,Transportasi,"Pada Mei 2024, jumlah penumpang angkutan udara internasional yang berangkat naik 7,12 persen dibandingkan April 2024","Pada Mei 2024, jumlah penumpang angkutan udara internasional yang berangkat naik 7,12 persen dibandingkan April 2024 Jumlah penumpang angkutan udara domestik yang berangkat pada Mei 2024 sebanyak 5,3 juta orang atau turun 9,36 persen dibanding kondisi pada April 2024. Sementara jumlah penumpang t...",257
2352,2024-07-01,2024,2.4.5,Statistik Ekonomi,Statistik Sektoral,Pariwisata,"Pada Mei 2024, kunjungan wisatawan mancanegara (wisman) di Indonesia mencapai 1,15 juta kunjungan. Jumlah ini naik sebesar 7,36 persen dibandingkan April 2024 month-to-month (m-to-m) dan naik 20,11 persen dibandingkan bulan yang sama pada tahun lalu (y-on-y).","Pada Mei 2024, kunjungan wisatawan mancanegara (wisman) di Indonesia mencapai 1,15 juta kunjungan. Jumlah ini naik sebesar 7,36 persen dibandingkan April 2024 month-to-month (m-to-m) dan naik 20,11 persen dibandingkan bulan yang sama pada tahun lalu (y-on-y). Pada Mei 2024, kunjungan wisatawan ma...",269
2329,2024-07-01,2024,2.7,Statistik Ekonomi,Harga,Harga-Harga,"Nilai Tukar Petani (NTP) Juni 2024 sebesar 118,77 atau naik 1,77 persen. Harga Gabah Kering Panen di Tingkat Petani naik 5,64 persen dan Harga Beras Premium di Penggilingan turun 0,75 persen.","Nilai Tukar Petani (NTP) Juni 2024 sebesar 118,77 atau naik 1,77 persen. Harga Gabah Kering Panen di Tingkat Petani naik 5,64 persen dan Harga Beras Premium di Penggilingan turun 0,75 persen. Nilai Tukar Petani (NTP) adalah perbandingan indeks harga yang diterima petani (It) terhadap indeks harga...",472
2317,2024-07-01,2024,2.7,Statistik Ekonomi,Harga,Harga-Harga,"Pada Juni 2024, perubahan Indeks Harga Perdagangan Besar (IHPB) Umum Nasional tahun ke tahun sebesar 3,36 persen","Pada Juni 2024, perubahan Indeks Harga Perdagangan Besar (IHPB) Umum Nasional tahun ke tahun sebesar 3,36 persen Pada Juni 2024, perubahan Indeks Harga Perdagangan Besar (IHPB) Umum Nasional tahun ke tahun (y-on-y) sebesar 3,36 persen terhadap IHPB Juni 2023. Kenaikan IHPB tertinggi terjadi pada ...",129
2305,2024-07-01,2024,2.7,Statistik Ekonomi,Harga,Harga-Harga,"Juni 2024 inflasi Year-on-Year (y-on-y) sebesar 2,51 persen. Inflasi provinsi y-on-y tertinggi terjadi di Provinsi Papua Pegunungan sebesar 5,65 persen dan inflasi kabupaten/kota y-on-y tertinggi terjadi di Kabupaten Minahasa Utara sebesar 7,86 persen.","Juni 2024 inflasi Year-on-Year (y-on-y) sebesar 2,51 persen. Inflasi provinsi y-on-y tertinggi terjadi di Provinsi Papua Pegunungan sebesar 5,65 persen dan inflasi kabupaten/kota y-on-y tertinggi terjadi di Kabupaten Minahasa Utara sebesar 7,86 persen. Pada Juni 2024 terjadi inflasi year on year ...",273
2339,2024-06-19,2024,2.6,Statistik Ekonomi,Perdagangan Internasional,Perdagangan Internasional dan Neraca Pembayaran,"Ekspor Mei 2024 mencapai US$22,33 miliar, naik 13,82 persen dibanding April 2024 serta Impor Mei 2024 senilai US$19,40 miliar, naik 14,82 persen dibanding April 2024.","Ekspor Mei 2024 mencapai US$22,33 miliar, naik 13,82 persen dibanding April 2024 serta Impor Mei 2024 senilai US$19,40 miliar, naik 14,82 persen dibanding April 2024. A. Perkembangan Ekspor Nilai ekspor Indonesia Mei 2024 mencapai US$22,33 miliar atau naik 13,82 persen dibanding ekspor April 2024...",474
2363,2024-06-03,2024,2.4.4,Statistik Ekonomi,Statistik Sektoral,Transportasi,"Pada April 2024, jumlah penumpang angkutan laut dalam negeri yang berangkat naik 36,05 persen dibandingkan Maret 2024. Jumlah barang yang diangkut menggunakan kereta pada April 2024 naik 2,19 pers","Pada April 2024, jumlah penumpang angkutan laut dalam negeri yang berangkat naik 36,05 persen dibandingkan Maret 2024. Jumlah barang yang diangkut menggunakan kereta pada April 2024 naik 2,19 pers Jumlah penumpang angkutan udara domestik yang berangkat pada April 2024 sebanyak 5,9 juta orang atau...",273
2351,2024-06-03,2024,2.4.5,Statistik Ekonomi,Statistik Sektoral,Pariwisata,Perkembangan Pariwisata April 2024,"Perkembangan Pariwisata April 2024 Pada April 2024, kunjungan wisatawan mancanegara (wisman) di Indonesia mencapai 1,07 juta kunjungan. Jumlah ini naik sebesar 2,41 persen dibandingkan Maret 2024 month-to-month (m-to-m) dan naik 23,23 persen dibandingkan bulan yang sama pada tahun lalu (y-on-y). ...",235
2328,2024-06-03,2024,2.7,Statistik Ekonomi,Harga,Harga-Harga,"Nilai Tukar Petani (NTP) Mei 2024 sebesar 116,71 atau turun 0,06 persen. Harga Gabah Kering Panen di Tingkat Petani naik 2,73 persen dan Harga Beras Premium di Penggilingan turun 3,79 persen.","Nilai Tukar Petani (NTP) Mei 2024 sebesar 116,71 atau turun 0,06 persen. Harga Gabah Kering Panen di Tingkat Petani naik 2,73 persen dan Harga Beras Premium di Penggilingan turun 3,79 persen. Nilai Tukar Petani (NTP) adalah perbandingan indeks harga yang diterima petani (It) terhadap indeks harga...",469
2316,2024-06-03,2024,2.7,Statistik Ekonomi,Harga,Harga-Harga,"Pada Mei 2024, perubahan Indeks Harga Perdagangan Besar (IHPB) Umum Nasional tahun ke tahun sebesar 3,47 persen","Pada Mei 2024, perubahan Indeks Harga Perdagangan Besar (IHPB) Umum Nasional tahun ke tahun sebesar 3,47 persen Pada Mei 2024, perubahan Indeks Harga Perdagangan Besar (IHPB) Umum Nasional tahun ke tahun (y-on-y) sebesar 3,47 persen terhadap IHPB Mei 2023. Kenaikan IHPB tertinggi terjadi pada Sek...",130
2304,2024-06-03,2024,2.7,Statistik Ekonomi,Harga,Harga-Harga,"Inflasi Year-on-Year (y-on-y) Mei 2024 sebesar 2,84 persen.","Inflasi Year-on-Year (y-on-y) Mei 2024 sebesar 2,84 persen. Pada Mei 2024 terjadi inflasi year on year (y-on-y) sebesar 2,84 persen dengan Indeks Harga Konsumen (IHK) sebesar 106,37. Inflasi provinsi y-on-y tertinggi terjadi di Provinsi Papua Tengah sebesar 5,39 persen dengan IHK sebesar 110,25 d...",266
2338,2024-05-15,2024,2.6,Statistik Ekonomi,Perdagangan Internasional,Perdagangan Internasional dan Neraca Pembayaran,"Ekspor April 2024 mencapai US$19,62 miliar, turun 12,97 persen dibanding Maret 2024. Impor April 2024 senilai US$16,06 miliar, turun 10,60 persen dibanding Maret 2024.","Ekspor April 2024 mencapai US$19,62 miliar, turun 12,97 persen dibanding Maret 2024. Impor April 2024 senilai US$16,06 miliar, turun 10,60 persen dibanding Maret 2024. A. Perkembangan Ekspor Nilai ekspor Indonesia April 2024 mencapai US$19,62 miliar atau turun 12,97 persen dibanding ekspor Maret ...",469
2387,2024-05-06,2024,3.3.2,Statistik Lingkungan Hidup dan Multi-domain,Statistik Multi-domain,Gender dan Kelompok Populasi Khusus,"Indeks Ketimpangan Gender (IKG) Indonesia mengalami penurunan yang signifikan menjadi 0,447, menunjukkan perbaikan yang stabil dalam kesetaraan gender","Indeks Ketimpangan Gender (IKG) Indonesia mengalami penurunan yang signifikan menjadi 0,447, menunjukkan perbaikan yang stabil dalam kesetaraan gender Indeks Ketimpangan Gender (IKG) Indonesia 2023 sebesar 0,447, turun 0,012 poin dibandingkan tahun sebelumnya. Perbaikan di semua dimensi menjadi f...",60
2380,2024-05-06,2024,2.1,Statistik Ekonomi,Statistik Makroekonomi,Neraca Ekonomi,"Ekonomi Indonesia Triwulan I-2024 Tumbuh 5,11 Persen (Y-on-Y) dan Ekonomi Indonesia Triwulan I-2024 Terkontraksi 0,83 Persen (Q-to-Q).","Ekonomi Indonesia Triwulan I-2024 Tumbuh 5,11 Persen (Y-on-Y) dan Ekonomi Indonesia Triwulan I-2024 Terkontraksi 0,83 Persen (Q-to-Q). Perekonomian Indonesia berdasarkan besaran Produk Domestik Bruto (PDB) atas dasar harga berlaku triwulan I-2024 mencapai Rp5.288,3 triliun dan atas dasar harga ko...",168
2372,2024-05-06,2024,1.2,Statistik Demografi dan Sosial,Ketenagakerjaan,Tenaga Kerja,"Tingkat Pengangguran Terbuka (TPT) sebesar 4,82 persen dan Rata-rata upah buruh sebesar 3,04 juta rupiah per bulan","Tingkat Pengangguran Terbuka (TPT) sebesar 4,82 persen dan Rata-rata upah buruh sebesar 3,04 juta rupiah per bulan Jumlah angkatan kerja berdasarkan Survei Angkatan Kerja Nasional (Sakernas) pada Februari 2024 sebanyak 149,38 juta orang, naik 2,76 juta orang dibanding Februari 2023. Tingkat Parti...",166
2384,2024-05-02,2024,2.7,Statistik Ekonomi,Harga,Harga-Harga,"Harga Produsen Mengalami Inflasi 0,37 Persen di Triwulan I-2024","Harga Produsen Mengalami Inflasi 0,37 Persen di Triwulan I-2024 Indeks Harga Produsen (IHP) umum sembilan sektor pada triwulan I-2024 naik 0,37 persen terhadap triwulan IV-2023 (q-to-q) dan turun 2,44 persen terhadap triwulan I-2023 (y-on-y). IHP Sektor Pertanian, Kehutanan, dan Perikanan triwula...",233
2362,2024-05-02,2024,2.4.4,Statistik Ekonomi,Statistik Sektoral,Transportasi,"Pada Maret 2024, jumlah penumpang kereta yang berangkat naik 2,71 persen dibandingkan Februari 2024.","Pada Maret 2024, jumlah penumpang kereta yang berangkat naik 2,71 persen dibandingkan Februari 2024. Jumlah penumpang angkutan udara domestik yang berangkat pada Maret 2024 sebanyak 4,5 juta orang atau turun 3,51 persen dibanding kondisi pada Februari 2024. Jumlah penumpang tujuan luar negeri (in...",255
2350,2024-05-02,2024,2.4.5,Statistik Ekonomi,Statistik Sektoral,Pariwisata,"Kunjungan wisatawan mancanegara pada April 2024 mencapai 1,07 juta kunjungan, naik 23,23 persen Year-on-Year (Y-on-Y)","Kunjungan wisatawan mancanegara pada April 2024 mencapai 1,07 juta kunjungan, naik 23,23 persen Year-on-Year (Y-on-Y) Pada Maret 2024, kunjungan wisatawan mancanegara (wisman) di Indonesia mencapai 1,04 juta kunjungan. Jumlah ini turun sebesar 1,91 persen dibandingkan Februari 2024 month-to-month...",248
2327,2024-05-02,2024,2.7,Statistik Ekonomi,Harga,Harga-Harga,"Nilai Tukar Petani (NTP) April 2024 sebesar 116,79 atau turun 2,18 persen.","Nilai Tukar Petani (NTP) April 2024 sebesar 116,79 atau turun 2,18 persen. Nilai Tukar Petani (NTP) adalah perbandingan indeks harga yang diterima petani (It) terhadap indeks harga yang dibayar petani (Ib). NTP merupakan salah satu indikator untuk melihat tingkat kemampuan/daya beli petani di per...",181
2315,2024-05-02,2024,2.7,Statistik Ekonomi,Harga,Harga-Harga,"Pada April 2024, perubahan Indeks Harga Perdagangan Besar (IHPB) Umum Nasional tahun ke tahun sebesar 3,71 persen.","Pada April 2024, perubahan Indeks Harga Perdagangan Besar (IHPB) Umum Nasional tahun ke tahun sebesar 3,71 persen. Pada April 2024, perubahan Indeks Harga Perdagangan Besar (IHPB) Umum Nasional tahun ke tahun (y-on-y) sebesar 3,71 persen terhadap IHPB April 2023. Kenaikan IHPB tertinggi terjadi p...",130
2303,2024-05-02,2024,2.7,Statistik Ekonomi,Harga,Harga-Harga,"Inflasi April 2024 Year-on-Year (y-on-y) sebesar 3,00 persen. Inflasi provinsi tertinggi terjadi di Provinsi Gorontalo sebesar 4,65 persen.","Inflasi April 2024 Year-on-Year (y-on-y) sebesar 3,00 persen. Inflasi provinsi tertinggi terjadi di Provinsi Gorontalo sebesar 4,65 persen. Pada April 2024 terjadi inflasi year on year (y-on-y) sebesar 3,00 persen dengan Indeks Harga Konsumen (IHK) sebesar 106,40. Inflasi provinsi y-on-y tertingg...",254
2337,2024-04-22,2024,2.7,Statistik Ekonomi,Harga,Harga-Harga,"Ekspor Maret 2024 mencapai US$22,43 miliar, naik 16,40 persen dibanding Februari 2024 dan Impor Maret 2024 senilai US$17,96 miliar, turun 2,60 persen dibanding Februari 2024","Ekspor Maret 2024 mencapai US$22,43 miliar, naik 16,40 persen dibanding Februari 2024 dan Impor Maret 2024 senilai US$17,96 miliar, turun 2,60 persen dibanding Februari 2024 A. Perkembangan Ekspor Nilai ekspor Indonesia Maret 2024 mencapai US$22,43 miliar atau naik 16,40 persen dibanding ekspor F...",459
2361,2024-04-01,2024,2.4.4,Statistik Ekonomi,Statistik Sektoral,Transportasi,"Selama Januari–Februari 2024, jumlah penumpang angkutan udara ke luar negeri naik 34,17 persen dibandingkan periode yang sama tahun sebelumnya.","Selama Januari–Februari 2024, jumlah penumpang angkutan udara ke luar negeri naik 34,17 persen dibandingkan periode yang sama tahun sebelumnya. Jumlah penumpang angkutan udara domestik yang berangkat pada Februari 2024 sebanyak 4,7 juta orang atau turun 2,65 persen dibanding kondisi pada Januari ...",265
2349,2024-04-01,2024,2.4.5,Statistik Ekonomi,Statistik Sektoral,Pariwisata,"Kunjungan wisatawan mancanegara pada Februari 2024 mencapai 1,04 juta kunjungan, naik 38,24 persen (Y-on-Y). Jumlah perjalanan wisatawan nasional (wisnas) pada Februari 2024 mencapai 622,15 ribu perjalanan, naik 7.22 persen (Y-on-Y).","Kunjungan wisatawan mancanegara pada Februari 2024 mencapai 1,04 juta kunjungan, naik 38,24 persen (Y-on-Y). Jumlah perjalanan wisatawan nasional (wisnas) pada Februari 2024 mencapai 622,15 ribu perjalanan, naik 7.22 persen (Y-on-Y). Pada Februari 2024, kunjungan wisatawan mancanegara (wisman) di...",263
2326,2024-04-01,2024,2.7,Statistik Ekonomi,Harga,Harga-Harga,"Nilai Tukar Petani (NTP) Maret 2024 sebesar 119,39 atau turun 1,31 persen.","Nilai Tukar Petani (NTP) Maret 2024 sebesar 119,39 atau turun 1,31 persen. Nilai Tukar Petani (NTP) adalah perbandingan indeks harga yang diterima petani (It) terhadap indeks harga yang dibayar petani (Ib). NTP merupakan salah satu indikator untuk melihat tingkat kemampuan/daya beli petani di per...",180
2314,2024-04-01,2024,2.7,Statistik Ekonomi,Harga,Harga-Harga,"Pada Maret 2024, perubahan Indeks Harga Perdagangan Besar (IHPB) Umum Nasional tahun ke tahun sebesar 3,64 persen","Pada Maret 2024, perubahan Indeks Harga Perdagangan Besar (IHPB) Umum Nasional tahun ke tahun sebesar 3,64 persen Pada Maret 2024, perubahan Indeks Harga Perdagangan Besar (IHPB) Umum Nasional tahun ke tahun (y-on-y) sebesar 3,64 persen terhadap IHPB Maret 2023. Kenaikan IHPB tertinggi terjadi pa...",127
2302,2024-04-01,2024,2.7,Statistik Ekonomi,Harga,Harga-Harga,"Inflasi Year-on-Year (y-on-y) Maret 2024 sebesar 3,05 persen","Inflasi Year-on-Year (y-on-y) Maret 2024 sebesar 3,05 persen Pada Maret 2024 terjadi inflasi year on year (y-on-y) sebesar 3,05 persen dengan Indeks Harga Konsumen (IHK) sebesar 106,13. Inflasi provinsi y-on-y tertinggi terjadi di Provinsi Papua Barat sebesar 4,78 persen dengan IHK sebesar 106,61...",247
2336,2024-03-15,2024,2.6,Statistik Ekonomi,Perdagangan Internasional,Perdagangan Internasional dan Neraca Pembayaran,"Ekspor Februari 2024 mencapai US$19,31 miliar, turun 5,79 persen dibanding Januari 2024 dan Impor Februari 2024 senilai US$18,44 miliar, turun 0,29 persen dibanding Januari 2024","Ekspor Februari 2024 mencapai US$19,31 miliar, turun 5,79 persen dibanding Januari 2024 dan Impor Februari 2024 senilai US$18,44 miliar, turun 0,29 persen dibanding Januari 2024 A. Perkembangan Ekspor Nilai ekspor Indonesia Februari 2024 mencapai US$19,31 miliar atau turun 5,79 persen dibanding e...",464
2377,2024-03-01,2024,2.4.1,Statistik Ekonomi,Statistik Sektoral,"Pertanian, Kehutanan, Perikanan","Pada 2023, luas panen jagung pipilan mencapai 2,48 juta hektare. Produksi jagung pipilan kering dengan kadar air 14 persen pada 2023 sebesar 14,77 juta ton.","Pada 2023, luas panen jagung pipilan mencapai 2,48 juta hektare. Produksi jagung pipilan kering dengan kadar air 14 persen pada 2023 sebesar 14,77 juta ton. Luas panen jagung pipilan pada 2023 mencapai 2,48 juta hektare, mengalami penurunan sebanyak 0,29 juta hektare atau 10,43 persen dibandingka...",115
2375,2024-03-01,2024,2.4.1,Statistik Ekonomi,Statistik Sektoral,"Pertanian, Kehutanan, Perikanan","Pada 2023, luas panen padi mencapai sekitar 10,21 juta hektare dengan produksi padi sebesar 53,98 juta ton gabah kering giling (GKG)","Pada 2023, luas panen padi mencapai sekitar 10,21 juta hektare dengan produksi padi sebesar 53,98 juta ton gabah kering giling (GKG) Pada 2023, luas panen padi mencapai sekitar 10,21 juta hektare dengan produksi padi sebesar 53,98 juta ton gabah kering giling (GKG). Jika dikonversikan menjadi ber...",59
2360,2024-03-01,2024,2.4.4,Statistik Ekonomi,Statistik Sektoral,Transportasi,"Jumlah penumpang angkutan udara internasional pada Januari 2024 naik 0,41 persen dibandingkan Desember 2023","Jumlah penumpang angkutan udara internasional pada Januari 2024 naik 0,41 persen dibandingkan Desember 2023 Jumlah penumpang angkutan udara domestik yang berangkat pada Januari 2024 sebanyak 4,8 juta orang atau turun 13,76 persen dibanding kondisi pada Desember 2023. Jumlah penumpang tujuan luar ...",138
2348,2024-03-01,2024,2.4.5,Statistik Ekonomi,Statistik Sektoral,Pariwisata,"Kunjungan wisatawan mancanegara pada Januari 2024 mencapai 927,75 ribu kunjungan, naik 16,19 persen (y-on-y). Tingkat Penghunian Kamar di hotel bintang pada Januari 2024 mencapai 46,72 persen (y-on-y)","Kunjungan wisatawan mancanegara pada Januari 2024 mencapai 927,75 ribu kunjungan, naik 16,19 persen (y-on-y). Tingkat Penghunian Kamar di hotel bintang pada Januari 2024 mencapai 46,72 persen (y-on-y) Kunjungan wisatawan mancanegara pada Januari 2024 mencapai 927,75 ribu kunjungan, naik 16,19 per...",57
2325,2024-03-01,2024,2.7,Statistik Ekonomi,Harga,Harga-Harga,"Nilai Tukar Petani (NTP) Februari 2024 sebesar 120,97 atau naik 2,28 persen. Harga Gabah Kering Panen di Tingkat Petani naik 4,86 persen dan Harga Beras Premium di Penggilingan naik 6,31 persen.","Nilai Tukar Petani (NTP) Februari 2024 sebesar 120,97 atau naik 2,28 persen. Harga Gabah Kering Panen di Tingkat Petani naik 4,86 persen dan Harga Beras Premium di Penggilingan naik 6,31 persen. Nilai Tukar Petani (NTP) adalah perbandingan indeks harga yang diterima petani (It) terhadap indeks ha...",483
2313,2024-03-01,2024,2.7,Statistik Ekonomi,Harga,Harga-Harga,"Pada Februari 2024, perubahan Indeks Harga Perdagangan Besar (IHPB) Umum Nasional tahun ke tahun sebesar 3,23 persen","Pada Februari 2024, perubahan Indeks Harga Perdagangan Besar (IHPB) Umum Nasional tahun ke tahun sebesar 3,23 persen Pada Februari 2024, perubahan Indeks Harga Perdagangan Besar (IHPB) Umum Nasional tahun ke tahun (y-on-y) sebesar 3,23 persen terhadap IHPB Februari 2023. Kenaikan IHPB tertinggi t...",125
2301,2024-03-01,2024,2.7,Statistik Ekonomi,Harga,Harga-Harga,"Inflasi tahun-ke-tahun (y-on-y) pada bulan Februari 2024 adalah 2,75 persen","Inflasi tahun-ke-tahun (y-on-y) pada bulan Februari 2024 adalah 2,75 persen Pada Februari 2024 terjadi inflasi year on year (y-on-y) sebesar 2,75 persen dengan Indeks Harga Konsumen (IHK) sebesar 105,58. Inflasi provinsi y-on-y tertinggi terjadi di Provinsi Papua Selatan sebesar 4,61 persen denga...",249
2335,2024-02-15,2024,2.6,Statistik Ekonomi,Perdagangan Internasional,Perdagangan Internasional dan Neraca Pembayaran,"Ekspor Januari 2024 mencapai US$20,52 miliar, turun 8,34 persen dibanding Desember 2023 dan Impor Januari 2024 senilai US$18,51 miliar, turun 3,13 persen dibanding Desember 2023","Ekspor Januari 2024 mencapai US$20,52 miliar, turun 8,34 persen dibanding Desember 2023 dan Impor Januari 2024 senilai US$18,51 miliar, turun 3,13 persen dibanding Desember 2023 A. Perkembangan Ekspor Nilai ekspor Indonesia Januari 2024 mencapai US$20,52 miliar atau turun 8,34 persen dibanding ek...",140
2379,2024-02-05,2024,2.1,Statistik Ekonomi,Statistik Makroekonomi,Neraca Ekonomi,"Ekonomi Indonesia Triwulan IV-2023 Tumbuh 5,04 Persen (y-on-y)","Ekonomi Indonesia Triwulan IV-2023 Tumbuh 5,04 Persen (y-on-y) Perekonomian Indonesia 2023 yang diukur berdasarkan Produk Domestik Bruto (PDB) atas dasar harga berlaku mencapai Rp20.892,4 triliun dan PDB per kapita mencapai Rp75,0 juta atau US$4.919,7. Ekonomi Indonesia tahun 2023 tumbuh sebesar ...",229
2383,2024-02-01,2024,2.7,Statistik Ekonomi,Harga,Harga-Harga,"Harga Produsen Mengalami Inflasi 0,18 Persen di Triwulan IV-2023","Harga Produsen Mengalami Inflasi 0,18 Persen di Triwulan IV-2023 Indeks Harga Produsen (IHP) gabungan tiga sektor (Sektor Pertanian; Pertambangan dan Penggalian; dan Industri Pengolahan) pada triwulan IV-2023 naik 0,18 persen terhadap triwulan III-2023 (q-to-q) dan naik 0,03 persen terhadap triwu...",239
2359,2024-02-01,2024,2.4.4,Statistik Ekonomi,Statistik Sektoral,Transportasi,"Jumlah penumpang angkutan laut dalam negeri pada Desember 2023 naik 17,75 persen dibandingkan November 2023","Jumlah penumpang angkutan laut dalam negeri pada Desember 2023 naik 17,75 persen dibandingkan November 2023 Jumlah penumpang angkutan udara domestik yang berangkat pada Desember 2023 sebanyak 5,6 juta orang atau naik 7,84 persen dibanding kondisi pada November 2023. Jumlah penumpang tujuan luar n...",226
2347,2024-02-01,2024,2.4.5,Statistik Ekonomi,Statistik Sektoral,Pariwisata,"Kunjungan wisatawan mancanegara pada Desember 2023 mencapai 1,14 juta kunjungan, naik 20,17 persen (year-on-year).","Kunjungan wisatawan mancanegara pada Desember 2023 mencapai 1,14 juta kunjungan, naik 20,17 persen (year-on-year). Pada Desember 2023, kunjungan wisatawan mancanegara (wisman) di Indonesia mencapai 1,14 juta kunjungan. Jumlah ini naik sebesar 22,91 persen dibandingkan November 2023 (month-to-mont...",233
2324,2024-02-01,2024,2.7,Statistik Ekonomi,Harga,Harga-Harga,"Nilai Tukar Petani (NTP) Januari 2024 sebesar 118,27 atau naik 0,43 persen. Harga Gabah Kering Panen di Tingkat Petani naik 2,97 persen dan Harga Beras Premium di Penggilingan naik 2,36 persen.","Nilai Tukar Petani (NTP) Januari 2024 sebesar 118,27 atau naik 0,43 persen. Harga Gabah Kering Panen di Tingkat Petani naik 2,97 persen dan Harga Beras Premium di Penggilingan naik 2,36 persen. Nilai Tukar Petani (NTP) adalah perbandingan indeks harga yang diterima petani (It) terhadap indeks har...",201
2312,2024-02-01,2024,2.7,Statistik Ekonomi,Harga,Harga-Harga,"Pada Januari 2024, perubahan Indeks Harga Perdagangan Besar (IHPB) Umum Nasional tahun ke tahun sebesar 2,80 persen.","Pada Januari 2024, perubahan Indeks Harga Perdagangan Besar (IHPB) Umum Nasional tahun ke tahun sebesar 2,80 persen. Pada Januari 2024, perubahan Indeks Harga Perdagangan Besar (IHPB) Umum Nasional tahun ke tahun (y-on-y) sebesar 2,80 persen terhadap IHPB Januari 2023. Kenaikan IHPB tertinggi ter...",126
2300,2024-02-01,2024,2.7,Statistik Ekonomi,Harga,Harga-Harga,"Inflasi year-on-year (y-on-y) pada Januari 2024 sebesar 2,57 persen. Inflasi provinsi tertinggi terjadi di Provinsi Papua Tengah sebesar 4,76 persen dan inflasi kabupaten/kota tertinggi terjadi di Kab Toli Toli sebesar 6,76 persen.","Inflasi year-on-year (y-on-y) pada Januari 2024 sebesar 2,57 persen. Inflasi provinsi tertinggi terjadi di Provinsi Papua Tengah sebesar 4,76 persen dan inflasi kabupaten/kota tertinggi terjadi di Kab Toli Toli sebesar 6,76 persen. Pada Januari 2024 terjadi inflasi year on year (y-on-y) sebesar 2...",284
2298,2024-01-15,2024,2.6,Statistik Ekonomi,Perdagangan Internasional,Perdagangan Internasional dan Neraca Pembayaran,"Ekspor Desember 2023 mencapai US$22,41 miliar, naik 1,89 persen dibanding November 2023 dan Impor Desember 2023 senilai US$19,11 miliar, turun 2,45 persen dibanding November 2023","Ekspor Desember 2023 mencapai US$22,41 miliar, naik 1,89 persen dibanding November 2023 dan Impor Desember 2023 senilai US$19,11 miliar, turun 2,45 persen dibanding November 2023 A. Perkembangan Ekspor Nilai ekspor Indonesia Desember 2023 mencapai US$22,41 miliar atau naik 1,89 persen dibanding e...",458
2358,2024-01-02,2024,2.4.4,Statistik Ekonomi,Statistik Sektoral,Transportasi,"Selama Januari–November 2023, jumlah penumpang angkutan udara internasional naik 135,11 persen dibandingkan periode yang sama tahun 2022.","Selama Januari–November 2023, jumlah penumpang angkutan udara internasional naik 135,11 persen dibandingkan periode yang sama tahun 2022. Jumlah penumpang angkutan udara domestik yang berangkat pada November 2023 sebanyak 5,2 juta orang atau turun 1,51 persen dibanding kondisi pada Oktober 2023. ...",228
2346,2024-01-02,2024,2.4.5,Statistik Ekonomi,Statistik Sektoral,Pariwisata,"Kunjungan wisatawan mancanegara pada November 2023 mencapai 917,41 ribu kunjungan, naik 30,17 persen (year-on-year)","Kunjungan wisatawan mancanegara pada November 2023 mencapai 917,41 ribu kunjungan, naik 30,17 persen (year-on-year) Kunjungan wisatawan mancanegara pada November 2023 mencapai 917,41 ribu kunjungan, naik 30,17 persen (year-on-year). Perjalanan wisatawan nusantara pada November 2023 mencapai 60,33...",58
2323,2024-01-02,2024,2.7,Statistik Ekonomi,Harga,Harga-Harga,"Nilai Tukar Petani (NTP) Desember 2023 sebesar 117,76 atau naik 0,88 persen. Harga Gabah Kering Panen di Tingkat Petani naik 0,12 persen dan Harga Beras Premium di Penggilingan naik 0,74 persen.","Nilai Tukar Petani (NTP) Desember 2023 sebesar 117,76 atau naik 0,88 persen. Harga Gabah Kering Panen di Tingkat Petani naik 0,12 persen dan Harga Beras Premium di Penggilingan naik 0,74 persen. Nilai Tukar Petani (NTP) adalah perbandingan indeks harga yang diterima petani (It) terhadap indeks ha...",498
2311,2024-01-02,2024,2.7,Statistik Ekonomi,Harga,Harga-Harga,"Pada Desember 2023, perubahan Indeks Harga Perdagangan Besar (IHPB) Umum Nasional tahun ke tahun sebesar 3,14 persen","Pada Desember 2023, perubahan Indeks Harga Perdagangan Besar (IHPB) Umum Nasional tahun ke tahun sebesar 3,14 persen Pada Desember 2023, perubahan Indeks Harga Perdagangan Besar (IHPB) Umum Nasional tahun ke tahun (y-on-y) sebesar 3,14 persen terhadap IHPB Desember 2022. Kenaikan IHPB tertinggi t...",131
2299,2024-01-02,2024,2.7,Statistik Ekonomi,Harga,Harga-Harga,"Inflasi year-on-year (y-on-y) pada Desember 2023 sebesar 2,61 persen. Inflasi tertinggi terjadi di Sumenep sebesar 5,08 persen.","Inflasi year-on-year (y-on-y) pada Desember 2023 sebesar 2,61 persen. Inflasi tertinggi terjadi di Sumenep sebesar 5,08 persen. Pada Desember 2023 terjadi inflasi year on year (y-on-y) sebesar 2,61 persen dengan Indeks Harga Konsumen (IHK) sebesar 116,56. Inflasi tertinggi terjadi di Sumenep sebe...",209
2513,2025-12-01,2025,2.4.1,Statistik Ekonomi,Statistik Sektoral,"Pertanian, Kehutanan, Perikanan","Luas panen jagung pipilan pada Oktober 2025 sebesar 0,20 juta hektare, dengan Produksi jagung pipilan kering dengan kadar air 14 persen sebanyak 1,24 juta ton","Luas panen jagung pipilan pada Oktober 2025 sebesar 0,20 juta hektare, dengan Produksi jagung pipilan kering dengan kadar air 14 persen sebanyak 1,24 juta ton Luas panen jagung pipilan pada Oktober 2025 sebesar 0,20 juta hektare, mengalami penurunan sebesar 0,01 juta hektare atau 5,06 persen diba...",139
2512,2025-12-01,2025,2.4.1,Statistik Ekonomi,Statistik Sektoral,"Pertanian, Kehutanan, Perikanan","Luas panen padi pada Oktober 2025 sebesar 0,86 juta hektare dengan produksi padi diperkirakan sebanyak 4,72 juta ton Gabah Kering Giling (GKG)","Luas panen padi pada Oktober 2025 sebesar 0,86 juta hektare dengan produksi padi diperkirakan sebanyak 4,72 juta ton Gabah Kering Giling (GKG) Luas panen padi pada Oktober 2025 sebesar 0,86 juta hektare, mengalami kenaikan sebesar 0,04 juta hektare atau 4,44 persen dibandingkan luas panen padi di...",170
2491,2025-12-01,2025,2.6,Statistik Ekonomi,Perdagangan Internasional,Perdagangan Internasional dan Neraca Pembayaran,"Indeks Harga Ekspor Indonesia Turun 0,67% dan Indeks Harga Impor Indonesia Naik 0,94% pada Triwulan III-2025 Dibandingkan Triwulan Sebelumnya","Indeks Harga Ekspor Indonesia Turun 0,67% dan Indeks Harga Impor Indonesia Naik 0,94% pada Triwulan III-2025 Dibandingkan Triwulan Sebelumnya Indeks Harga Ekspor (IHX) umum pada triwulan III-2025 turun 0,67 persen terhadap triwulan II-2025 (q-to-q) dan naik 5,25 persen terhadap triwulan III-2024 ...",145
2486,2025-12-01,2025,2.7,Statistik Ekonomi,Harga,Harga-Harga,"Inflasi year-on-year (y-on-y) pada November 2025 sebesar 2,72 persen","Inflasi year-on-year (y-on-y) pada November 2025 sebesar 2,72 persen Pada November 2025 terjadi inflasi year on year (y-on-y) sebesar 2,72 persen dengan Indeks Harga Konsumen (IHK) sebesar 109,22. Inflasi y-on-y tertinggi di tingkat provinsi terjadi di Provinsi Riau sebesar 4,27 persen dengan IHK...",171
2485,2025-12-01,2025,2.4.5,Statistik Ekonomi,Statistik Sektoral,Pariwisata,"Oktober 2025, kunjungan wisman di Indonesia mencapai 1,33 juta kunjungan; jumlah perjalanan wisnus 96,00 juta; jumlah perjalanan wisnas 725,42 ribu; dan Tingkat Penghunian Kamar (TPK) di hotel bintang 52,84 persen.","Oktober 2025, kunjungan wisman di Indonesia mencapai 1,33 juta kunjungan; jumlah perjalanan wisnus 96,00 juta; jumlah perjalanan wisnas 725,42 ribu; dan Tingkat Penghunian Kamar (TPK) di hotel bintang 52,84 persen. Kunjungan wisatawan mancanegara (wisman) pada Oktober 2025 mencapai 1,33 juta kunj...",94
2484,2025-12-01,2025,2.4.4,Statistik Ekonomi,Statistik Sektoral,Transportasi,"Barang yang diangkut menggunakan angkutan udara domestik pada Oktober 2025 naik 9,92 persen.","Barang yang diangkut menggunakan angkutan udara domestik pada Oktober 2025 naik 9,92 persen. Pada Oktober 2025, penumpang angkutan udara domestik naik 8,80 persen menjadi 5,3 juta orang, penumpang internasional naik 0,53 persen menjadi 1,8 juta orang, dan barang domestik naik 9,92 persen menjadi ...",179
2483,2025-12-01,2025,2.7,Statistik Ekonomi,Harga,Harga-Harga,"Indeks Harga Perdagangan Besar (IHPB) Umum Nasional November 2025 naik 2,35 persen (y-on-y).","Indeks Harga Perdagangan Besar (IHPB) Umum Nasional November 2025 naik 2,35 persen (y-on-y). Pada November 2025, perubahan Indeks Harga Perdagangan Besar (IHPB) Umum Nasional tahun ke tahun (y-on-y) sebesar 2,35 persen terhadap IHPB November 2024. Kenaikan IHPB tertinggi terjadi pada Seksi Hasil ...",138
2482,2025-12-01,2025,2.7,Statistik Ekonomi,Harga,Harga-Harga,"NTP nasional November 2025 sebesar 124,05 atau turun 0,23 persen","NTP nasional November 2025 sebesar 124,05 atau turun 0,23 persen NTP nasional November 2025 sebesar 124,05 atau turun 0,23 persen dibanding NTP bulan sebelumnya. Penurunan NTP dikarenakan It mengalami penurunan sebesar 0,26 persen lebih besar dari penurunan Ib sebesar 0,03 persen. Pada November 2...",141
2481,2025-12-01,2025,2.6,Statistik Ekonomi,Perdagangan Internasional,Perdagangan Internasional dan Neraca Pembayaran,"Ekspor dan Impor Indonesia Oktober 2025 masing-masing tercatat USD 24,24 miliar dan USD 21,84 miliar","Ekspor dan Impor Indonesia Oktober 2025 masing-masing tercatat USD 24,24 miliar dan USD 21,84 miliar Ekspor Indonesia Januari–Oktober 2025 mencapai US$234,04 miliar atau naik 6,96 persen dibanding periode yang sama tahun 2024. Sejalan dengan total ekspor, nilai ekspor nonmigas yang mencapai US$22...",152
2480,2025-11-05,2025,3.3.1,Statistik Lingkungan Hidup dan Multi-domain,Statistik Multi-domain,"Kondisi Tempat Tinggal, Kemiskinan, dan Permasalahan Sosial Lintas Sektor","Indeks Pembangunan Manusia (IPM) Indonesia tahun 2025 mencapai 75,90, meningkat 0,88 poin dibandingkan tahun sebelumnya yang sebesar 75,02.","Indeks Pembangunan Manusia (IPM) Indonesia tahun 2025 mencapai 75,90, meningkat 0,88 poin dibandingkan tahun sebelumnya yang sebesar 75,02. IPM 2025 mengalami peningkatan dari tahun sebelumnya. Seluruh indikator penyusun IPM mengalami peningkatan. Umur Harapan Hidup (UHH) saat lahir mencapai 74,4...",106
2479,2025-11-05,2025,1.2,Statistik Demografi dan Sosial,Ketenagakerjaan,Tenaga Kerja,"Tingkat Pengangguran Terbuka (TPT) sebesar 4,85 persen. Rata–rata upah buruh sebesar 3,33 juta rupiah.","Tingkat Pengangguran Terbuka (TPT) sebesar 4,85 persen. Rata–rata upah buruh sebesar 3,33 juta rupiah. Jumlah angkatan kerja berdasarkan Survei Angkatan Kerja Nasional (Sakernas) pada Agustus 2025 sebanyak 154,00 juta orang, naik 1,89 juta orang dibanding Agustus 2024. Tingkat Partsipasi Angkatan...",134
2478,2025-11-05,2025,2.1,Statistik Ekonomi,Statistik Makroekonomi,Neraca Ekonomi,"Ekonomi Indonesia Triwulan III-2025 Tumbuh 5,04 Persen (Y-on-Y)","Ekonomi Indonesia Triwulan III-2025 Tumbuh 5,04 Persen (Y-on-Y) Perekonomian Indonesia berdasarkan besaran Produk Domestik Bruto (PDB) atas dasar harga berlaku triwulan III-2025 mencapai Rp6.060,0 triliun dan atas dasar harga konstan 2010 mencapai Rp3.444,8 triliun. Ekonomi Indonesia triwulan III...",204
2511,2025-11-03,2025,2.4.1,Statistik Ekonomi,Statistik Sektoral,"Pertanian, Kehutanan, Perikanan","Luas panen padi pada September 2025 sebesar 1,13 juta hektare dengan produksi padi diperkirakan sebanyak 5,95 juta ton Gabah Kering Giling (GKG)","Luas panen padi pada September 2025 sebesar 1,13 juta hektare dengan produksi padi diperkirakan sebanyak 5,95 juta ton Gabah Kering Giling (GKG) Luas panen padi pada September 2025 sebesar 1,13 juta hektare, mengalami kenaikan sebesar 0,10 juta hektare atau 10,14 persen dibandingkan luas panen pa...",170
2510,2025-11-03,2025,2.4.1,Statistik Ekonomi,Statistik Sektoral,"Pertanian, Kehutanan, Perikanan","Pada September 2025, luas panen jagung pipilan sebesar 0,22 juta hektare, dengan produksi jagung pipilan kering kadar air 14 persen sebanyak 1,34 juta ton.","Pada September 2025, luas panen jagung pipilan sebesar 0,22 juta hektare, dengan produksi jagung pipilan kering kadar air 14 persen sebanyak 1,34 juta ton. Luas panen jagung pipilan pada September 2025 sebesar 0,22 juta hektare, mengalami penurunan sebesar 0,06 juta hektare atau 21,14 persen diba...",116
2477,2025-11-03,2025,2.7,Statistik Ekonomi,Harga,Harga-Harga,"Inflasi year-on-year (y-on-y) pada Oktober 2025 sebesar 2,86 persen","Inflasi year-on-year (y-on-y) pada Oktober 2025 sebesar 2,86 persen Pada Oktober 2025 terjadi inflasi year on year (y-on-y) sebesar 2,86 persen dengan Indeks Harga Konsumen (IHK) sebesar 109,04. Inflasi provinsi y-on-y tertinggi terjadi di Provinsi Sumatera Utara sebesar 4,97 persen dengan IHK se...",148
2476,2025-11-03,2025,2.7,Statistik Ekonomi,Harga,Harga-Harga,"Nilai Tukar Petani (NTP) Oktober 2025 sebesar 124,33 atau turun 0,02 persen.","Nilai Tukar Petani (NTP) Oktober 2025 sebesar 124,33 atau turun 0,02 persen. NTP nasional Oktober 2025 sebesar 124,33 atau turun 0,02 persen dibanding NTP bulan sebelumnya. Penurunan NTP dikarenakan Indeks Harga yang DiterimaPetani (It) mengalami kenaikan sebesar 0,06 persen lebih rendah dari ken...",143
2475,2025-11-03,2025,2.7,Statistik Ekonomi,Harga,Harga-Harga,"Indeks Harga Perdagangan Besar (IHPB) Umum Nasional Oktober 2025 naik 2,61 persen (y-on-y)","Indeks Harga Perdagangan Besar (IHPB) Umum Nasional Oktober 2025 naik 2,61 persen (y-on-y) Pada Oktober 2025, perubahan Indeks Harga Perdagangan Besar (IHPB) Umum Nasional tahun ke tahun (y-on-y) sebesar 2,61 persen terhadap IHPB Oktober 2024. Kenaikan IHPB tertinggi terjadi pada Seksi Hasil Pert...",135
2474,2025-11-03,2025,2.4.5,Statistik Ekonomi,Statistik Sektoral,Pariwisata,"September 2025, kunjungan wisman di Indonesia mencapai 1,39 juta kunjungan, jumlah perjalanan wisnus mencapai 94,36 juta, jumlah perjalanan wisnas mencapai 695,91 ribu, tingkat penghunian kamar (TPK) hotel bintang 50,16 persen.","September 2025, kunjungan wisman di Indonesia mencapai 1,39 juta kunjungan, jumlah perjalanan wisnus mencapai 94,36 juta, jumlah perjalanan wisnas mencapai 695,91 ribu, tingkat penghunian kamar (TPK) hotel bintang 50,16 persen. Kunjungan wisatawan mancanegara (wisman) pada September 2025 mencapai...",94
2473,2025-11-03,2025,2.7,Statistik Ekonomi,Harga,Harga-Harga,"Harga Produsen Mengalami Inflasi 0,23 Persen di Triwulan III-2025","Harga Produsen Mengalami Inflasi 0,23 Persen di Triwulan III-2025 Indeks Harga Produsen (IHP) umum sembilan sektor pada triwulan III-2025 naik 0,23 persen terhadap triwulan II-2025 (q-to-q) dan naik 2,63 persen terhadap triwulan III-2024 (y-on-y). IHP Sektor Pertanian, Kehutanan, dan Perikanan tr...",233
2472,2025-11-03,2025,2.4.4,Statistik Ekonomi,Statistik Sektoral,Transportasi,"Jumlah penumpang angkutan sungai, danau, dan penyeberangan pada September 2025 sebanyak 3,9 juta orang atau naik 1,46 persen dibandingkan dengan Agustus 2025.","Jumlah penumpang angkutan sungai, danau, dan penyeberangan pada September 2025 sebanyak 3,9 juta orang atau naik 1,46 persen dibandingkan dengan Agustus 2025. Pada September 2025, penumpang angkutan udara domestik turun 5,13 persen menjadi 4,8 juta orang, penumpang internasional turun 6,96 persen...",187
2471,2025-11-03,2025,2.6,Statistik Ekonomi,Perdagangan Internasional,Perdagangan Internasional dan Neraca Pembayaran,"Ekspor dan Impor Indonesia September 2025 masing-masing tercatat USD 24,68 miliar dan USD 20,34 miliar","Ekspor dan Impor Indonesia September 2025 masing-masing tercatat USD 24,68 miliar dan USD 20,34 miliar Nilai ekspor Indonesia Januari–September 2025 mencapai US$209,81 miliar atau naik 8,14 persen dibanding periode yang sama tahun 2024. Sejalan dengan total ekspor, nilai ekspor nonmigas yang menc...",155
2507,2025-10-01,2025,2.4.1,Statistik Ekonomi,Statistik Sektoral,"Pertanian, Kehutanan, Perikanan","Luas panen padi pada Agustus 2025 sebesar 1,11 juta hektare dengan produksi padi diperkirakan sebanyak 5,63 juta ton gabah kering giling (GKG)","Luas panen padi pada Agustus 2025 sebesar 1,11 juta hektare dengan produksi padi diperkirakan sebanyak 5,63 juta ton gabah kering giling (GKG) Luas panen padi pada Agustus 2025 sebesar 1,11 juta hektare, mengalami kenaikan sebesar 0,09 juta hektare atau 9,18 persen dibandingkan luas panen padi di...",170
2506,2025-10-01,2025,2.4.1,Statistik Ekonomi,Statistik Sektoral,"Pertanian, Kehutanan, Perikanan","Luas Panen dan Produksi  Jagung pipilan sebesar 0,23 juta hektare pada Agustus 2025","Luas Panen dan Produksi Jagung pipilan sebesar 0,23 juta hektare pada Agustus 2025 Luas panen jagung pipilan pada Agustus 2025 sebesar 0,23 juta hektare, mengalami penurunan sebesar 0,03 juta hektare atau 10,04 persen dibandingkan luas panen pada Agustus 2024 yang sebesar 0,26 juta hektare. Produ...",105
2468,2025-10-01,2025,2.7,Statistik Ekonomi,Harga,Harga-Harga,"Inflasi year-on-year (y-on-y) pada September 2025 sebesar 2,65 persen","Inflasi year-on-year (y-on-y) pada September 2025 sebesar 2,65 persen Pada September 2025 terjadi inflasi year-on-year (y-on-y) sebesar 2,65 persen dengan Indeks Harga Konsumen (IHK) sebesar 108,74. Inflasi provinsi y-on-y tertinggi terjadi di Provinsi Sumatera Utara sebesar 5,32 persen dengan IH...",157
2467,2025-10-01,2025,2.7,Statistik Ekonomi,Harga,Harga-Harga,"Nilai Tukar Petani (NTP) September 2025 sebesar 124,36 atau naik 0,63 persen.","Nilai Tukar Petani (NTP) September 2025 sebesar 124,36 atau naik 0,63 persen. Nilai Tukar Petani (NTP) adalah perbandingan indeks harga yang diterima petani (It) terhadap indeks harga yang dibayar petani (Ib). NTP merupakan salah satu indikator untuk melihat tingkat kemampuan/daya beli petani di ...",151
2466,2025-10-01,2025,2.4.5,Statistik Ekonomi,Statistik Sektoral,Pariwisata,"Agustus 2025, kunjungan wisman di Indonesia mencapai 1,51 juta kunjungan, jumlah perjalanan wisnus 93,57 juta, jumlah perjalanan wisnas 684,93  ribu, dan Tingkat Penghunian Kamar (TPK) di hotel bintang 50,51 persen.","Agustus 2025, kunjungan wisman di Indonesia mencapai 1,51 juta kunjungan, jumlah perjalanan wisnus 93,57 juta, jumlah perjalanan wisnas 684,93 ribu, dan Tingkat Penghunian Kamar (TPK) di hotel bintang 50,51 persen. Kunjungan wisatawan mancanegara (wisman) pada Agustus 2025 mencapai 1,51 juta kunj...",95
2465,2025-10-01,2025,2.4.4,Statistik Ekonomi,Statistik Sektoral,Transportasi,"Penumpang angkutan udara internasional pada Agustus 2025 sebanyak 1,9 juta orang atau naik 5,19 persen.","Penumpang angkutan udara internasional pada Agustus 2025 sebanyak 1,9 juta orang atau naik 5,19 persen. Pada Agustus 2025, penumpang angkutan udara domestik turun 6,66 persen menjadi 5,1 juta orang, penumpang internasional naik 5,19 persen menjadi 1,9 juta orang, dan barang yang diangkut domestik...",181
2464,2025-10-01,2025,2.7,Statistik Ekonomi,Harga,Harga-Harga,"Indeks Harga Perdagangan Besar (IHPB) Umum Nasional September 2025 naik 2,31 persen (y-on y).","Indeks Harga Perdagangan Besar (IHPB) Umum Nasional September 2025 naik 2,31 persen (y-on y). Pada September 2025, perubahan Indeks Harga Perdagangan Besar (IHPB) Umum Nasional tahun ke tahun (y-on-y) sebesar 2,31 persen terhadap IHPB September 2024. Kenaikan IHPB tertinggi terjadi pada Seksi Has...",136
2463,2025-10-01,2025,2.6,Statistik Ekonomi,Perdagangan Internasional,Perdagangan Internasional dan Neraca Pembayaran,"Ekspor dan Impor Indonesia Agustus 2025 masing-masing tercatat USD 24,96 miliar dan USD 19,47 miliar","Ekspor dan Impor Indonesia Agustus 2025 masing-masing tercatat USD 24,96 miliar dan USD 19,47 miliar Nilai ekspor Indonesia Januari–Agustus 2025 mencapai US$185,13 miliar atau naik 7,72 persen dibanding periode yang sama tahun 2024. Sejalan dengan total ekspor, nilai ekspor nonmigas yang mencapai...",156
2524,2025-09-10,2025,1.9,Statistik Demografi dan Sosial,Budaya,Budaya,"Nilai Indeks Kepuasan Jemaah Haji Indonesia (IKJHI) tahun 2025 sebesar 88,46 (sangat memuaskan) meningkat sebesar 0,26 poin dibandingkan tahun 2024","Nilai Indeks Kepuasan Jemaah Haji Indonesia (IKJHI) tahun 2025 sebesar 88,46 (sangat memuaskan) meningkat sebesar 0,26 poin dibandingkan tahun 2024 Penyelenggaraan ibadah haji adalah wujud pelayanan publik, sehingga perlu pengukuran tingkat kesesuaian jemaah haji terhadap kualitas layanan yang di...",113
2505,2025-09-01,2025,2.4.1,Statistik Ekonomi,Statistik Sektoral,"Pertanian, Kehutanan, Perikanan","Luas Panen dan Produksi Padi di Indonesia pada Juli 2025 masing-masing sebesar 0,94 juta hektare dan 4,81 juta ton gabah kering giling (GKG).","Luas Panen dan Produksi Padi di Indonesia pada Juli 2025 masing-masing sebesar 0,94 juta hektare dan 4,81 juta ton gabah kering giling (GKG). Luas panen padi pada Juli 2025 sebesar 0,94 juta hektare, mengalami kenaikan sebesar 0,23 juta hektare atau 33,20 persen dibandingkan luas panen padi di Ju...",171
2504,2025-09-01,2025,2.4.1,Statistik Ekonomi,Statistik Sektoral,"Pertanian, Kehutanan, Perikanan","Luas panen jagung pipilan sebesar 0,25 juta hektare pada Juli 2025, produksi jagung pipilan kering dengan kadar air 14 persen diperkirakan sebanyak 1,46 juta ton","Luas panen jagung pipilan sebesar 0,25 juta hektare pada Juli 2025, produksi jagung pipilan kering dengan kadar air 14 persen diperkirakan sebanyak 1,46 juta ton Luas panen jagung pipilan pada Juli 2025 sebesar 0,25 juta hektare, mengalami kenaikan sebesar 0,01 juta hektare atau 5,81 persen diban...",117
2490,2025-09-01,2025,2.6,Statistik Ekonomi,Perdagangan Internasional,Perdagangan Internasional dan Neraca Pembayaran,"Indeks Harga Ekspor dan Impor Indonesia Triwulan II-2025 Masing-masing Naik Sebesar 0,96% dan 0,11% dari Triwulan Sebelumnya.","Indeks Harga Ekspor dan Impor Indonesia Triwulan II-2025 Masing-masing Naik Sebesar 0,96% dan 0,11% dari Triwulan Sebelumnya. Indeks Harga Ekspor (IHX) umum pada triwulan II-2025 naik 0,96 persen terhadap triwulan I-2025 (q-to-q) dan naik 0,90 persen terhadap triwulan II-2024 (y-on-y). IHX kelomp...",143
2462,2025-09-01,2025,2.4.5,Statistik Ekonomi,Statistik Sektoral,Pariwisata,"Juli 2025, kunjungan wisman di Indonesia mencapai 1,48 juta kunjungan, jumlah perjalanan wisnus 100,20 juta, jumlah perjalanan wisnas 869,93 ribu, dan Tingkat Penghunian Kamar (TPK) di hotel bintang 52,79 persen.","Juli 2025, kunjungan wisman di Indonesia mencapai 1,48 juta kunjungan, jumlah perjalanan wisnus 100,20 juta, jumlah perjalanan wisnas 869,93 ribu, dan Tingkat Penghunian Kamar (TPK) di hotel bintang 52,79 persen. Kunjungan wisatawan mancanegara (wisman) pada Juli 2025 mencapai 1,48 juta kunjungan...",94
2461,2025-09-01,2025,2.7,Statistik Ekonomi,Harga,Harga-Harga,"Nilai Tukar Petani (NTP) Agustus 2025 sebesar 123,57 atau naik 0,76 persen.","Nilai Tukar Petani (NTP) Agustus 2025 sebesar 123,57 atau naik 0,76 persen. NTP nasional Agustus 2025 sebesar 123,57 atau naik 0,76 persen dibanding NTP bulan sebelumnya. Kenaikan NTP dikarenakan Indeks Harga yang Diterima Petani (It) mengalami kenaikan sebesar 0,84 persen lebih tinggi dari kenai...",161
2460,2025-09-01,2025,2.4.4,Statistik Ekonomi,Statistik Sektoral,Transportasi,"Penumpang angkutan udara internasional pada Juli 2025 naik 10,16 persen menjadi 1,8 juta orang.","Penumpang angkutan udara internasional pada Juli 2025 naik 10,16 persen menjadi 1,8 juta orang. Pada Juli 2025, penumpang angkutan udara domestik naik 9,21 persen menjadi 5,5 juta orang, penumpang internasional naik 10,16 persen menjadi 1,8 juta orang, dan barang yang diangkut domestik turun 5,54...",180
2459,2025-09-01,2025,2.7,Statistik Ekonomi,Harga,Harga-Harga,"Inflasi y-on-y pada bulan Agustus 2025 sebesar 2,31 persen. Inflasi provinsi y-on-y tertinggi terjadi di Provinsi Sumatera Utara sebesar 4,42 persen dan inflasi kabupaten/kota y-on-y tertinggi terjadi di Kabupaten Deli Serdang sebesar 5,79 persen.","Inflasi y-on-y pada bulan Agustus 2025 sebesar 2,31 persen. Inflasi provinsi y-on-y tertinggi terjadi di Provinsi Sumatera Utara sebesar 4,42 persen dan inflasi kabupaten/kota y-on-y tertinggi terjadi di Kabupaten Deli Serdang sebesar 5,79 persen. Pada Agustus 2025 terjadi inflasi year-on-year (y...",196
2458,2025-09-01,2025,2.7,Statistik Ekonomi,Harga,Harga-Harga,"Indeks Harga Perdagangan Besar (IHPB) Umum Nasional Agustus 2025 naik 2,03 persen (y-on y).","Indeks Harga Perdagangan Besar (IHPB) Umum Nasional Agustus 2025 naik 2,03 persen (y-on y). Pada Agustus 2025, perubahan Indeks Harga Perdagangan Besar (IHPB) Umum Nasional tahun ke tahun (y-on-y) sebesar 2,03 persen terhadap IHPB Agustus 2024. Kenaikan IHPB tertinggi terjadi pada Seksi Hasil Per...",135
2457,2025-09-01,2025,2.6,Statistik Ekonomi,Perdagangan Internasional,Perdagangan Internasional dan Neraca Pembayaran,"Ekspor dan Impor Indonesia Juli 2025 masing-masing tercatat USD 24,75 miliar dan USD 20,57 miliar","Ekspor dan Impor Indonesia Juli 2025 masing-masing tercatat USD 24,75 miliar dan USD 20,57 miliar Nilai ekspor Indonesia Januari–Juli 2025 mencapai US$160,16 miliar atau naik 8,03 persen dibanding periode yang sama tahun 2024. Sejalan dengan total ekspor, nilai ekspor nonmigas yang mencapai US$15...",160
2455,2025-08-05,2025,2.1,Statistik Ekonomi,Statistik Makroekonomi,Neraca Ekonomi,"Ekonomi Indonesia Triwulan II-2025 Tumbuh 4,04 Persen (Q-to-Q); 5,12 Persen (Y-on-Y); Semester I-2025 Tumbuh 4,99 Persen (C-to-C).","Ekonomi Indonesia Triwulan II-2025 Tumbuh 4,04 Persen (Q-to-Q); 5,12 Persen (Y-on-Y); Semester I-2025 Tumbuh 4,99 Persen (C-to-C). Perekonomian Indonesia berdasarkan besaran Produk Domestik Bruto (PDB) atas dasar harga berlaku triwulan II-2025 mencapai Rp5.947,0 triliun dan atas dasar harga konst...",194
2503,2025-08-01,2025,2.4.1,Statistik Ekonomi,Statistik Sektoral,"Pertanian, Kehutanan, Perikanan","Pada Juni 2025, luas panen jagung pipilan sebesar 0,26 juta hektare. Produksi jagung pipilan kering dengan kadar air 14 persen pada Juni 2025 sebanyak 1,53 juta ton.","Pada Juni 2025, luas panen jagung pipilan sebesar 0,26 juta hektare. Produksi jagung pipilan kering dengan kadar air 14 persen pada Juni 2025 sebanyak 1,53 juta ton. Luas panen jagung pipilan pada Juni 2025 sebesar 0,26 juta hektare, mengalami kenaikan sebesar 0,08 juta hektare atau 41,57 persen ...",121
2502,2025-08-01,2025,2.4.1,Statistik Ekonomi,Statistik Sektoral,"Pertanian, Kehutanan, Perikanan","Pada Juni 2025, luas panen padi sebesar 0,79 juta hektare dengan produksi padi diperkirakan sebanyak 3,96 juta ton gabah kering giling (GKG).","Pada Juni 2025, luas panen padi sebesar 0,79 juta hektare dengan produksi padi diperkirakan sebanyak 3,96 juta ton gabah kering giling (GKG). Pada Juni 2025, luas panen padi sebesar 0,79 juta hektare dengan produksi padi diperkirakan sebanyak 3,96 juta ton gabah kering giling (GKG). Jika dikonver...",64
2454,2025-08-01,2025,2.4.4,Statistik Ekonomi,Statistik Sektoral,Transportasi,"Penumpang angkutan sungai/danau/penyeberangan Juni 2025 naik 25,35 persen jadi 4,8 juta. - Barang via laut Jan–Jun 2025 capai 242,1 juta ton, naik 22,40 persen dibandingkan periode sebelumnya tahun 2024.","Penumpang angkutan sungai/danau/penyeberangan Juni 2025 naik 25,35 persen jadi 4,8 juta. - Barang via laut Jan–Jun 2025 capai 242,1 juta ton, naik 22,40 persen dibandingkan periode sebelumnya tahun 2024. Jumlah penumpang angkutan udara domestik yang berangkat pada Juni 2025 sebanyak 5,0 juta oran...",306
2453,2025-08-01,2025,2.7,Statistik Ekonomi,Harga,Harga-Harga,"Nilai Tukar Petani  Juli 2025 sebesar 122,64 atau naik 0,76 persen","Nilai Tukar Petani Juli 2025 sebesar 122,64 atau naik 0,76 persen Nilai Tukar Petani (NTP) Juli 2025 sebesar 122,64 atau naik 0,76 persen. Transaksi penjualan beras di penggilingan di 33 provinsi selama Juli 2025, tercatat transaksi beras kualitas premium 36,53 persen, kualitas medium 52,79 perse...",149
2452,2025-08-01,2025,2.7,Statistik Ekonomi,Harga,Harga-Harga,"Harga Produsen Mengalami Inflasi 0,42 Persen di Triwulan II-2025.","Harga Produsen Mengalami Inflasi 0,42 Persen di Triwulan II-2025. Indeks Harga Produsen (IHP) umum sembilan sektor pada triwulan II-2025 naik 0,42 persen terhadap triwulan I-2025 (q-to-q) dan naik 2,55 persen terhadap triwulan II-2024 (y-on-y). IHP Sektor Pertanian, Kehutanan, dan Perikanan triwu...",233
2451,2025-08-01,2025,2.7,Statistik Ekonomi,Harga,Harga-Harga,"Pada Juli 2025, perubahan Indeks Harga Perdagangan Besar (IHPB) Umum Nasional tahun ke tahun sebesar 1,89 persen.","Pada Juli 2025, perubahan Indeks Harga Perdagangan Besar (IHPB) Umum Nasional tahun ke tahun sebesar 1,89 persen. Pada Juli 2025, perubahan Indeks Harga Perdagangan Besar (IHPB) Umum Nasional tahun ke tahun (y-on-y) sebesar 1,89 persen terhadap IHPB Juli 2024. Kenaikan IHPB tertinggi terjadi pada...",139
2450,2025-08-01,2025,2.7,Statistik Ekonomi,Harga,Harga-Harga,"Inflasi year-on-year (y-on-y) pada Juli 2025 sebesar 2,37 persen.","Inflasi year-on-year (y-on-y) pada Juli 2025 sebesar 2,37 persen. Pada Juli 2025 terjadi inflasi year-on-year (y-on-y) sebesar 2,37 persen dengan Indeks Harga Konsumen (IHK) sebesar 108,60. Inflasi provinsi y-on-y tertinggi terjadi di Provinsi Papua Selatan sebesar 5,45 persen dengan IHK sebesar ...",125
2449,2025-08-01,2025,2.4.5,Statistik Ekonomi,Statistik Sektoral,Pariwisata,"Pada Juni 2025, wisman mencapai 1,42 juta kunjungan (naik 18,20 persen), wisnus 105,12 juta perjalanan (naik 25,93 persen), wisnas 727,56 ribu perjalanan, dan TPK hotel bintang mencapai 49,98persen (turun 4,71 poin).","Pada Juni 2025, wisman mencapai 1,42 juta kunjungan (naik 18,20 persen), wisnus 105,12 juta perjalanan (naik 25,93 persen), wisnas 727,56 ribu perjalanan, dan TPK hotel bintang mencapai 49,98persen (turun 4,71 poin). Kunjungan wisatawan mancanegara (wisman) pada Juni 2025 mencapai 1,42 juta kunju...",94
2447,2025-08-01,2025,2.6,Statistik Ekonomi,Perdagangan Internasional,Perdagangan Internasional dan Neraca Pembayaran,"Ekspor Juni 2025 mencapai USD 23,44 miliar dan Impor Juni 2025 mencapai USD 19,33 miliar.","Ekspor Juni 2025 mencapai USD 23,44 miliar dan Impor Juni 2025 mencapai USD 19,33 miliar. Nilai impor Indonesia Januari sampai Juni 2025 mencapai USD 115,94 miliar atau naik 5,25 persen dibandingkan periode yang sama tahun sebelumnya. Sejalan dengan total impor, nilai impor nonmigas juga naik 8,6...",78
2519,2025-07-25,2025,3.3.1,Statistik Lingkungan Hidup dan Multi-domain,Statistik Multi-domain,"Kondisi Tempat Tinggal, Kemiskinan, dan Permasalahan Sosial Lintas Sektor","Gini ratio Maret 2025 tercatat sebesar 0,375","Gini ratio Maret 2025 tercatat sebesar 0,375 Pada Maret 2025, tingkat ketimpangan pengeluaran penduduk Indonesia yang diukur menggunakan gini ratio adalah sebesar 0,375. Angka ini menurun 0,006 poin jika dibandingkan dengan gini ratio September 2024 yang sebesar 0,381 dan menurun 0,004 poin jika ...",149
2518,2025-07-25,2025,3.3.1,Statistik Lingkungan Hidup dan Multi-domain,Statistik Multi-domain,"Kondisi Tempat Tinggal, Kemiskinan, dan Permasalahan Sosial Lintas Sektor","Persentase Penduduk Miskin Maret 2025 turun menjadi 8,47 persen.","Persentase Penduduk Miskin Maret 2025 turun menjadi 8,47 persen. Persentase penduduk miskin pada Maret 2025 sebesar 8,47 persen, menurun 0,10 persen poin terhadap September 2024 dan menurun 0,56 persen poin terhadap Maret 2024. Jumlah penduduk miskin pada Maret 2025 sebesar 23,85 juta orang, menu...",154
2501,2025-07-01,2025,2.4.1,Statistik Ekonomi,Statistik Sektoral,"Pertanian, Kehutanan, Perikanan","Luas panen padi di Indonesia pada Mei 2025 diperkirakan mencapai 0,98 juta hektare dengan total produksi sekitar 4,98 juta ton gabah kering giling (GKG).","Luas panen padi di Indonesia pada Mei 2025 diperkirakan mencapai 0,98 juta hektare dengan total produksi sekitar 4,98 juta ton gabah kering giling (GKG). Pada Mei 2025, luas panen padi sebesar 0,98 juta hektare dengan produksi padi diperkirakan sebanyak 4,98 juta ton gabah kering giling (GKG). Ji...",66
2500,2025-07-01,2025,2.4.1,Statistik Ekonomi,Statistik Sektoral,"Pertanian, Kehutanan, Perikanan","Pada Mei 2025, luas panen jagung pipilan sebesar 0,17 juta hektare. Produksi jagung pipilan kering dengan kadar air 14 persen pada Mei 2025 sebanyak 0,98 juta ton.","Pada Mei 2025, luas panen jagung pipilan sebesar 0,17 juta hektare. Produksi jagung pipilan kering dengan kadar air 14 persen pada Mei 2025 sebanyak 0,98 juta ton. Luas panen jagung pipilan pada Mei 2025 sebesar 0,17 juta hektare, mengalami penurunan sebesar 0,03 juta hektare atau 13,26 persen di...",119
2444,2025-07-01,2025,2.7,Statistik Ekonomi,Harga,Harga-Harga,"Nilai Tukar Petani (NTP) Juni 2025 sebesar 121,72 atau naik 0,47 persen.Harga Beras Premium di Penggilingan naik 2,05 persen.","Nilai Tukar Petani (NTP) Juni 2025 sebesar 121,72 atau naik 0,47 persen.Harga Beras Premium di Penggilingan naik 2,05 persen. NTP nasional Juni 2025 sebesar 121,72 atau naik 0,47 persen dibanding NTP bulan sebelumnya. Kenaikan NTP dikarenakan Indeks Harga yang Diterima Petani (It) mengalami kenai...",265
2443,2025-07-01,2025,2.7,Statistik Ekonomi,Harga,Harga-Harga,"Pada Juni 2025, perubahan Indeks Harga Perdagangan Besar(IHPB) Umum Nasional tahun ke tahun sebesar 1,36 persen.","Pada Juni 2025, perubahan Indeks Harga Perdagangan Besar(IHPB) Umum Nasional tahun ke tahun sebesar 1,36 persen. Pada Juni 2025, perubahan Indeks Harga Perdagangan Besar (IHPB) Umum Nasional tahun ke tahun (y-on-y) sebesar 1,36 persen terhadap IHPB Juni 2024. Kenaikan IHPB tertinggi terjadi pada ...",136
2442,2025-07-01,2025,2.4.5,Statistik Ekonomi,Statistik Sektoral,Pariwisata,"Kunjungan wisatawan mancanegara (wisman) pada Mei 2025 mencapai 1,31 juta kunjungan, naik 14,01 persen (y-on-y).","Kunjungan wisatawan mancanegara (wisman) pada Mei 2025 mencapai 1,31 juta kunjungan, naik 14,01 persen (y-on-y). Kunjungan wisatawan mancanegara (wisman) pada Mei 2025 mencapai 1,31 juta kunjungan, naik 14,01 persen (y-on-y). Jumlah perjalanan wisatawan nusantara (wisnus) pada Mei 2025 mencapai 9...",78
2441,2025-07-01,2025,2.7,Statistik Ekonomi,Harga,Harga-Harga,"Inflasi y-on-y pada bulan Juni 2025 sebesar 1,87%. Inflasi provinsiy-on-y tertinggi terjadi di Provinsi Papua Selatan sebesar 3,00%dan inflasi kabupaten/kota y-on-y tertinggi terjadi di Luwuk sebesar 4,00% .","Inflasi y-on-y pada bulan Juni 2025 sebesar 1,87%. Inflasi provinsiy-on-y tertinggi terjadi di Provinsi Papua Selatan sebesar 3,00%dan inflasi kabupaten/kota y-on-y tertinggi terjadi di Luwuk sebesar 4,00% . Pada Juni 2025 terjadi inflasi year-on-year (y-on-y) sebesar 1,87 persen dengan Indeks Ha...",205
2440,2025-07-01,2025,2.4.4,Statistik Ekonomi,Statistik Sektoral,Transportasi,"Pada Mei 2025, penumpang angkutan udara internasional naik 11,05% jadi 1,8 juta orang dibandingkan April. Angkutan barang via kereta capai 6,5 juta ton, naik 10,43% dibandingkan  April.","Pada Mei 2025, penumpang angkutan udara internasional naik 11,05% jadi 1,8 juta orang dibandingkan April. Angkutan barang via kereta capai 6,5 juta ton, naik 10,43% dibandingkan April. Jumlah penumpang angkutan udara domestik yang berangkat pada Mei 2025 sebanyak 4,5 juta orang atau turun 16,65 p...",264
2439,2025-07-01,2025,2.6,Statistik Ekonomi,Perdagangan Internasional,Perdagangan Internasional dan Neraca Pembayaran,"Ekspor Mei 2025 mencapai US$24,61 miliar dan Impor Mei 2025 mencapai US$20,31 miliar.","Ekspor Mei 2025 mencapai US$24,61 miliar dan Impor Mei 2025 mencapai US$20,31 miliar. Nilai ekspor Indonesia Januari–Mei 2025 mencapai US$111,98 miliar atau naik 6,98 persen dibanding periode yang sama tahun 2024. Sejalan dengan total ekspor, nilai ekspor nonmigas yang mencapai US$106,06 miliar j...",132
2499,2025-06-02,2025,2.4.1,Statistik Ekonomi,Statistik Sektoral,"Pertanian, Kehutanan, Perikanan","Pada April 2025, luas panen padi sebesar 1,65 juta hektare dengan produksi padi diperkirakan sebanyak 9,09 juta ton gabah kering giling (GKG).","Pada April 2025, luas panen padi sebesar 1,65 juta hektare dengan produksi padi diperkirakan sebanyak 9,09 juta ton gabah kering giling (GKG). Pada April 2025, luas panen padi sebesar 1,65 juta hektare dengan produksi padi diperkirakan sebanyak 9,09 juta ton gabah kering giling (GKG). Jika dikonv...",64
2498,2025-06-02,2025,2.4.1,Statistik Ekonomi,Statistik Sektoral,"Pertanian, Kehutanan, Perikanan","Pada April 2025, luas panen jagung pipilan sebesar 0,23 juta hektare. Produksi jagung pipilan kering dengan kadar air 14 persen pada April 2025 sebanyak 1,27 juta ton.","Pada April 2025, luas panen jagung pipilan sebesar 0,23 juta hektare. Produksi jagung pipilan kering dengan kadar air 14 persen pada April 2025 sebanyak 1,27 juta ton. Luas panen jagung pipilan pada April 2025 sebesar 0,23 juta hektare, mengalami penurunan sebesar 0,06 juta hektare atau 19,28 per...",119
2489,2025-06-02,2025,2.6,Statistik Ekonomi,Perdagangan Internasional,Perdagangan Internasional dan Neraca Pembayaran,"Indeks Harga Ekspor Mengalami Inflasi 2,77 Persen di Triwulan I-2025 (Q-to-Q), sedangkan Indeks Harga Impor Mengalami Inflasi 2,69 Persen di Triwulan I-2025 (Q-to-Q).","Indeks Harga Ekspor Mengalami Inflasi 2,77 Persen di Triwulan I-2025 (Q-to-Q), sedangkan Indeks Harga Impor Mengalami Inflasi 2,69 Persen di Triwulan I-2025 (Q-to-Q). Indeks Harga Ekspor (IHX) umum pada triwulan I-2025 naik 2,77 persen terhadap triwulan IV-2024 (q-to-q) dan naik 6,04 persen terha...",149
2438,2025-06-02,2025,2.4.4,Statistik Ekonomi,Statistik Sektoral,Transportasi,"Jumlah penumpang angkutan laut dalam negeri yang berangkat pada April 2025 sebanyak 3,2 juta orang atau naik 29,39 persen dibandingkan dengan Maret 2025.","Jumlah penumpang angkutan laut dalam negeri yang berangkat pada April 2025 sebanyak 3,2 juta orang atau naik 29,39 persen dibandingkan dengan Maret 2025. Jumlah penumpang angkutan udara domestik yang berangkat pada April 2025 sebanyak 5,4 juta orang atau naik 26,72 persen dibandingkan dengan Mare...",261
2437,2025-06-02,2025,2.7,Statistik Ekonomi,Harga,Harga-Harga,"Nilai Tukar Petani (NTP) Mei 2025 sebesar 121,15 atau naik 0,07 persen. Harga Beras Premium di Penggilingan turun 0,35 persen","Nilai Tukar Petani (NTP) Mei 2025 sebesar 121,15 atau naik 0,07 persen. Harga Beras Premium di Penggilingan turun 0,35 persen NTP nasional Mei 2025 sebesar 121,15 atau naik 0,07 persen dibanding NTP bulan sebelumnya. Kenaikan NTP dikarenakan Indeks Harga yang Diterima Petani (It) mengalami penuru...",269
2436,2025-06-02,2025,2.4.5,Statistik Ekonomi,Statistik Sektoral,Pariwisata,"Kunjungan wisatawan mancanegara (wisman) pada April 2025 mencapai 1,16 juta kunjungan, naik 9,15 persen (y-on-y).","Kunjungan wisatawan mancanegara (wisman) pada April 2025 mencapai 1,16 juta kunjungan, naik 9,15 persen (y-on-y). Kunjungan wisatawan mancanegara (wisman) pada April 2025 mencapai 1,16 juta kunjungan, naik 9,15 persen (y-on-y). Jumlah perjalanan wisatawan nusantara (wisnus) pada April 2025 mencap...",78
2435,2025-06-02,2025,2.7,Statistik Ekonomi,Harga,Harga-Harga,"Pada Mei 2025, perubahan Indeks Harga Perdagangan Besar (IHPB) Umum Nasional tahun ke tahun sebesar 1,23 persen.","Pada Mei 2025, perubahan Indeks Harga Perdagangan Besar (IHPB) Umum Nasional tahun ke tahun sebesar 1,23 persen. Pada Mei 2025, perubahan Indeks Harga Perdagangan Besar (IHPB) Umum Nasional tahun ke tahun (y-on-y) sebesar 1,23 persen terhadap IHPB Mei 2024. Kenaikan IHPB tertinggi terjadi pada Se...",140
2434,2025-06-02,2025,2.7,Statistik Ekonomi,Harga,Harga-Harga,"Inflasi Year-on-Year (y-on-y) pada Mei 2025 sebesar 1,60 persen.","Inflasi Year-on-Year (y-on-y) pada Mei 2025 sebesar 1,60 persen. Pada Mei 2025 terjadi inflasi year on year (y-on-y) sebesar 1,60 persen dengan Indeks Harga Konsumen (IHK) sebesar 108,07. Inflasi provinsi y-on-y tertinggi terjadi di Provinsi Papua Pegunungan sebesar 5,75 persen dengan IHK sebesar...",172
2433,2025-06-02,2025,2.6,Statistik Ekonomi,Perdagangan Internasional,Perdagangan Internasional dan Neraca Pembayaran,"Ekspor April 2025 mencapai US$20,74 miliar. Impor April 2025 mencapai US$20,59 miliar.","Ekspor April 2025 mencapai US$20,74 miliar. Impor April 2025 mencapai US$20,59 miliar. Nilai ekspor Indonesia Januari–April 2025 mencapai US$87,36 miliar atau naik 6,65 persen dibanding periode yang sama tahun 2024. Sejalan dengan total ekspor, nilai ekspor nonmigas yang mencapai US$82,56 miliar ...",132
2432,2025-05-05,2025,1.2,Statistik Demografi dan Sosial,Ketenagakerjaan,Tenaga Kerja,"Tingkat Pengangguran Terbuka (TPT) sebesar 4,76 persen. Rata–rata upah buruh sebesar 3,09 juta rupiah.","Tingkat Pengangguran Terbuka (TPT) sebesar 4,76 persen. Rata–rata upah buruh sebesar 3,09 juta rupiah. Jumlah angkatan kerja berdasarkan Survei Angkatan Kerja Nasional (Sakernas) Februari 2025 sebanyak 153,05 juta orang, naik 3,67 juta orang dibanding Februari 2024. Tingkat Partisipasi Angkatan K...",134
2431,2025-05-05,2025,2.1,Statistik Ekonomi,Statistik Makroekonomi,Neraca Ekonomi,"Ekonomi Indonesia Triwulan I-2025 Tumbuh 4,87 Persen (Y-on-Y). Ekonomi Indonesia Triwulan I-2025 Terkontraksi 0,98 Persen (Q-to-Q).","Ekonomi Indonesia Triwulan I-2025 Tumbuh 4,87 Persen (Y-on-Y). Ekonomi Indonesia Triwulan I-2025 Terkontraksi 0,98 Persen (Q-to-Q). Perekonomian Indonesia berdasarkan besaran Produk Domestik Bruto (PDB) atas dasar harga berlaku triwulan I-2025 mencapai Rp5.665,9 triliun dan atas dasar harga konst...",156
2430,2025-05-05,2025,3.3.2,Statistik Lingkungan Hidup dan Multi-domain,Statistik Multi-domain,Gender dan Kelompok Populasi Khusus,"Indeks Ketimpangan Gender (IKG) Indonesia konsisten mengalami penurunan menjadi 0,421, menunjukkan perbaikan dalam kesetaraan gender.","Indeks Ketimpangan Gender (IKG) Indonesia konsisten mengalami penurunan menjadi 0,421, menunjukkan perbaikan dalam kesetaraan gender. Indeks Ketimpangan Gender (IKG) Indonesia 2024 sebesar 0,421, turun 0,026 poin atau lebih dari dua kali lipat dibandingkan penurunan tahun sebelumnya. Perbaikan In...",63
2497,2025-05-02,2025,2.4.1,Statistik Ekonomi,Statistik Sektoral,"Pertanian, Kehutanan, Perikanan","Pada Maret 2025, luas panen padi sebesar 1,67 juta hektare dengan produksi padi diperkirakan sebanyak 8,93 juta ton gabah kering giling (GKG).","Pada Maret 2025, luas panen padi sebesar 1,67 juta hektare dengan produksi padi diperkirakan sebanyak 8,93 juta ton gabah kering giling (GKG). Pada Maret 2025, luas panen padi sebesar 1,67 juta hektare dengan produksi padi diperkirakan sebanyak 8,93 juta ton gabah kering giling (GKG). Jika dikonv...",64
2496,2025-05-02,2025,2.4.1,Statistik Ekonomi,Statistik Sektoral,"Pertanian, Kehutanan, Perikanan","Pada Maret 2025, luas panen jagung pipilan sebesar 0,29 juta hektare dan Produksi jagung pipilan kering dengan kadar air 14 persen pada Maret 2025 diperkirakan sebanyak 1,63 juta ton.","Pada Maret 2025, luas panen jagung pipilan sebesar 0,29 juta hektare dan Produksi jagung pipilan kering dengan kadar air 14 persen pada Maret 2025 diperkirakan sebanyak 1,63 juta ton. Luas panen jagung pipilan pada Maret 2025 sebesar 0,29 juta hektare, mengalami penurunan sebesar 73,18 ribu hekta...",123
2429,2025-05-02,2025,2.7,Statistik Ekonomi,Harga,Harga-Harga,"Inflasi Year-on-Year (y-on-y) April 2025 sebesar 1,95 persen. Inflasi provinsi y-on-y tertinggi terjadi di Provinsi Papua Pegunungan sebesar 5,96 persen","Inflasi Year-on-Year (y-on-y) April 2025 sebesar 1,95 persen. Inflasi provinsi y-on-y tertinggi terjadi di Provinsi Papua Pegunungan sebesar 5,96 persen Pada April 2025 terjadi inflasi year on year (y-on-y) sebesar 1,95 persen dengan Indeks Harga Konsumen (IHK) sebesar 108,47. Inflasi provinsi y-...",142
2428,2025-05-02,2025,2.4.4,Statistik Ekonomi,Statistik Sektoral,Transportasi,"Jumlah penumpang angkutan laut dalam negeri yang berangkat pada Maret 2025 sebanyak 2,5 juta orang atau naik 23,90 persen dibandingkan dengan Februari 2025.","Jumlah penumpang angkutan laut dalam negeri yang berangkat pada Maret 2025 sebanyak 2,5 juta orang atau naik 23,90 persen dibandingkan dengan Februari 2025. Jumlah penumpang angkutan udara domestik yang berangkat pada Maret 2025 sebanyak 4,3 juta orang atau turun 2,57 persen dibandingkan dengan F...",261
2427,2025-05-02,2025,2.7,Statistik Ekonomi,Harga,Harga-Harga,"Nilai Tukar Petani (NTP) April 2025 sebesar 121,06 atau turun 2,15 persen. Harga Beras Premium di Penggilingan turun 1,21 persen.","Nilai Tukar Petani (NTP) April 2025 sebesar 121,06 atau turun 2,15 persen. Harga Beras Premium di Penggilingan turun 1,21 persen. NTP nasional April 2025 sebesar 121,06 atau turun 2,15 persen dibanding NTP bulan sebelumnya. Penurunan NTP dikarenakan Indeks Harga yang Diterima Petani (It) mengalam...",141
2426,2025-05-02,2025,2.7,Statistik Ekonomi,Harga,Harga-Harga,"Pada April 2025, perubahan Indeks Harga Perdagangan Besar (IHPB) Umum Nasional tahun ke tahun sebesar 1,63 persen.","Pada April 2025, perubahan Indeks Harga Perdagangan Besar (IHPB) Umum Nasional tahun ke tahun sebesar 1,63 persen. Pada April 2025, perubahan Indeks Harga Perdagangan Besar (IHPB) Umum Nasional tahun ke tahun (y-on-y) sebesar 1,63 persen terhadap IHPB April 2024. Kenaikan IHPB tertinggi terjadi p...",141
2425,2025-05-02,2025,2.7,Statistik Ekonomi,Harga,Harga-Harga,"Harga Produsen Mengalami Inflasi 1,36 Persen di Triwulan I-2025.","Harga Produsen Mengalami Inflasi 1,36 Persen di Triwulan I-2025. Indeks Harga Produsen (IHP) umum sembilan sektor pada triwulan I-2025 naik 1,36 persen terhadap triwulan IV-2024 (q-to-q) dan naik 2,77 persen terhadap triwulan I-2024 (y-on-y). IHP Sektor Pertanian, Kehutanan, dan Perikanan triwula...",233
2424,2025-05-02,2025,2.4.5,Statistik Ekonomi,Statistik Sektoral,Pariwisata,"Kunjungan wisatawan mancanegara (wisman) melalui pintu masuk utama pada Maret 2025 mencapai 841,03 ribu kunjungan, turun 2,18 persen (y-on-y).","Kunjungan wisatawan mancanegara (wisman) melalui pintu masuk utama pada Maret 2025 mencapai 841,03 ribu kunjungan, turun 2,18 persen (y-on-y). Kunjungan wisatawan mancanegara (wisman) melalui pintu masuk utama pada Maret 2025 mencapai 841,03 ribu kunjungan, turun 2,18 persen (y-on-y). Jumlah perj...",86
2423,2025-04-21,2025,2.6,Statistik Ekonomi,Perdagangan Internasional,Perdagangan Internasional dan Neraca Pembayaran,"Ekspor Maret 2025 mencapai US$23,25 miliar, naik 5,95 persen dibanding Februari 2025. Impor Maret 2025 senilai US$18,92 miliar, naik 0,38 persen dibanding Februari 2025.","Ekspor Maret 2025 mencapai US$23,25 miliar, naik 5,95 persen dibanding Februari 2025. Impor Maret 2025 senilai US$18,92 miliar, naik 0,38 persen dibanding Februari 2025. Nilai impor Indonesia Maret 2025 mencapai US$18,92 miliar, naik 0,38 persen dibandingkan Februari 2025. Dibanding Maret 2024, n...",85
2495,2025-04-08,2025,2.4.1,Statistik Ekonomi,Statistik Sektoral,"Pertanian, Kehutanan, Perikanan","Pada Februari 2025, luas panen padi sebesar 0,76 juta hektare dengan produksi padi diperkirakan sebesar 3,88 juta ton gabah kering giling (GKG).","Pada Februari 2025, luas panen padi sebesar 0,76 juta hektare dengan produksi padi diperkirakan sebesar 3,88 juta ton gabah kering giling (GKG). Pada Februari 2025, luas panen padi sebesar 0,76 juta hektare dengan produksi padi diperkirakan sebesar 3,88 juta ton gabah kering giling (GKG). Jika di...",63
2494,2025-04-08,2025,2.4.1,Statistik Ekonomi,Statistik Sektoral,"Pertanian, Kehutanan, Perikanan","Pada Februari 2025, luas panen jagung pipilan sebesar 0,33 juta hektare. Produksi jagung pipilan kering dengan kadar air 14 persen pada Februari 2025 diperkirakan sebanyak 1,86 juta ton.","Pada Februari 2025, luas panen jagung pipilan sebesar 0,33 juta hektare. Produksi jagung pipilan kering dengan kadar air 14 persen pada Februari 2025 diperkirakan sebanyak 1,86 juta ton. Luas panen jagung pipilan pada Februari 2025 sebesar 0,33 juta hektare, mengalami kenaikan sebesar 0,18 juta h...",122
2422,2025-04-08,2025,2.7,Statistik Ekonomi,Harga,Harga-Harga,"Nilai Tukar Petani (NTP) Maret 2025 sebesar 123,72 atau naik 0,22persen.Harga Beras Premium di Penggilingan naik 0,98 persen.","Nilai Tukar Petani (NTP) Maret 2025 sebesar 123,72 atau naik 0,22persen.Harga Beras Premium di Penggilingan naik 0,98 persen. NTP nasional Maret 2025 sebesar 123,72 atau naik 0,22 persen dibanding NTP bulan sebelumnya. Kenaikan NTP dikarenakan kenaikan Indeks Harga yang Diterima Petani (It) sebes...",271
2421,2025-04-08,2025,2.4.5,Statistik Ekonomi,Statistik Sektoral,Pariwisata,"Tingkat Penghunian Kamar di hotel bintang mengalami penurunan dari 48,38 persen pada Januari 2025 menjadi 47,21 persen pada Februari 2025,turun 1,17 poin (m-to-m).","Tingkat Penghunian Kamar di hotel bintang mengalami penurunan dari 48,38 persen pada Januari 2025 menjadi 47,21 persen pada Februari 2025,turun 1,17 poin (m-to-m). Tingkat Penghunian Kamar di hotel bintang mengalami penurunan dari 48,38 persen pada Januari 2025 menjadi 47,21 persen pada Februari ...",73
2420,2025-04-08,2025,2.7,Statistik Ekonomi,Harga,Harga-Harga,"Inflasi Year-on-Year (y-on-y) Maret 2025 sebesar 1,03 persen. Inflasi provinsi y-on-y tertinggi terjadi di Provinsi Papua Pegunungan sebesar 8,05 persen","Inflasi Year-on-Year (y-on-y) Maret 2025 sebesar 1,03 persen. Inflasi provinsi y-on-y tertinggi terjadi di Provinsi Papua Pegunungan sebesar 8,05 persen Pada Maret 2025 terjadi inflasi year on year (y-on-y) sebesar 1,03 persen dengan Indeks Harga Konsumen (IHK) sebesar 107,22. Inflasi provinsi y-...",317
2419,2025-04-08,2025,2.7,Statistik Ekonomi,Harga,Harga-Harga,"Pada Maret 2025, perubahan Indeks Harga Perdagangan Besar (IHPB) Umum Nasional tahun ke tahun sebesar 1,58 persen.","Pada Maret 2025, perubahan Indeks Harga Perdagangan Besar (IHPB) Umum Nasional tahun ke tahun sebesar 1,58 persen. Pada Maret 2025, perubahan Indeks Harga Perdagangan Besar (IHPB) Umum Nasional tahun ke tahun (y-on-y) sebesar 1,58 persen terhadap IHPB Maret 2024. Kenaikan IHPB tertinggi terjadi p...",139
2418,2025-04-08,2025,2.4.4,Statistik Ekonomi,Statistik Sektoral,Transportasi,"Selama Januari–Februari 2025, jumlah penumpang angkutan laut dalam negeri yang berangkat mencapai 4,6 juta orang atau naik 19,34 persen dibanding dengan periode yang sama tahun 2024.","Selama Januari–Februari 2025, jumlah penumpang angkutan laut dalam negeri yang berangkat mencapai 4,6 juta orang atau naik 19,34 persen dibanding dengan periode yang sama tahun 2024. Jumlah penumpang angkutan udara domestik yang berangkat pada Februari 2025 sebanyak 4,4 juta orang atau turun 13,7...",266
2417,2025-03-17,2025,2.6,Statistik Ekonomi,Perdagangan Internasional,Perdagangan Internasional dan Neraca Pembayaran,"Ekspor Februari 2025 mencapai US$21,98 miliar, naik 2,58 persen dibanding Januari 2025. Impor Februari 2025 senilai US$18,86 miliar, naik 5,18 persen dibanding Januari 2025.","Ekspor Februari 2025 mencapai US$21,98 miliar, naik 2,58 persen dibanding Januari 2025. Impor Februari 2025 senilai US$18,86 miliar, naik 5,18 persen dibanding Januari 2025. Nilai impor Indonesia Februari 2025 mencapai US$18,86 miliar, naik 5,18 persen dibandingkan Januari 2025 dan naik 2,30 pers...",85
2493,2025-03-03,2025,2.4.1,Statistik Ekonomi,Statistik Sektoral,"Pertanian, Kehutanan, Perikanan","Pada Januari 2025, luas panen padi sebesar 0,42 juta hektare dengan produksi padi diperkirakan sebesar 2,16 juta ton gabah kering giling (GKG).","Pada Januari 2025, luas panen padi sebesar 0,42 juta hektare dengan produksi padi diperkirakan sebesar 2,16 juta ton gabah kering giling (GKG). Luas panen padi pada Januari 2025 sebesar 0,42 juta hektare, mengalami peningkatan sebanyak 0,12 juta hektare atau 41,84 persen dibandingkan luas panen p...",144
2492,2025-03-03,2025,2.4.1,Statistik Ekonomi,Statistik Sektoral,"Pertanian, Kehutanan, Perikanan","- Pada Januari 2025, Luas Panen Jagung Pipilan Sebesar 0,22 juta hektare.- Produksi Jagung Pipilan Kering dengan Kadar Air 14 Persen pada Januari 2025 Diperkirakan Sebanyak 1,24 juta ton.","- Pada Januari 2025, Luas Panen Jagung Pipilan Sebesar 0,22 juta hektare.- Produksi Jagung Pipilan Kering dengan Kadar Air 14 Persen pada Januari 2025 Diperkirakan Sebanyak 1,24 juta ton. Luas panen jagung pipilan pada Januari 2025 sebesar 0,22 juta hektare, mengalami kenaikan sebesar 0,13 juta h...",123
2488,2025-03-03,2025,2.6,Statistik Ekonomi,Perdagangan Internasional,Perdagangan Internasional dan Neraca Pembayaran,"Indeks Harga Ekspor inflasi 2,13 persen dan Indeks Harga Impor inflasi 1,60 persen pada triwulan iv 2024 (q to q)","Indeks Harga Ekspor inflasi 2,13 persen dan Indeks Harga Impor inflasi 1,60 persen pada triwulan iv 2024 (q to q) Indeks Harga Ekspor (IHX) umum pada triwulan IV-2024 naik 2,13 persen terhadap triwulan III-2024 (q-to-q) dan naik 3,79 persen terhadap triwulan IV-2023 (y-on-y). IHX kelompok migas t...",219
2416,2025-03-03,2025,2.7,Statistik Ekonomi,Harga,Harga-Harga,"Nilai Tukar Petani (NTP) Februari 2025 sebesar 123,45 atau turun 0,18 persen. Harga Beras Premium di Penggilingan turun 0,25 persen.","Nilai Tukar Petani (NTP) Februari 2025 sebesar 123,45 atau turun 0,18 persen. Harga Beras Premium di Penggilingan turun 0,25 persen. Nilai Tukar Petani (NTP) adalah perbandingan indeks harga yang diterima petani (It) terhadap indeks harga yang dibayar petani (Ib). NTP merupakan salah satu indikat...",327
2415,2025-03-03,2025,2.7,Statistik Ekonomi,Harga,Harga-Harga,"Pada Februari 2025, perubahan Indeks Harga Perdagangan Besar (IHPB) Umum Nasional tahun ke tahun sebesar 1,30 persen","Pada Februari 2025, perubahan Indeks Harga Perdagangan Besar (IHPB) Umum Nasional tahun ke tahun sebesar 1,30 persen Pada Februari 2025, perubahan Indeks Harga Perdagangan Besar (IHPB) Umum Nasional tahun ke tahun (y-on-y) sebesar 1,30 persen terhadap IHPB Februari 2024. Kenaikan IHPB tertinggi t...",135
2413,2025-03-03,2025,2.4.4,Statistik Ekonomi,Statistik Sektoral,Transportasi,"Jumlah penumpang angkutan laut dalam negeri pada Januari 2025 tercatat 2,5 juta orang atau naik 4,48 persen dibandingkan dengan Desember 2024.","Jumlah penumpang angkutan laut dalam negeri pada Januari 2025 tercatat 2,5 juta orang atau naik 4,48 persen dibandingkan dengan Desember 2024. Jumlah penumpang angkutan udara domestik yang berangkat pada Januari 2025 sebanyak 5,1 juta orang atau turun 10,18 persen dibandingkan dengan kondisi pada...",153
2410,2025-03-03,2025,2.7,Statistik Ekonomi,Harga,Harga-Harga,"Inflasi Year-on-Year (y-on-y) Februari 2025  sebesar -0,09 persen","Inflasi Year-on-Year (y-on-y) Februari 2025 sebesar -0,09 persen Pada Februari 2025 terjadi deflasi year on year (y-on-y) sebesar 0,09 persen dengan Indeks Harga Konsumen (IHK) sebesar 105,48. Deflasi provinsi y-on-y terdalam terjadi di Provinsi Papua Barat sebesar 1,98 persen dengan IHK sebesar ...",299
2409,2025-02-17,2025,2.6,Statistik Ekonomi,Perdagangan Internasional,Perdagangan Internasional dan Neraca Pembayaran,"Ekspor Januari 2025 mencapai US$21,45 miliar, turun 8,56persen dibandingkan dengan Desember 20242. Impor Januari 2025 senilai US$18,00 miliar, turun 15,18persen dibandingkan dengan Desember 2024","Ekspor Januari 2025 mencapai US$21,45 miliar, turun 8,56persen dibandingkan dengan Desember 20242. Impor Januari 2025 senilai US$18,00 miliar, turun 15,18persen dibandingkan dengan Desember 2024 Nilai ekspor Indonesia Januari 2025 mencapai US$21,45 miliar atau turun 8,56 persen dibanding ekspor D...",133
2408,2025-02-05,2025,2.1,Statistik Ekonomi,Statistik Makroekonomi,Neraca Ekonomi,"Ekonomi Indonesia Tahun 2024 Tumbuh 5,03 Persen (C-to-C). Ekonomi Indonesia Triwulan IV-2024 Tumbuh 5,02 Persen (Y-on-Y). Ekonomi Indonesia Triwulan IV-2024 Tumbuh 0,53 Persen (Q-to-Q).","Ekonomi Indonesia Tahun 2024 Tumbuh 5,03 Persen (C-to-C). Ekonomi Indonesia Triwulan IV-2024 Tumbuh 5,02 Persen (Y-on-Y). Ekonomi Indonesia Triwulan IV-2024 Tumbuh 0,53 Persen (Q-to-Q). Perekonomian Indonesia 2024 yang diukur berdasarkan Produk Domestik Bruto (PDB) atas dasar harga berlaku mencap...",223
2414,2025-02-03,2025,2.4.1,Statistik Ekonomi,Statistik Sektoral,"Pertanian, Kehutanan, Perikanan","Pada 2024, luas panen padi mencapai sekitar 10,05 juta hektare dengan produksi padi sebanyak 53,14 juta ton gabah kering giling (GKG).","Pada 2024, luas panen padi mencapai sekitar 10,05 juta hektare dengan produksi padi sebanyak 53,14 juta ton gabah kering giling (GKG). Luas panen padi pada 2024 mencapai sekitar 10,05 juta hektare, mengalami penurunan sebanyak 167,57 ribu hektare atau 1,64 persen dibandingkan luas panen padi di 2...",112
2412,2025-02-03,2025,2.4.1,Statistik Ekonomi,Statistik Sektoral,"Pertanian, Kehutanan, Perikanan","Pada 2024, luas panen jagung pipilan mencapai 2,55 juta hektare. Produksi jagung pipilan kering dengan kadar air 14 persen pada 2024 sebanyak 15,14 juta ton.","Pada 2024, luas panen jagung pipilan mencapai 2,55 juta hektare. Produksi jagung pipilan kering dengan kadar air 14 persen pada 2024 sebanyak 15,14 juta ton. Luas panen jagung pipilan pada 2024 mencapai 2,55 juta hektare, mengalami kenaikan sebesar 72,56 ribu hektare atau 2,93 persen dibandingkan...",115
2407,2025-02-03,2025,2.4.5,Statistik Ekonomi,Statistik Sektoral,Pariwisata,"Kunjungan wisatawan mancanegara (wisman) pada Desember 2024 mencapai 1,24 juta kunjungan, naik 8,72 persen year-on-year (y-o-y).","Kunjungan wisatawan mancanegara (wisman) pada Desember 2024 mencapai 1,24 juta kunjungan, naik 8,72 persen year-on-year (y-o-y). Kunjungan wisatawan mancanegara (wisman) pada Desember 2024 mencapai 1,24 juta kunjungan, naik 8,72 persen (y-on-y). Jumlah perjalanan wisatawan nusantara (wisnus) pada...",79
2406,2025-02-03,2025,2.7,Statistik Ekonomi,Harga,Harga-Harga,"Inflasi Year-on-Year (y-on-y) Januari 2025 sebesar 0,76 persen.","Inflasi Year-on-Year (y-on-y) Januari 2025 sebesar 0,76 persen. Pada Januari 2025 terjadi inflasi year on year (y-on-y) sebesar 0,76 persen dengan Indeks Harga Konsumen (IHK) sebesar 105,99. Inflasi provinsi y-on-y tertinggi terjadi di Provinsi Papua Pegunungan sebesar 4,55 persen dengan IHK sebe...",304
2405,2025-02-03,2025,2.4.4,Statistik Ekonomi,Statistik Sektoral,Transportasi,"Penumpang angkutan udara domestik yang berangkat pada Desember 2024 naik 19,29% dari November, sedangkan angkutan barang meningkat 9,82% dibanding bulan sebelumnya","Penumpang angkutan udara domestik yang berangkat pada Desember 2024 naik 19,29% dari November, sedangkan angkutan barang meningkat 9,82% dibanding bulan sebelumnya Jumlah penumpang angkutan udara domestik yang berangkat pada Desember 2024 sebanyak 5,9 juta orang atau naik 19,29 persen dibanding k...",260
2404,2025-02-03,2025,2.7,Statistik Ekonomi,Harga,Harga-Harga,"Pada Januari 2025, perubahan Indeks Harga Perdagangan Besar (IHPB) Umum Nasional tahun ke tahun sebesar 2,11 persen.","Pada Januari 2025, perubahan Indeks Harga Perdagangan Besar (IHPB) Umum Nasional tahun ke tahun sebesar 2,11 persen. Pada Januari 2025, perubahan Indeks Harga Perdagangan Besar (IHPB) Umum Nasional tahun ke tahun (y-on-y) sebesar 2,11 persen terhadap IHPB Januari 2024. Kenaikan IHPB tertinggi ter...",138
2403,2025-02-03,2025,2.7,Statistik Ekonomi,Harga,Harga-Harga,"Nilai Tukar Petani (NTP) Januari 2025 sebesar 123,68 atau naik 0,73 persen. Harga Beras Premium di Penggilingan naik 0,82 persen.","Nilai Tukar Petani (NTP) Januari 2025 sebesar 123,68 atau naik 0,73 persen. Harga Beras Premium di Penggilingan naik 0,82 persen. Nilai Tukar Petani (NTP) adalah perbandingan indeks harga yang diterima petani (It) terhadap indeks harga yang dibayar petani (Ib). NTP merupakan salah satu indikator ...",317
2402,2025-02-03,2025,2.7,Statistik Ekonomi,Harga,Harga-Harga,"Harga Produsen Mengalami Inflasi 0,59 Persen di Triwulan IV-2024.","Harga Produsen Mengalami Inflasi 0,59 Persen di Triwulan IV-2024. Indeks Harga Produsen (IHP) umum sembilan sektor pada triwulan IV-2024 naik 0,59 persen terhadap triwulan III-2024 (q-to-q) dan naik 1,77 persen terhadap triwulan IV-2023 (y-on-y). IHP Sektor Pertanian, Kehutanan, dan Perikanan tri...",233
2401,2025-01-15,2025,3.3.1,Statistik Lingkungan Hidup dan Multi-domain,Statistik Multi-domain,"Kondisi Tempat Tinggal, Kemiskinan, dan Permasalahan Sosial Lintas Sektor","Persentase Penduduk Miskin September 2024 turun menjadi 8,57 persen.","Persentase Penduduk Miskin September 2024 turun menjadi 8,57 persen. Persentase penduduk miskin pada September 2024 sebesar 8,57 persen, menurun 0,46 persen poin terhadap Maret 2024 dan menurun 0,79 persen poin terhadap Maret 2023. Jumlah penduduk miskin pada September 2024 sebesar 24,06 juta ora...",210
2400,2025-01-15,2025,2.6,Statistik Ekonomi,Perdagangan Internasional,Perdagangan Internasional dan Neraca Pembayaran,"Ekspor Desember 2024 mencapai US$23,46 miliar, turun 2,24 persen dibanding November 2024. Impor Desember 2024 senilai US$21,22 miliar, naik 8,10 persen dibanding November 2024.","Ekspor Desember 2024 mencapai US$23,46 miliar, turun 2,24 persen dibanding November 2024. Impor Desember 2024 senilai US$21,22 miliar, naik 8,10 persen dibanding November 2024. Nilai impor Indonesia Desember 2024 mencapai US$21,22 miliar, naik 8,10 persen dibandingkan November 2024 atau naik 11,0...",84
2399,2025-01-15,2025,3.3.1,Statistik Lingkungan Hidup dan Multi-domain,Statistik Multi-domain,"Kondisi Tempat Tinggal, Kemiskinan, dan Permasalahan Sosial Lintas Sektor","Gini ratio September 2024 tercatat sebesar 0,381","Gini ratio September 2024 tercatat sebesar 0,381 Pada September 2024, tingkat ketimpangan pengeluaran penduduk Indonesia yang diukur menggunakan gini ratio adalah sebesar 0,381. Angka ini meningkat 0,002 poin jika dibandingkan dengan gini ratio Maret 2024 yang sebesar 0,379 dan menurun 0,007 poin...",153
2398,2025-01-02,2025,2.4.4,Statistik Ekonomi,Statistik Sektoral,Transportasi,"Selama Januari–November 2024, jumlah penumpang angkutan laut dalamnegeri naik 27,56 persen dibanding periode yang sama tahun 2023.","Selama Januari–November 2024, jumlah penumpang angkutan laut dalamnegeri naik 27,56 persen dibanding periode yang sama tahun 2023. Jumlah penumpang angkutan udara domestik yang berangkat pada November 2024 sebanyak 4,9 juta orang atau turun 7,45 persen dibanding kondisi pada Oktober 2024. Jumlah ...",257
2397,2025-01-02,2025,2.7,Statistik Ekonomi,Harga,Harga-Harga,"Pada Desember 2024 inflasi Year-on-Year (y-on-y) adalah sebesar 1,57 persen.","Pada Desember 2024 inflasi Year-on-Year (y-on-y) adalah sebesar 1,57 persen. Pada Desember 2024 terjadi inflasi year on year (y-on-y) sebesar 1,57 persen dengan Indeks Harga Konsumen (IHK) sebesar 106,80. Inflasi provinsi y-on-y tertinggi terjadi di Provinsi Papua Pegunungan sebesar 5,36 persen d...",291
2396,2025-01-02,2025,2.7,Statistik Ekonomi,Harga,Harga-Harga,"Pada Desember 2024, perubahan Indeks Harga Perdagangan Besar (IHPB) Umum Nasional tahun ke tahun sebesar 1,98 persen.","Pada Desember 2024, perubahan Indeks Harga Perdagangan Besar (IHPB) Umum Nasional tahun ke tahun sebesar 1,98 persen. Pada Desember 2024, perubahan Indeks Harga Perdagangan Besar (IHPB) Umum Nasional tahun ke tahun (y-on-y) sebesar 1,98 persen terhadap IHPB Desember 2023. Kenaikan IHPB tertinggi ...",129
2395,2025-01-02,2025,2.4.5,Statistik Ekonomi,Statistik Sektoral,Pariwisata,"Kunjungan wisatawan mancanegara (wisman) pada November 2024 mencapai 1,09 juta kunjungan, naik 17,27 persen year-on-year (y-on-y).","Kunjungan wisatawan mancanegara (wisman) pada November 2024 mencapai 1,09 juta kunjungan, naik 17,27 persen year-on-year (y-on-y). Kunjungan wisatawan mancanegara (wisman) pada November 2024 mencapai 1,09 juta kunjungan, naik 17,27 persen (y-on-y). Jumlah perjalanan wisatawan nusantara (wisnus) p...",79
2394,2025-01-02,2025,2.7,Statistik Ekonomi,Harga,Harga-Harga,"Nilai Tukar Petani (NTP) Desember 2024 sebesar 122,78 atau naik 1,23 persen. Harga Gabah Kering Panen di Tingkat Petani naik 0,87 persen dan Harga Beras Premium di Penggilingan naik 1,24 persen.","Nilai Tukar Petani (NTP) Desember 2024 sebesar 122,78 atau naik 1,23 persen. Harga Gabah Kering Panen di Tingkat Petani naik 0,87 persen dan Harga Beras Premium di Penggilingan naik 1,24 persen. Nilai Tukar Petani (NTP) Desember 2024 sebesar 122,78 atau naik 1,23 persen. Harga Gabah Kering Panen ...",62
